,2,3,4,5,6
0,0.9339286804199218,0.12879902839660645,0.08749930381774902,1.101159896850586,0.19913524627685547
1,0.6494694519042968,0.02220252275466919,0.019593896865844725,0.47494503021240236,0.01518643021583557
2,0.40340652465820315,0.012316911220550538,0.015032525062561036,0.13599754333496095,0.014879251718521119
3,0.21152658462524415,0.012869979143142701,0.014776854515075684,0.04076648712158203,0.014858601093292236
4,0.10534651756286621,0.013750014305114746,0.015101867914199828,0.022194662094116212,0.015024850368499756
5,0.05762636184692383,0.01414583444595337,0.014833534955978394,0.016604572534561157,0.014788602590560912
6,0.034096412658691407,0.014495834112167358,0.014917641878128052,0.015181056261062621,0.014875771999359131
7,0.02297130346298218,0.014894564151763916,0.015179793834686279,0.014828282594680785,0.015092201232910156
8,0.018883434534072877,0.014908294677734375,0.014566148519515992,0.014907466173171997,0.014963414669036865
9,0.01630447506904602,0.015212850570678711,0.015133482217788697,0.015175468921661377,0.014717378616333009
10,0.015925780534744263,0.015022799968719483,0.014917080402374267,0.014855892658233642,0.01498516321182251
11,0.015228322744369506,0.014930428266525268,0.014878177642822265,0.014736909866333008,0.014856609106063843
12,0.01479244589805603,0.015259772539138794,0.01487354040145874,0.01510819911956787,0.014979817867279054
13,0.015156160593032836,0.014983974695205689,0.014913138151168823,0.014773273468017578,0.014752150774002075
14,0.014920507669448852,0.015126018524169922,0.01484423279762268,0.014996079206466674,0.015057637691497802
15,0.014780541658401489,0.015182973146438598,0.015057705640792847,0.014888492822647094,0.014891737699508667
16,0.014968869686126708,0.014650841951370239,0.014810504913330079,0.014779574871063232,0.01491593599319458
17,0.014804073572158814,0.015154787302017213,0.015036203861236573,0.014992632865905763,0.015082836151123047
18,0.01491299033164978,0.015061837434768677,0.014817391633987426,0.01486469030380249,0.014789600372314454
19,0.015010830163955689,0.015102211236953735,0.014976099729537964,0.01496299147605896,0.014846905469894409
20,0.014835171699523926,0.014937744140625,0.014973264932632447,0.015039782524108886,0.015056577920913696
21,0.014869649410247803,0.014986538887023925,0.01485368013381958,0.014803084135055542,0.014963692426681519
22,0.014930919408798218,0.014973442554473877,0.014823591709136963,0.014807912111282349,0.014869645833969117
23,0.015065873861312867,0.01489153027534485,0.014937610626220703,0.015027188062667847,0.01490735650062561
24,0.014766680002212524,0.015009300708770752,0.014945226907730102,0.01497241735458374,0.014986183643341065
25,0.014880493879318238,0.014994372129440308,0.014908381700515748,0.014773311614990235,0.0149767005443573
26,0.014835977554321289,0.014786481857299805,0.014983505010604858,0.014990530014038085,0.01490363359451294
27,0.015049759149551391,0.01499191164970398,0.01485706090927124,0.0150570809841156,0.014828839302062989
28,0.014859282970428466,0.014884343147277832,0.015069500207901002,0.014816635847091674,0.015083833932876586
29,0.014698408842086792,0.015096654891967773,0.014858409166336059,0.014851306676864623,0.014705625772476196
30,0.015108089447021484,0.014693111181259155,0.014895554780960083,0.015074906349182128,0.0150493323802948
31,0.01481392502784729,0.015020232200622558,0.014999705553054809,0.0148151695728302,0.01501503586769104
32,0.01500032901763916,0.014866394996643066,0.015039666891098022,0.014924397468566894,0.014924255609512329
33,0.014770877361297608,0.014945096969604492,0.014887595176696777,0.0150689697265625,0.015026561021804809
34,0.014989956617355346,0.014876446723937987,0.014883263111114502,0.014800859689712524,0.014801023006439208
35,0.01497484564781189,0.014980632066726684,0.01492593765258789,0.014867205619812012,0.015133377313613892
36,0.014758882522583007,0.01496852159500122,0.014863218069076539,0.014942818880081176,0.01487505555152893
37,0.015195180177688599,0.014851998090744018,0.015005156993865967,0.015069849491119384,0.015105096101760864
38,0.014616068601608277,0.015143022537231446,0.014899569749832153,0.014958462715148925,0.01480791687965393
39,0.014909923076629639,0.014820847511291504,0.014811328649520873,0.014841222763061523,0.014979381561279297
40,0.01503604531288147,0.014868834018707276,0.014987986087799072,0.014977147579193115,0.015019059181213379
41,0.01482959270477295,0.01500404953956604,0.015007387399673461,0.014846044778823852,0.014948636293411255
42,0.014966915845870971,0.015008907318115234,0.01494093656539917,0.014841467142105103,0.015002421140670776
43,0.01493550419807434,0.014927117824554444,0.014976627826690674,0.015196928977966309,0.0149634850025177
44,0.014766557216644287,0.014753358364105225,0.014766829013824463,0.014940235614776611,0.014898653030395509
45,0.015020617246627808,0.015004019737243652,0.014946540594100952,0.014669039249420167,0.015043163299560547
46,0.014857012033462524,0.014903603792190552,0.015098142623901366,0.015155457258224488,0.01486345887184143
47,0.014955620765686035,0.014899669885635377,0.014900816679000855,0.014973267316818237,0.014968262910842895
48,0.014942858219146728,0.014894614219665528,0.014904308319091796,0.014707098007202149,0.015256412029266357
49,0.014740875959396361,0.015069513320922852,0.014870638847351075,0.015075398683547974,0.014913272857666016
50,0.015048753023147583,0.01488025426864624,0.014882818460464478,0.014853490591049194,0.01488669753074646
51,0.01498917579650879,0.014978408813476562,0.014969978332519531,0.014855613708496094,0.01490454912185669
52,0.014829057455062866,0.014887425899505615,0.014823864698410034,0.015033756494522094,0.014982627630233765
53,0.014936496019363404,0.014844484329223633,0.01497395396232605,0.015055809020996094,0.01491714358329773
54,0.014838900566101074,0.015132404565811157,0.015065381526947022,0.014887690544128418,0.014889380931854247
55,0.014955945014953613,0.014860000610351563,0.01493950843811035,0.01502558946609497,0.015114468336105347
56,0.014937366247177125,0.015054465532302856,0.014928730726242066,0.014842004776000976,0.014979864358901978
57,0.014997178316116333,0.014884306192398071,0.014871827363967895,0.014788086414337159,0.015040755271911621
58,0.01480848789215088,0.014846240282058715,0.014950333833694459,0.015040318965911865,0.014919406175613404
59,0.014965375661849975,0.015033891201019287,0.015059036016464234,0.014829000234603882,0.01506259560585022
60,0.014699091911315918,0.014893157482147217,0.014974874258041383,0.014984173774719238,0.014884098768234252
61,0.01490754246711731,0.014903656244277953,0.014836674928665161,0.015007563829421998,0.014849538803100587
62,0.015037760734558106,0.01487152099609375,0.01497269868850708,0.01487207293510437,0.014930559396743774
63,0.014875485897064208,0.014944651126861573,0.015023800134658814,0.014919874668121337,0.01480434775352478
64,0.014845045804977417,0.015080567598342896,0.014853627681732177,0.014890697002410889,0.015087767839431762
65,0.014936501979827882,0.014938857555389404,0.015111812353134156,0.014857414960861206,0.015106189250946044
66,0.01486244797706604,0.014757767915725709,0.014784061908721923,0.015212172269821167,0.014821715354919433
67,0.015137648582458496,0.01506366491317749,0.015012159347534179,0.014791918992996216,0.015025579929351806
68,0.014852136373519897,0.014939707517623902,0.014988901615142823,0.01501236915588379,0.01472806692123413
69,0.014990619421005248,0.01481317639350891,0.014958930015563966,0.01496158242225647,0.015039736032485962
70,0.01496787428855896,0.0149746835231781,0.01477035403251648,0.014856021404266357,0.015210175514221191
71,0.014788973331451415,0.015077847242355346,0.015097882747650147,0.014925540685653686,0.014758195877075195
72,0.01505907416343689,0.014885506629943847,0.015000460147857666,0.01490739107131958,0.015061219930648804
73,0.014922780990600586,0.014815092086791992,0.014868324995040894,0.015094829797744751,0.014951199293136597
74,0.014697318077087402,0.01497275471687317,0.014950711727142334,0.014790080785751343,0.01493308186531067
75,0.01510345458984375,0.015003561973571777,0.014968124628067016,0.014943459033966065,0.015060985088348388
76,0.014754868745803833,0.015027776956558228,0.014941449165344239,0.015045288801193237,0.014822185039520264
77,0.015176787376403808,0.015044134855270386,0.014910622835159301,0.014872959852218627,0.014950472116470336
78,0.014786726236343384,0.014856314659118653,0.014963507652282715,0.015008267164230347,0.01486714243888855
79,0.014793651103973389,0.014913463592529297,0.014926433563232422,0.014820908308029174,0.01493782877922058
80,0.014935953617095947,0.014952586889266968,0.014849094152450561,0.015058937072753907,0.015048054456710815
81,0.015195444822311402,0.014914535284042359,0.015107483863830566,0.015060245990753174,0.014899463653564453
82,0.01493602991104126,0.01488160490989685,0.014769539833068848,0.01475409984588623,0.015123211145401001
83,0.01481655240058899,0.014867081642150878,0.014804964065551757,0.014853280782699586,0.014870587587356567
84,0.014966607093811035,0.01508512258529663,0.015156718492507935,0.014980446100234985,0.01495877981185913
85,0.014854774475097657,0.014928385019302368,0.014885883331298828,0.015137702226638794,0.014867639541625977
86,0.01491774320602417,0.014924639463424682,0.014987339973449707,0.014873342514038086,0.015091650485992432
87,0.014862251281738282,0.01471567988395691,0.014900027513504029,0.014946825504302978,0.014908995628356934
88,0.014923020601272582,0.01519049882888794,0.01487697958946228,0.014959332942962646,0.015016195774078369
89,0.014752830266952515,0.014864106178283692,0.015103050470352174,0.014950538873672486,0.015163388252258301
90,0.01500771164894104,0.014977242946624756,0.01497460961341858,0.014911843538284302,0.014866350889205933
91,0.014901828765869141,0.015022366046905518,0.014838191270828248,0.01511006236076355,0.014915632009506226
92,0.014993736743927002,0.014779638051986694,0.014853596687316895,0.014912989139556885,0.014744412899017335
93,0.014897598028182983,0.014944872856140136,0.014896947145462035,0.015038853883743286,0.014984309673309326
94,0.014934327602386475,0.014869040250778199,0.014981579780578614,0.014949226379394531,0.01502766489982605
95,0.014928771257400513,0.014998291730880737,0.014838035106658936,0.014855411052703858,0.014890999794006347
96,0.014849141836166382,0.014927549362182617,0.015015865564346314,0.015031534433364867,0.014982346296310425
97,0.014992684125900269,0.01494087815284729,0.014930884838104248,0.014815573692321777,0.014838874340057373
98,0.0148824942111969,0.014781827926635743,0.01487409234046936,0.014912744760513305,0.014996856451034546
99,0.014933096170425415,0.014931591749191285,0.01488954782485962,0.0150374174118042,0.015009560585021973
100,0.014871912002563476,0.014990445375442505,0.01508120894432068,0.015066710710525512,0.014982279539108277
101,0.014906084537506104,0.015013648271560669,0.014921561479568482,0.014857289791107177,0.01503505825996399
102,0.014627517461776733,0.015064055919647218,0.014926776885986329,0.015008785724639893,0.015055732727050781
103,0.014985394477844239,0.014820399284362793,0.0150829017162323,0.014949945211410522,0.014914573431015014
104,0.014893831014633178,0.014898940324783325,0.0148597252368927,0.014872907400131226,0.014905791282653808
105,0.015053458213806152,0.015036633014678955,0.014895431995391846,0.01515514612197876,0.015018553733825683
106,0.014884921312332154,0.014900264739990234,0.015046302080154419,0.014815802574157716,0.014971766471862793
107,0.01478975772857666,0.0148087739944458,0.014940224885940552,0.015062813758850097,0.014990198612213134
108,0.014963555335998534,0.015035476684570313,0.014963927268981934,0.0148904287815094,0.014998254776000976
109,0.014871519804000855,0.01486153483390808,0.014844988584518432,0.014986395835876465,0.014900740385055542
110,0.015222272872924804,0.015003230571746826,0.014979703426361084,0.014944477081298828,0.01505517840385437
111,0.014719702005386352,0.01484394669532776,0.01495884895324707,0.01492473840713501,0.014972753524780273
112,0.014826451539993285,0.01508732795715332,0.01484343409538269,0.014755195379257202,0.014961310625076295
113,0.014925330877304077,0.014735711812973023,0.01507314682006836,0.015238927602767944,0.015049538612365722
114,0.014987601041793823,0.015182529687881469,0.014834157228469848,0.014986237287521362,0.014847419261932372
115,0.014868060350418091,0.014850599765777588,0.01498543381690979,0.0149164617061615,0.014892497062683106
116,0.014993429183959961,0.014851949214935302,0.014871281385421754,0.015072476863861085,0.015138860940933228
117,0.014946420192718506,0.015132133960723876,0.0149994957447052,0.014922800064086915,0.01505162000656128
118,0.014887067079544068,0.014747096300125122,0.015125662088394165,0.014963895082473755,0.01489977240562439
119,0.01472752571105957,0.01495214581489563,0.014636973142623902,0.014941046237945557,0.014857741594314576
120,0.015093957185745238,0.014899998903274536,0.014931796789169312,0.014989111423492432,0.014985452890396118
121,0.014914308786392211,0.01488248586654663,0.01499940037727356,0.014930001497268676,0.014954822063446045
122,0.014902249574661255,0.015101382732391358,0.014913092851638794,0.014950528144836425,0.015009633302688598
123,0.014813923835754394,0.015023006200790405,0.01509191632270813,0.014796171188354492,0.014857509136199952
124,0.01515103578567505,0.014616308212280273,0.014838157892227173,0.015023419857025147,0.015036979913711548
125,0.01489967703819275,0.015322600603103637,0.014950222969055176,0.015112868547439574,0.014940440654754639
126,0.014858291149139405,0.014716861248016357,0.014940335750579833,0.014896745681762696,0.014902809858322144
127,0.015008819103240967,0.01476093053817749,0.015047968626022338,0.01495291233062744,0.015013065338134766
128,0.014874557256698609,0.01517576813697815,0.014880810976028442,0.014894872903823853,0.0150527822971344
129,0.014839259386062622,0.014655579328536988,0.015081167221069336,0.015039818286895752,0.014704220294952393
130,0.014882277250289917,0.015225074291229247,0.014912077188491822,0.014975427389144898,0.015253950357437134
131,0.014914207458496094,0.014877783060073852,0.014850102663040161,0.014935715198516846,0.014946353435516358
132,0.014957990646362305,0.015038977861404419,0.014980403184890747,0.014892213344573975,0.014958679676055908
133,0.014994922876358032,0.01465672492980957,0.01471490502357483,0.014956388473510742,0.015004035234451294
134,0.014695463180541992,0.0150583815574646,0.015213240385055542,0.01477768898010254,0.014993458986282349
135,0.015021065473556519,0.015029439926147461,0.014865959882736207,0.01520993709564209,0.014950906038284301
136,0.014843883514404297,0.014840067625045776,0.014926226139068603,0.014770108461380004,0.014953014850616455
137,0.015013929605484009,0.015051759481430053,0.014920790195465088,0.015052695274353028,0.014974873065948486
138,0.014844889640808106,0.014876376390457153,0.014863688945770264,0.014905364513397216,0.01500726819038391
139,0.014949384927749634,0.014805364608764648,0.015038288831710815,0.015041460990905762,0.015052179098129273
140,0.015012379884719849,0.015017364025115967,0.014920303821563721,0.01491876482963562,0.014843786954879762
141,0.014992871284484864,0.014889365434646607,0.014870539903640748,0.014848657846450806,0.014997109174728393
142,0.014877004623413086,0.014935569763183594,0.015125374794006347,0.014950059652328491,0.014928622245788574
143,0.014934642314910889,0.01493638038635254,0.014954022169113158,0.014993823766708374,0.01497622847557068
144,0.014885932207107544,0.01492480754852295,0.014954878091812134,0.015003222227096557,0.014872719049453736
145,0.01504500150680542,0.014907221794128418,0.014975948333740234,0.01501739501953125,0.015026358366012573
146,0.014742523431777954,0.014929704666137696,0.014796541929244995,0.014880175590515137,0.014908943176269531
147,0.014904543161392211,0.014980789422988892,0.014920992851257324,0.014949167966842652,0.01491739511489868
148,0.014987046718597413,0.01507128357887268,0.01498159408569336,0.014889000654220582,0.010800812244415283
149,0.0148685359954834,0.014853373765945435,0.014943006038665772,0.015052636861801147,0.006922665238380432
150,0.014943726062774658,0.014966276884078979,0.013380259275436401,0.014939112663269043,0.00653183400630951
151,0.014685447216033936,0.014858726263046265,0.011535756587982178,0.015046225786209106,0.006533929109573364
152,0.015102359056472779,0.014974051713943481,0.011599047183990479,0.014765874147415162,0.006482192873954773
153,0.01482833743095398,0.014980158805847167,0.011376415491104125,0.015240273475646972,0.006480923891067505
154,0.01505737543106079,0.014853392839431762,0.011398855447769165,0.01477583646774292,0.006489213705062866
155,0.014888458251953125,0.014831032752990723,0.01124947428703308,0.014971243143081665,0.006520137786865234
156,0.014852073192596436,0.014993847608566284,0.011653554439544678,0.014975768327713013,0.00649181067943573
157,0.015081722736358643,0.014761545658111573,0.011326489448547363,0.015025404691696167,0.006494527459144592
158,0.014791343212127685,0.01519343614578247,0.011265087127685546,0.014855204820632935,0.006582333445549011
159,0.01491554856300354,0.014785231351852416,0.011275547742843627,0.0149673593044281,0.006475908160209656
160,0.015067119598388672,0.01494547963142395,0.011339640617370606,0.015053119659423828,0.006533660888671875
161,0.01475327968597412,0.01500902533531189,0.0068433529138565066,0.014902987480163575,0.006517679095268249
162,0.014899615049362182,0.014790431261062623,0.00656333863735199,0.01496534824371338,0.006479959487915039
163,0.015009814500808715,0.01517385482788086,0.00646544337272644,0.015109447240829467,0.006532632112503052
164,0.014776630401611328,0.014945626258850098,0.006466191411018372,0.01479703664779663,0.006475393772125244
165,0.01490702986717224,0.014919352531433106,0.006409024596214294,0.014932844638824463,0.006593986749649048
166,0.014894933700561523,0.014910025596618652,0.0064470434188842775,0.014872473478317261,0.006470972895622254
167,0.015059939622879027,0.014841872453689575,0.006515363454818726,0.015071562528610229,0.006514466404914856
168,0.014821692705154418,0.01474417805671692,0.006476126313209533,0.014949594736099242,0.006497117280960083
169,0.01495039939880371,0.015225390195846558,0.006426414847373963,0.014832180738449097,0.00655400037765503
170,0.014901434183120727,0.014772622585296631,0.0064017665386199955,0.01495630145072937,0.006518304944038391
171,0.01496200919151306,0.015010725259780883,0.006467530727386475,0.015093148946762084,0.006467516422271728
172,0.014849903583526612,0.014917420148849487,0.00646460235118866,0.014951642751693726,0.006495365500450134
173,0.015021308660507202,0.0149434232711792,0.006422831416130066,0.014888970851898194,0.00649638831615448
174,0.014802037477493287,0.014792808294296265,0.0064584845304489135,0.015014339685440064,0.006526543498039245
175,0.014935705661773682,0.015026994943618775,0.006522663235664368,0.014969277381896972,0.006488017439842224
176,0.015080476999282838,0.014985313415527344,0.006518275141716003,0.015030850172042847,0.006512174010276794
177,0.014820623397827148,0.014706192016601562,0.006443249583244323,0.01485540509223938,0.00650242805480957
178,0.015008821487426757,0.015238871574401855,0.006421406269073487,0.014849389791488648,0.0064901065826416015
179,0.014840744733810425,0.014723849296569825,0.00643048882484436,0.015071710348129272,0.006498543024063111
180,0.014869489669799806,0.014923741817474365,0.0064782798290252686,0.01481037974357605,0.0065148681402206424
181,0.014921838045120239,0.015144723653793334,0.006420741081237793,0.014972548484802246,0.006545560956001281
182,0.014915851354598999,0.014774460792541504,0.006431859135627747,0.015114525556564331,0.006497486829757691
183,0.014867217540740966,0.014986017942428589,0.006475356817245484,0.014820910692214966,0.006511943340301514
184,0.014873180389404297,0.014800444841384888,0.0064541643857955935,0.014972798824310303,0.006483053565025329
185,0.014987703561782837,0.015085022449493408,0.006452944278717041,0.014968670606613159,0.006525470614433288
186,0.014914525747299194,0.014960825443267822,0.006422529816627502,0.014961442947387694,0.006496512293815613
187,0.014925013780593872,0.014945242404937744,0.006485472321510315,0.014876542091369628,0.0065207839012146
188,0.014778732061386109,0.014867918491363525,0.006466376185417175,0.01499375820159912,0.006494920253753662
189,0.015135711431503296,0.014952712059020996,0.00640468955039978,0.014998342990875244,0.006524707674980163
190,0.015006394386291503,0.015022907257080078,0.006495676040649414,0.01481592893600464,0.006618943214416504
191,0.014899015426635742,0.014850536584854126,0.00648984968662262,0.014963573217391968,0.006566917896270752
192,0.014914448261260987,0.01497867465019226,0.006459367871284485,0.015010615587234497,0.006457775831222534
193,0.014766415357589721,0.014898350238800049,0.006505783200263977,0.01482025980949402,0.006574662327766418
194,0.01496137022972107,0.014756907224655152,0.006420392394065857,0.015084121227264404,0.00651589035987854
195,0.014948768615722656,0.015104035139083863,0.006463485956192017,0.014972480535507203,0.006500284075736999
196,0.014843473434448242,0.01496930718421936,0.006452675461769104,0.01500165581703186,0.006494734883308411
197,0.014909318685531615,0.01488622546195984,0.006417690515518188,0.014967232942581177,0.006511954069137574
198,0.014851077795028686,0.015091851949691773,0.006416131258010865,0.015023939609527588,0.0064881622791290285
199,0.015092008113861084,0.014728517532348632,0.006471604108810425,0.014732801914215088,0.006493858695030212
200,0.01482546329498291,0.015035533905029297,0.006481141448020935,0.014992121458053589,0.006514996290206909
201,0.014831541776657105,0.015012906789779663,0.006460537314414978,0.015008195638656616,0.00650871992111206
202,0.015097652673721313,0.014785122871398926,0.006451420783996582,0.014942835569381713,0.006517361402511596
203,0.01486724853515625,0.014988100528717041,0.006509245038032531,0.014914556741714477,0.0065077924728393554
204,0.014827260971069336,0.015018410682678222,0.006477683782577515,0.01493154764175415,0.006484752297401428
205,0.015008201599121094,0.015183522701263427,0.006438597440719605,0.01510182499885559,0.0064928275346755986
206,0.01489702582359314,0.014721709489822387,0.006454412341117859,0.014809550046920776,0.006512627601623535
207,0.014925645589828491,0.015065096616744995,0.0064360517263412475,0.01496826410293579,0.006532654166221619
208,0.015020236968994141,0.01498584508895874,0.006478488445281982,0.015048074722290038,0.006512460112571716
209,0.01485284924507141,0.015044773817062379,0.006447319388389588,0.01498121976852417,0.006496571898460388
210,0.01487890124320984,0.014701650142669678,0.00645792543888092,0.014760987758636475,0.00654441773891449
211,0.014961481094360352,0.01498612880706787,0.006467969417572022,0.014998880624771118,0.006484211683273316
212,0.01482173204421997,0.014878289699554443,0.006459627747535706,0.014999595880508422,0.006527780294418335
213,0.015034239292144775,0.014991477727890015,0.006450421214103699,0.014808523654937743,0.006509853005409241
214,0.015027205944061279,0.014936585426330567,0.0064585602283477785,0.014875918626785278,0.006521512866020203
215,0.014751319885253905,0.015039923191070557,0.006480084657669067,0.01501930594444275,0.006492792963981629
216,0.014915978908538819,0.014699132442474365,0.006499046683311463,0.015084753036499024,0.006511433720588684
217,0.014952564239501953,0.015090233087539673,0.006455135345458984,0.014425723552703858,0.006514565944671631
218,0.015014365911483765,0.014987310171127319,0.006425002217292785,0.010004891157150269,0.006557607054710388
219,0.014930493831634521,0.014816224575042725,0.0064137929677963255,0.007742134928703308,0.0065545934438705445
220,0.014961252212524414,0.014849727153778075,0.00648125410079956,0.006849703192710876,0.006487734913825989
221,0.014877057075500489,0.014917058944702149,0.006540747284889221,0.006525049805641174,0.006533493995666504
222,0.014720569849014282,0.014887564182281494,0.006503656506538391,0.00643258273601532,0.006611070036888123
223,0.01503936767578125,0.015124543905258178,0.006500020027160645,0.006448758840560913,0.006489052772521973
224,0.014948770999908448,0.014898945093154908,0.006446471810340882,0.00648787260055542,0.006499286890029907
225,0.015043474435806274,0.01489225149154663,0.0065218651294708255,0.0064347791671752926,0.006527316570281982
226,0.014739068746566773,0.014974842071533203,0.006453096866607666,0.006436783671379089,0.006511577367782593
227,0.014942344427108765,0.014926437139511108,0.0064376193284988404,0.006411835551261902,0.0065323090553283695
228,0.014903563261032104,0.014949005842208863,0.006494100093841553,0.006384921669960022,0.006507411003112793
229,0.014996984004974366,0.014893561601638794,0.006466036438941955,0.006488167047500611,0.006557478308677673
230,0.014802253246307373,0.014876707792282104,0.006455541849136353,0.006460479497909546,0.006500608921051025
231,0.015076119899749756,0.015002450942993163,0.006500588655471802,0.006431072950363159,0.006802499890327453
232,0.014894616603851319,0.014805892705917359,0.0064470148086547855,0.0065157169103622434,0.006496885418891906
233,0.01491492509841919,0.015100996494293212,0.0064562797546386715,0.006453654766082764,0.0064925581216812136
234,0.014724148511886597,0.014828020334243774,0.006436612606048584,0.006465944051742553,0.006506348848342895
235,0.015149577856063842,0.015023754835128784,0.006459599137306213,0.006437429189682007,0.00655932605266571
236,0.014835909605026246,0.015051052570343018,0.006476345658302307,0.0064378583431243894,0.006471155881881714
237,0.015012053251266479,0.014940428733825683,0.006487414836883545,0.006469747424125672,0.006474528312683105
238,0.01475317120552063,0.014890224933624267,0.006445566415786743,0.006506580114364624,0.0065155595541000364
239,0.015010465383529664,0.014862915277481079,0.006442053914070129,0.006462042331695557,0.0065198630094528195
240,0.015017706155776977,0.014967763423919677,0.006456236839294433,0.006473916172981262,0.006510477662086487
241,0.014802544116973878,0.014907152652740478,0.006469359993934632,0.006497681736946106,0.006552600264549255
242,0.014776828289031983,0.014844472408294678,0.006437256932258606,0.006509702801704407,0.006539545059204102
243,0.015048218965530396,0.015101683139801026,0.0064652347564697265,0.00647455096244812,0.006514201760292053
244,0.01492861270904541,0.01492798089981079,0.006429989337921143,0.0064870303869247435,0.006510838270187378
245,0.014971511363983154,0.014728598594665528,0.006515225768089295,0.006422048211097717,0.006499515175819397
246,0.014917974472045898,0.01506559133529663,0.006491660475730896,0.006481889486312866,0.006467333436012268
247,0.014918831586837768,0.015013490915298461,0.006470462083816528,0.006431487202644348,0.0064962971210479736
248,0.014900809526443482,0.014960514307022095,0.006469563245773315,0.006445667147636414,0.0064995050430297855
249,0.014888050556182862,0.014861679077148438,0.00647125244140625,0.006549210548400879,0.006535002589225769
250,0.014894230365753174,0.014944238662719727,0.006495875716209412,0.006477345824241638,0.006495724320411682
251,0.01495114803314209,0.014815671443939209,0.006456747055053711,0.0063939857482910156,0.0065174555778503415
252,0.014962238073349,0.01500909686088562,0.006497442126274109,0.006508609652519226,0.006514245271682739
253,0.014840610027313232,0.01494217038154602,0.006452082991600037,0.0064512151479721065,0.006482025980949402
254,0.014737242460250854,0.01487625002861023,0.006514498591423034,0.006446714401245117,0.006506343483924866
255,0.015137224197387696,0.015127801895141601,0.006464095711708069,0.006433367133140564,0.006482030153274536
256,0.014773844480514527,0.014885613918304444,0.006440480351448059,0.006506046056747436,0.0064909964799880985
257,0.014976691007614135,0.014769186973571777,0.006472562551498413,0.0064750808477401734,0.006503417491912842
258,0.014881606101989747,0.015057213306427002,0.006496958732604981,0.006388856768608093,0.006544392704963684
259,0.014943159818649292,0.014936244487762452,0.00653493344783783,0.0064933478832244875,0.006517075300216675
260,0.01490236520767212,0.014821009635925293,0.006434316039085388,0.006501477360725403,0.006476143598556519
261,0.014994491338729859,0.014987744092941284,0.006454854607582093,0.006443914771080017,0.006520767211914063
262,0.01485826015472412,0.014947417974472046,0.006513243913650513,0.006422044038772583,0.006560415029525757
263,0.0150188410282135,0.014937614202499389,0.006455731391906738,0.006449770927429199,0.006467726230621338
264,0.014969350099563598,0.014729610681533813,0.006464312672615051,0.006427597999572754,0.006512579917907715
265,0.014794653654098511,0.015014461278915404,0.00646512508392334,0.006443673968315125,0.006573615670204163
266,0.014928089380264282,0.015065276622772216,0.006418446302413941,0.006426856517791748,0.0065185874700546265
267,0.014991437196731567,0.014819427728652954,0.006415510177612304,0.006447203159332275,0.006527414917945862
268,0.014979044198989868,0.01483885407447815,0.0064412903785705565,0.006492891907691955,0.006499305963516235
269,0.014680001735687256,0.014962810277938842,0.006472733616828918,0.006504198312759399,0.006462721228599548
270,0.015236704349517823,0.015128191709518433,0.006448727250099182,0.006517691016197205,0.006603772640228271
271,0.014658417701721192,0.014694248437881469,0.006472731828689575,0.006438807845115662,0.006607938408851623
272,0.014886298179626466,0.015136122703552246,0.006393265128135681,0.0064295423030853276,0.006511541604995727
273,0.015049042701721192,0.014776514768600464,0.006499220728874207,0.00646072268486023,0.006523662805557251
274,0.015029759407043456,0.015077617168426514,0.006430638432502747,0.0064625686407089235,0.006522442698478698
275,0.014668810367584228,0.014851789474487304,0.006481301784515381,0.006413061022758484,0.0065245735645294185
276,0.014928605556488037,0.015040241479873658,0.00645967960357666,0.006454547047615051,0.006537085175514221
277,0.015030717849731446,0.014794882535934448,0.006428114771842956,0.006466144919395447,0.0065920096635818486
278,0.01490756630897522,0.015056921243667603,0.0064423573017120365,0.006439498066902161,0.006486411094665527
279,0.014790762662887574,0.01481064796447754,0.006468706727027893,0.006460402011871338,0.006523582935333252
280,0.015046489238739014,0.014737637042999267,0.006410170197486877,0.006443164348602295,0.006511677503585816
281,0.014916815757751466,0.015167540311813355,0.006460415124893188,0.00646487295627594,0.006500380039215088
282,0.014976177215576172,0.01500201940536499,0.006396599411964417,0.006393484473228454,0.006496413946151734
283,0.014827250242233277,0.014812248945236205,0.006562548875808716,0.0064611279964447025,0.006531116962432862
284,0.014950379133224487,0.01492462158203125,0.006423527002334594,0.006484442353248596,0.006478973627090454
285,0.014821469783782959,0.014915841817855834,0.006404901146888733,0.006474865078926087,0.00651635468006134
286,0.01514046549797058,0.015013545751571655,0.0064474141597747805,0.006443858742713928,0.006527799963951111
287,0.014768990278244019,0.015018206834793092,0.006435689926147461,0.006447485685348511,0.0065378546714782715
288,0.015052155256271363,0.014658368825912475,0.006454927921295166,0.006476812958717346,0.006572362184524536
289,0.014931565523147583,0.01519115924835205,0.00640440583229065,0.006477962732315063,0.006510204076766968
290,0.014817850589752197,0.014762014150619507,0.006374927163124084,0.006430277824401856,0.006504997611045837
291,0.014902225732803344,0.014808735847473144,0.006424152851104736,0.006393589973449707,0.006543177366256714
292,0.014910485744476318,0.015228465795516968,0.006517300009727478,0.006441600918769837,0.006536118984222412
293,0.015072851181030274,0.014746795892715454,0.006467198133468628,0.0064101099967956545,0.006537371277809143
294,0.014705047607421876,0.014963117837905883,0.006436797380447387,0.006425826549530029,0.006506773233413696
295,0.014993548393249512,0.014983305931091309,0.0064615350961685185,0.0064602744579315185,0.006454268097877502
296,0.015014052391052246,0.014805231094360351,0.00643103539943695,0.006375060081481933,0.006535536050796509
297,0.014913822412490845,0.015004459619522095,0.00641027569770813,0.006475597620010376,0.006527960300445557
298,0.01489803671836853,0.015160815715789795,0.006448419690132141,0.006463639736175537,0.006516276597976684
299,0.01490998148918152,0.014828522205352784,0.006388364434242249,0.006395636200904846,0.0064996820688247685
300,0.01479456663131714,0.014831513166427612,0.006361677050590515,0.0064568215608596805,0.006582855582237244
301,0.015120382308959962,0.015099892616271973,0.006427761316299439,0.006495068669319153,0.0065059751272201535
302,0.014746307134628297,0.01476923942565918,0.006404269933700562,0.006427509188652039,0.006500887274742126
303,0.015148743391036987,0.015021141767501831,0.006428678631782532,0.006434094905853271,0.006528770327568054
304,0.01479606032371521,0.014973782300949097,0.006429525017738342,0.0064896541833877565,0.006525741219520569
305,0.01481952428817749,0.014824706315994262,0.006421927809715271,0.0064291530847549435,0.0065574395656585694
306,0.015083717107772827,0.01509552001953125,0.006324614882469177,0.006393804550170899,0.006516045928001404
307,0.014831985235214234,0.014899673461914063,0.006453195214271545,0.006463339924812317,0.00649332582950592
308,0.01491958498954773,0.01488025426864624,0.006485204696655273,0.006454054117202759,0.006561327576637268
309,0.014982717037200928,0.014803948402404786,0.0064172673225402835,0.006466223001480103,0.006548234820365905
310,0.01482282519340515,0.015119177103042603,0.0065038371086120605,0.006453830599784851,0.006473629474639892
311,0.014748046398162842,0.014860985279083251,0.006429253220558167,0.006445241570472718,0.006535021662712097
312,0.015086932182312012,0.015055919885635377,0.006392673254013061,0.006435649394989014,0.006495827436447143
313,0.01484984040260315,0.01494795799255371,0.0064098680019378665,0.0064090508222579955,0.006532942056655884
314,0.014936410188674927,0.01484463095664978,0.0063949161767959594,0.006417032480239868,0.0065388292074203495
315,0.014983973503112792,0.014890986680984496,0.0063493812084198,0.006368368864059448,0.006562386155128479
316,0.014938987493515014,0.0149152672290802,0.00641046941280365,0.006427844762802124,0.006499902009963989
317,0.01492490530014038,0.015073578357696533,0.006406615376472473,0.0064037895202636716,0.006491813063621521
318,0.014750121831893922,0.014859918355941772,0.006415951251983643,0.006353679895401001,0.006502580046653748
319,0.015137319564819335,0.014992920160293579,0.0063721930980682375,0.006490967273712158,0.006510819792747497
320,0.014770705699920655,0.014904794692993164,0.006352497339248657,0.0063701289892196655,0.006540845036506653
321,0.015016810894012451,0.014931708574295044,0.006389953494071961,0.006374496221542359,0.006493878364562988
322,0.01491831660270691,0.014998298883438111,0.0063824975490570065,0.00643828809261322,0.006542977094650269
323,0.014851850271224976,0.01493939757347107,0.006359506249427795,0.006394495964050293,0.006445342898368836
324,0.014866465330123901,0.01487405300140381,0.006390125751495362,0.006318151950836182,0.0065295112133026125
325,0.015155359506607055,0.014868028163909912,0.006366906762123108,0.006403123140335083,0.006479647755622864
326,0.0149271559715271,0.015052253007888794,0.006355168223381042,0.006446294784545899,0.006513426303863526
327,0.014711605310440063,0.014942374229431152,0.006329867243766785,0.006429128050804138,0.0065194636583328245
328,0.01497674584388733,0.014912346601486206,0.006307597756385803,0.006380987167358398,0.006494390964508057
329,0.014886142015457153,0.015160804986953736,0.006369467973709107,0.006364058256149292,0.006494216918945313
330,0.014788429737091064,0.014692851305007935,0.006350765228271485,0.006408337950706482,0.0065674084424972535
331,0.015032254457473755,0.01501770257949829,0.0063023889064788815,0.006371328234672546,0.006480413079261779
332,0.01503291368484497,0.014931133985519408,0.006342047452926635,0.006374717354774475,0.006485168933868408
333,0.014786562919616698,0.014992138147354126,0.0063859522342681885,0.00639859139919281,0.006515321135520935
334,0.014926830530166626,0.0148492431640625,0.006387814879417419,0.006378287076950073,0.00651538074016571
335,0.01497880220413208,0.015003457069396972,0.006348363161087036,0.0064109861850738525,0.006524197459220886
336,0.01504822850227356,0.01499710202217102,0.006385056972503662,0.006546501517295838,0.00649583637714386
337,0.014850208759307862,0.014716171026229859,0.006448752880096435,0.006319777965545654,0.006505063176155091
338,0.01473441481590271,0.014905792474746705,0.006470937132835388,0.0063896882534027095,0.006506336331367493
339,0.015153410434722901,0.014921376705169678,0.006376370787620544,0.0063631761074066165,0.006479917168617249
340,0.01481975793838501,0.015082149505615235,0.0063671344518661495,0.0063758003711700435,0.006522876024246216
341,0.01483950138092041,0.014864681959152222,0.006419463157653809,0.006271122694015503,0.0065253120660781865
342,0.014928605556488037,0.015117151737213135,0.006355983018875122,0.0063647270202636715,0.00654647946357727
343,0.014956207275390624,0.01481250524520874,0.006419808864593506,0.006335100531578064,0.006525402069091797
344,0.014957224130630492,0.015016833543777466,0.006374601125717163,0.006223952770233155,0.006490063667297363
345,0.015023586750030517,0.014837111234664918,0.0063937163352966305,0.006048963069915771,0.00650952696800232
346,0.014719650745391846,0.015050333738327027,0.006349765062332154,0.00629306435585022,0.006521727442741394
347,0.015012481212615968,0.014902697801589966,0.006406089067459106,0.006338149309158325,0.006514372229576111
348,0.014928170442581178,0.014880549907684327,0.006492570638656616,0.006329534649848938,0.006487947106361389
349,0.014974660873413086,0.015056272745132446,0.006374026536941528,0.006215024590492248,0.006572288870811463
350,0.0149212646484375,0.014860152006149293,0.006358224749565124,0.006086670160293579,0.0065331017971038815
351,0.014746859073638915,0.015094531774520874,0.006341215968132019,0.006016223430633545,0.00647495448589325
352,0.01506809115409851,0.014652950763702393,0.006337639689445495,0.005980305671691895,0.00649945080280304
353,0.014677146673202515,0.01521910548210144,0.00633272111415863,0.006148708462715149,0.006499742865562439
354,0.014952597618103027,0.014844000339508057,0.006351654529571533,0.005995913743972779,0.006519069075584412
355,0.01501258373260498,0.015019158124923706,0.0064172703027725216,0.005997147560119629,0.006503255367279053
356,0.014846899509429932,0.014901033639907836,0.006446727514266968,0.005795184969902039,0.006510950326919555
357,0.015042592287063599,0.014761877059936524,0.006329978108406067,0.005867438316345215,0.006556732058525086
358,0.014853734970092774,0.014987162351608276,0.006313421726226807,0.005768113732337952,0.006580410599708557
359,0.015008963346481323,0.014957458972930908,0.006311876177787781,0.005948032140731811,0.006608840227127075
360,0.014640243053436279,0.014957199096679688,0.006337042450904846,0.00589719831943512,0.006515840888023376
361,0.015110206604003907,0.014875568151473999,0.006341871023178101,0.0057193124294281006,0.006523236632347107
362,0.014905176162719726,0.015066417455673218,0.006323690414428711,0.0057200658321380615,0.006530635952949524
363,0.015003739595413209,0.014926425218582152,0.006277618408203125,0.0057514065504074095,0.006516634821891785
364,0.014709522724151611,0.015108472108840943,0.006418209671974182,0.005789783000946045,0.006466106772422791
365,0.015071538686752319,0.01493723750114441,0.006401143670082092,0.005549595952033997,0.0065330034494400025
366,0.014907447099685668,0.014754306077957153,0.006322522759437561,0.005612682700157166,0.006521939635276795
367,0.014946702718734741,0.014779438972473144,0.006309118270874024,0.005541854500770569,0.0065287786722183225
368,0.01489452600479126,0.014957631826400758,0.006266406774520874,0.005580334663391113,0.006476552486419678
369,0.014878437519073487,0.015060147047042846,0.0062675845623016355,0.005467442870140076,0.006537703275680542
370,0.01492560863494873,0.01485493540763855,0.006284608244895935,0.00556570827960968,0.00655515193939209
371,0.01495772361755371,0.014915082454681396,0.0063815367221832274,0.005481838583946228,0.006531824469566345
372,0.01502610683441162,0.014928903579711914,0.006296625137329101,0.005451783537864685,0.006516821384429931
373,0.014926860332489014,0.015067799091339111,0.006345255970954895,0.0053580844402313236,0.006562850475311279
374,0.01490234375,0.014987552165985107,0.00635451078414917,0.005416731238365173,0.006484203338623047
375,0.014842869043350219,0.014907035827636719,0.00634918749332428,0.005318812727928161,0.006463069915771485
376,0.014957830905914307,0.014774559736251832,0.006300604343414307,0.0052641165256500245,0.00650627315044403
377,0.014850701093673707,0.015071932077407837,0.006329746246337891,0.005353484749794007,0.0064745301008224485
378,0.014815411567687987,0.014854456186294556,0.006331123113632202,0.005340256690979004,0.006521186828613281
379,0.01518985152244568,0.015035361051559448,0.00634749174118042,0.005140624046325684,0.006512697339057922
380,0.014771227836608886,0.01501406192779541,0.006277865767478943,0.005190508961677551,0.006514363884925842
381,0.0150536847114563,0.014699877500534057,0.006316245198249817,0.00514095664024353,0.006516036987304688
382,0.014967635869979859,0.015095832347869874,0.006265321373939514,0.005030862689018249,0.006473178267478943
383,0.014730050563812255,0.014929436445236206,0.006304904818534851,0.005078494548797607,0.00654036283493042
384,0.01482708215713501,0.014906492233276367,0.006320165395736694,0.00498726487159729,0.006485471129417419
385,0.014972922801971435,0.014929661750793457,0.00635114073753357,0.005220091342926026,0.0065571671724319455
386,0.01499194860458374,0.014992944002151488,0.006308058500289917,0.005038877129554749,0.006552709341049194
387,0.014984406232833862,0.014738821983337402,0.006305126547813416,0.005105801224708557,0.006488539576530457
388,0.01481222152709961,0.014979952573776245,0.0062811124324798585,0.004977964162826538,0.006540256142616272
389,0.015110204219818115,0.014972552061080932,0.006326559782028198,0.00501146674156189,0.006495017409324646
390,0.014810806512832642,0.015071192979812622,0.006284395456314087,0.005002282261848449,0.006510170102119446
391,0.014891364574432374,0.0147225821018219,0.006270729303359986,0.004984425902366638,0.0065311634540557864
392,0.014940981864929198,0.015030486583709717,0.006396167278289795,0.005122087001800537,0.00653075635433197
393,0.015125205516815185,0.014794124364852905,0.006426423192024231,0.004906734228134155,0.006531262397766113
394,0.014849997758865356,0.014950820207595826,0.006323823928833008,0.005050908923149109,0.006517148613929749
395,0.014822734594345093,0.015101401805877686,0.006291341781616211,0.004931688904762268,0.00652353823184967
396,0.015066889524459838,0.014914605617523193,0.006302148699760437,0.004956412017345428,0.006530784368515015
397,0.014887040853500367,0.014925508499145508,0.006286848187446594,0.004843851923942566,0.006495341062545777
398,0.014828588962554932,0.014805269241333009,0.006379708051681519,0.004948185086250305,0.006516100764274597
399,0.01490532398223877,0.01488019824028015,0.006356019377708435,0.005065475702285767,0.006495741605758667
400,0.01494391679763794,0.015083945989608764,0.0063763481378555295,0.004854400753974915,0.006482737064361572
401,0.01489230513572693,0.015055023431777954,0.006301034092903137,0.004843001961708069,0.006532548666000366
402,0.014927941560745239,0.014825174808502197,0.006250630021095276,0.0048908102512359615,0.006533672213554382
403,0.014798332452774048,0.014930552244186402,0.006276045441627503,0.0048182412981987,0.006479350328445435
404,0.01505797028541565,0.014990402460098267,0.006266182065010071,0.00490504264831543,0.0066046005487442015
405,0.01484821319580078,0.014801275730133057,0.006369885802268982,0.004769039154052734,0.00653632402420044
406,0.015047839879989623,0.015051141977310181,0.006270712018013,0.004777087569236755,0.00646033763885498
407,0.014879789352416992,0.01482088804244995,0.006439034938812256,0.004858923852443695,0.0065069860219955445
408,0.015049684047698974,0.01505764365196228,0.006359154582023621,0.004929872155189514,0.006494073867797851
409,0.014781759977340698,0.014983543157577515,0.006295319795608521,0.004826907813549042,0.006508539319038391
410,0.0147846519947052,0.014972615242004394,0.006314811110496521,0.004700490534305573,0.0064780592918396
411,0.01511228919029236,0.014813278913497924,0.006191233396530152,0.004717981815338135,0.006514995098114013
412,0.014812694787979126,0.015130369663238526,0.0062867414951324465,0.004712852835655213,0.0064854401350021365
413,0.014950969219207765,0.014940556287765503,0.006308155059814453,0.004883250296115875,0.006506153345108032
414,0.014926552772521973,0.014972509145736694,0.006234503388404846,0.004813973903656006,0.006489434242248535
415,0.014944409132003783,0.014937348365783691,0.0063093858957290645,0.00472925066947937,0.006548391580581665
416,0.014949284791946411,0.014829126596450805,0.0062670761346817015,0.004763801991939545,0.006539092659950257
417,0.014866679906845093,0.014916913509368896,0.006300690174102783,0.004724632799625397,0.006521738767623901
418,0.01496090292930603,0.0149082350730896,0.006252834796905518,0.004757095277309418,0.006502577662467956
419,0.014921637773513794,0.014891681671142578,0.006272456645965576,0.00468866229057312,0.006565445065498352
420,0.014897400140762329,0.014966909885406493,0.006318626999855042,0.00472762942314148,0.00651369035243988
421,0.014979424476623536,0.015144051313400268,0.006234362721443176,0.004648747742176056,0.006514685750007629
422,0.014855489730834961,0.014709084033966065,0.006303151249885559,0.004682133197784424,0.006488683819770813
423,0.01491323471069336,0.01495466113090515,0.006327266693115234,0.004767616093158722,0.006525295972824097
424,0.014940911531448364,0.014990983009338378,0.006260179877281189,0.004799816310405731,0.0065054017305374145
425,0.014932636022567749,0.014908034801483155,0.006318899393081665,0.004721516668796539,0.006487880945205689
426,0.014878678321838378,0.015048956871032715,0.00633771538734436,0.004679020345211029,0.006507766842842102
427,0.015093685388565063,0.01486648917198181,0.006322941780090332,0.004632866382598877,0.006553223133087158
428,0.014891084432601929,0.01494903802871704,0.006330537796020508,0.004640705287456513,0.00647534966468811
429,0.014889222383499146,0.014806182384490966,0.006294959187507629,0.004637747704982757,0.006675257086753845
430,0.014902656078338622,0.014915860891342163,0.006323117017745972,0.0046004801988601685,0.00646087110042572
431,0.014904004335403443,0.014967522621154784,0.006293920874595642,0.004649376571178436,0.006489032506942749
432,0.014855589866638184,0.015127450227737427,0.006269738674163818,0.004630672931671143,0.0065184921026229855
433,0.014935077428817748,0.01487442135810852,0.006223626136779785,0.004733659625053406,0.00652069628238678
434,0.014770522117614746,0.014723210334777833,0.006222208738327026,0.004697728753089905,0.006433153748512268
435,0.015080298185348512,0.01502856969833374,0.006229101419448852,0.00461671769618988,0.0065671312808990474
436,0.014964410066604615,0.015060030221939087,0.006211438775062561,0.004621973037719726,0.0065074491500854495
437,0.014887924194335938,0.014864662885665894,0.006264725923538208,0.00462885320186615,0.006585593223571777
438,0.014856189489364624,0.015025910139083862,0.006328977942466736,0.004702450633049011,0.006565110087394715
439,0.015022239685058593,0.014821487665176391,0.006289187073707581,0.004655784666538238,0.006501109600067139
440,0.01502520203590393,0.014940255880355835,0.006290448307991028,0.004664368331432343,0.006520436406135559
441,0.014695558547973633,0.015025573968887328,0.0062246304750442506,0.004659126698970795,0.006581264734268189
442,0.015101172924041749,0.014929195642471313,0.006232113838195801,0.004650501012802124,0.006496648192405701
443,0.014861775636672974,0.014899122714996337,0.006243889331817627,0.004777719974517822,0.00655387282371521
444,0.014929460287094116,0.014814001321792603,0.0062053889036178585,0.004630371630191803,0.0065070641040802
445,0.014934180974960328,0.014941256046295166,0.006215208172798157,0.004633063077926635,0.006518763899803162
446,0.014997653961181641,0.015090354681015015,0.006221867799758911,0.004581877887248993,0.006516302227973938
447,0.014835430383682251,0.014847257137298585,0.006231958866119385,0.004579316973686218,0.006576041579246521
448,0.014884645938873292,0.014980669021606446,0.00628747820854187,0.004645814895629883,0.006488256454467774
449,0.014783467054367066,0.014906954765319825,0.006230169534683227,0.004712145924568176,0.00650895893573761
450,0.015049153566360473,0.014702467918395997,0.006350880265235901,0.004650670289993286,0.006554651856422424
451,0.015071139335632325,0.015065933465957642,0.0062828707695007325,0.004604366719722748,0.006535741090774536
452,0.01485173225402832,0.01492646336555481,0.006221401691436768,0.004540671110153199,0.0065695720911026
453,0.014772605895996094,0.015079104900360107,0.006289765238761902,0.00462196409702301,0.006488167047500611
454,0.014984651803970336,0.014745992422103883,0.006239351034164429,0.004549725949764252,0.006508051753044129
455,0.014826935529708863,0.015029478073120116,0.006263453960418702,0.004714452028274536,0.00651918113231659
456,0.014914593696594237,0.014900075197219849,0.006278546452522278,0.004600464105606079,0.0065123546123504635
457,0.01511069893836975,0.015015863180160523,0.006225764751434326,0.004586302042007447,0.00649460256099701
458,0.01477497696876526,0.014832942485809327,0.006375529170036316,0.004550131261348725,0.006576708555221558
459,0.014912559986114501,0.014983137845993042,0.006240214705467224,0.004661278128623963,0.0064817160367965695
460,0.014907137155532837,0.014956364631652832,0.006261851787567139,0.004629288315773011,0.006531161665916443
461,0.015032646656036376,0.014783831834793091,0.006241104006767273,0.004589662253856659,0.006523464322090149
462,0.01491376280784607,0.015064080953598022,0.006184355616569519,0.004620801210403442,0.00650165319442749
463,0.014769041538238525,0.014894516468048095,0.006225411891937256,0.0045559161901474,0.006535242199897766
464,0.014950270652770997,0.015022246837615967,0.006176348924636841,0.00461639255285263,0.006489694118499756
465,0.014739886522293091,0.014736392498016358,0.00620634913444519,0.004627208113670349,0.00656897783279419
466,0.015242422819137574,0.014939466714859009,0.006205502152442932,0.004665776193141937,0.006535822749137879
467,0.014807392358779908,0.014839348793029785,0.006185843944549561,0.004611877501010895,0.006518527269363404
468,0.014990168809890746,0.015138623714447021,0.006173734664916992,0.00460448294878006,0.006507719159126282
469,0.01491890549659729,0.014934287071228028,0.006243996620178223,0.004577069580554962,0.00648515522480011
470,0.015084022283554077,0.014956684112548828,0.006221945285797119,0.004633315801620483,0.006552092432975769
471,0.01478949785232544,0.014915947914123534,0.006263952851295471,0.004605342745780945,0.006511109471321106
472,0.014967149496078492,0.014846937656402588,0.006238198280334473,0.004580959975719452,0.0065448242425918575
473,0.014814769029617309,0.015124244689941406,0.006264117360115051,0.004601939618587494,0.006493330597877502
474,0.01494452714920044,0.014903916120529175,0.006190195083618164,0.004669823348522186,0.006496085524559021
475,0.014888782501220704,0.014843841791152954,0.006344281435012818,0.004532316029071808,0.006576351523399353
476,0.014905725717544555,0.014919748306274414,0.006208932995796204,0.004662511646747589,0.00654356598854065
477,0.015060639381408692,0.014986333847045898,0.006205445528030396,0.004638207256793976,0.006509405970573426
478,0.014846484661102295,0.015038394927978515,0.006193534135818481,0.004569344818592071,0.006581988334655762
479,0.014984413385391235,0.014884129762649537,0.006181631684303284,0.004604111909866333,0.006470050811767578
480,0.014792494773864746,0.014973145723342896,0.006189165711402893,0.004568727016448975,0.006529916524887085
481,0.0150121009349823,0.014899393320083618,0.006167307496070862,0.0046058595180511475,0.006498804092407226
482,0.010762516260147095,0.015154030323028565,0.006141982078552246,0.004607385396957398,0.00650543212890625
483,0.006951554417610168,0.014579225778579712,0.006190863847732544,0.004540229141712189,0.006506903171539307
484,0.006621178984642029,0.015161522626876832,0.006232766509056091,0.004582397043704987,0.006544936895370484
485,0.006460509300231934,0.014869533777236939,0.006247518062591553,0.004732758104801178,0.006531442403793335
486,0.006466279029846192,0.01488560676574707,0.0061820846796035766,0.0046487882733345035,0.006475043296813965
487,0.006457869410514832,0.014885818958282471,0.006130447387695312,0.00469267725944519,0.00658525824546814
488,0.006452324390411377,0.01502124547958374,0.006167671084403992,0.004567463397979737,0.006539403796195984
489,0.006472957730293274,0.01485735058784485,0.00617220401763916,0.004711930453777313,0.006653451919555664
490,0.006444103717803955,0.015177354812622071,0.006233207583427429,0.0045594778656959534,0.006497374773025513
491,0.006443939208984375,0.014759318828582764,0.006234076023101807,0.0045697340369224545,0.006500381231307984
492,0.006432951092720031,0.015061711072921752,0.006224930286407471,0.004540989696979522,0.006479294896125793
493,0.0064498972892761235,0.014748324155807496,0.006136035323143005,0.004562620520591736,0.0065026193857193
494,0.0064468133449554444,0.015077720880508422,0.006197367906570435,0.004649065136909485,0.006554136276245117
495,0.006440101265907288,0.014874073266983033,0.0061287075281143185,0.004583967328071595,0.006514338254928589
496,0.00647239089012146,0.014947835206985473,0.006219998598098755,0.004607333540916443,0.006488444805145263
497,0.006440789103507995,0.015005558729171753,0.006233645081520081,0.00452554851770401,0.006564468145370483
498,0.006443513035774231,0.01490872621536255,0.006200233101844787,0.004639302790164948,0.0065547144412994385
499,0.006433271765708923,0.015094746351242066,0.006219209432601929,0.004531164467334747,0.006553722023963929
500,0.0064463871717453,0.014635790586471558,0.006143670678138733,0.004574857354164123,0.0064947521686553955
501,0.006436246633529663,0.01513064980506897,0.006191993355751038,0.0045706632733345035,0.0065091073513031
502,0.006420148015022278,0.014734278917312622,0.0062054568529129025,0.004588721990585327,0.006584950685501099
503,0.0064364981651306155,0.015049552917480469,0.006145593523979187,0.0046804195642471316,0.006539545655250549
504,0.006438971161842346,0.014993183612823487,0.006127973198890686,0.004535058736801148,0.006500257849693298
505,0.0064664709568023684,0.014973896741867065,0.006169196367263794,0.00456382155418396,0.006562107801437378
506,0.006443093419075012,0.014901212453842162,0.006192734837532044,0.004635519683361054,0.006476820707321167
507,0.006472560167312622,0.014693893194198608,0.0061171060800552365,0.004539691507816314,0.006542257666587829
508,0.006432833075523376,0.015033425092697143,0.006127611994743347,0.00476301372051239,0.006504073739051819
509,0.0064458554983139035,0.014934587478637695,0.006108947396278382,0.00452489972114563,0.006521074771881103
510,0.006453440189361572,0.014967634677886962,0.0061099791526794435,0.004599593877792359,0.006498938798904419
511,0.006453664898872375,0.014947681427001954,0.006196675300598145,0.004625100195407867,0.006621792912483215
512,0.006441851258277893,0.014708338975906373,0.006081663370132447,0.004548187255859375,0.006538227200508118
513,0.006445156931877136,0.01499454140663147,0.006213056445121765,0.004540612399578095,0.006534589529037476
514,0.006446177363395691,0.015163052082061767,0.00612230122089386,0.004586231112480164,0.006562286615371704
515,0.00645372748374939,0.01473241925239563,0.0061838126182556154,0.004636212885379791,0.006544549465179444
516,0.006477106213569641,0.015210479497909546,0.006164730787277222,0.004519552588462829,0.006521119475364685
517,0.006444911956787109,0.014753137826919555,0.006155061721801758,0.004472936689853668,0.006486814022064209
518,0.006441607475280762,0.014947010278701782,0.006109869480133057,0.004616133868694305,0.006502031683921814
519,0.006456175446510315,0.01503698229789734,0.006117977499961853,0.0045382118225097655,0.006524810194969177
520,0.006468813419342041,0.014944574832916259,0.006162970662117005,0.004549270868301392,0.006503801345825195
521,0.006438006162643433,0.015076277256011962,0.0061679953336715694,0.0045351946353912355,0.006473102569580078
522,0.006441789865493775,0.014758185148239136,0.006182425618171692,0.004528294205665588,0.006504975557327271
523,0.006436002254486084,0.014836065769195557,0.006212078332901001,0.004550782442092896,0.006573699116706848
524,0.006461308598518372,0.015008503198623657,0.006178346872329712,0.004526095986366272,0.006504728794097901
525,0.00646572470664978,0.015073752403259278,0.006101239323616028,0.004578735530376434,0.006477599740028381
526,0.006459631323814392,0.014811360836029052,0.006142377257347107,0.004599350690841675,0.006517236828804016
527,0.006460548639297486,0.014975000619888306,0.006118456721305847,0.004598223865032196,0.0065145957469940185
528,0.006416351199150085,0.014832098484039307,0.006112523674964905,0.004556942880153656,0.006550933122634888
529,0.006464205980300904,0.014997822046279908,0.006130459308624267,0.004524720013141632,0.0065005898475646974
530,0.006406164765357971,0.015050023794174194,0.006117272973060608,0.004588328897953033,0.006510347723960876
531,0.006443410515785218,0.015025957822799682,0.006148542761802673,0.004545216858386994,0.006459848880767822
532,0.006419168710708618,0.014775089025497436,0.006233553886413574,0.00451739251613617,0.006508750915527344
533,0.00643846333026886,0.014798741340637207,0.006080410480499268,0.0046184083819389345,0.0065138286352157595
534,0.006442368626594543,0.015014280080795289,0.006112070679664612,0.004673568606376648,0.006514054536819458
535,0.006407989263534546,0.015046566724777222,0.006133199334144592,0.004753829538822174,0.006555386185646057
536,0.006452257633209228,0.014977638721466064,0.0060705035924911496,0.0045344772934913635,0.006438815593719482
537,0.006411599516868591,0.014962702989578247,0.006105491518974304,0.00461437851190567,0.006501772999763488
538,0.0064440912008285525,0.014893569946289063,0.006170419454574585,0.004560111463069916,0.006505489349365234
539,0.00643539011478424,0.014897643327713013,0.006050622463226319,0.004577701389789582,0.006514156460762024
540,0.006449341177940369,0.0149270498752594,0.006068013906478882,0.004557153284549713,0.006492077708244324
541,0.006415390372276306,0.01477576494216919,0.006209237575531006,0.004574542045593262,0.00657300055027008
542,0.006432921290397644,0.01512374758720398,0.006076122522354126,0.004547787010669708,0.00653103768825531
543,0.006419159173965454,0.014888790845870971,0.006036060452461242,0.0045265784859657284,0.006515812277793884
544,0.006439696550369262,0.015062640905380249,0.006091108918190003,0.004636080265045166,0.006534652709960937
545,0.0065073460340499874,0.014721840620040894,0.006098195314407349,0.004533827900886535,0.006494026184082031
546,0.006430703401565552,0.015063633918762207,0.006126978397369385,0.0045795834064483645,0.006493057012557983
547,0.006422451734542847,0.0148166024684906,0.0060713964700698855,0.00453056812286377,0.006442641019821167
548,0.00644047737121582,0.01505660057067871,0.006038622856140137,0.004477657079696655,0.006554789543151855
549,0.006405900120735168,0.014695340394973755,0.0061677306890487674,0.004598681330680848,0.0064749598503112795
550,0.006405277252197266,0.01506198525428772,0.006043362021446228,0.004593786597251892,0.006573004722595215
551,0.006409873366355896,0.014987998008728028,0.006085195541381836,0.004589526057243347,0.006477013826370239
552,0.006496751308441162,0.015035052299499512,0.006062530279159546,0.0046477803587913515,0.006558692455291748
553,0.00642082691192627,0.014914693832397461,0.006077733635902405,0.004574426412582397,0.00654627799987793
554,0.0064181631803512575,0.014766141176223754,0.006087203621864319,0.004564738571643829,0.006498331427574158
555,0.006426596641540527,0.01500885009765625,0.006059993505477906,0.004570416808128357,0.006507037281990051
556,0.006406377553939819,0.0148203706741333,0.006060242056846619,0.004494087398052215,0.006505231857299804
557,0.006434062719345093,0.014871824979782105,0.0060476547479629515,0.004478792250156402,0.0064941316843032835
558,0.006454687714576721,0.01514506459236145,0.00612140417098999,0.004483466446399689,0.006499136686325073
559,0.006430003046989441,0.014737025499343873,0.006083862781524658,0.004564952850341797,0.0064953285455703735
560,0.006416338682174683,0.015009146928787232,0.006213247179985047,0.00448688805103302,0.00649358868598938
561,0.006446555256843567,0.01481201410293579,0.0061406433582305905,0.00467989981174469,0.006518582105636597
562,0.00648395836353302,0.01503577470779419,0.006064661741256714,0.00457619309425354,0.006537888646125794
563,0.006444372534751892,0.014905484914779664,0.006126818060874939,0.004510800838470459,0.006528456211090088
564,0.006424379944801331,0.015022695064544678,0.0060932481288909915,0.0044913414120674134,0.006480512619018555
565,0.006428701877593994,0.014871441125869751,0.0061381632089614864,0.004531458914279938,0.006495386958122253
566,0.006471894979476929,0.014733469486236573,0.0060146766901016235,0.0044639259576797485,0.0065075701475143435
567,0.006379685997962951,0.015097929239273071,0.006185451745986939,0.004500727355480194,0.00653045117855072
568,0.0063714742660522464,0.014977350234985351,0.00609835684299469,0.004561209678649902,0.006492577195167541
569,0.006400519609451294,0.015018168687820434,0.006103659868240356,0.004497060775756836,0.006588636040687561
570,0.006544935703277588,0.014781757593154907,0.006063410043716431,0.004526247978210449,0.0065417420864105225
571,0.006464848518371582,0.014889651536941528,0.006163277626037598,0.004595302939414978,0.006523680686950683
572,0.006475619077682495,0.01501901149749756,0.006084038615226745,0.00446284681558609,0.006482146382331848
573,0.006485755443572998,0.014914832115173339,0.006052005290985108,0.004572929739952087,0.006478818655014038
574,0.0064419680833816525,0.015012835264205932,0.006082154512405395,0.004528745114803314,0.006490309238433838
575,0.0064184445142745974,0.014926624298095704,0.006085840463638306,0.004530418217182159,0.006531718373298645
576,0.006425852179527283,0.014860919713973998,0.006036509871482849,0.004594935476779938,0.006491419076919556
577,0.006459309458732605,0.014819422960281372,0.006071060299873352,0.0044944027066230775,0.006528359055519104
578,0.006419146060943603,0.014958302974700927,0.00600334107875824,0.004498559534549713,0.006522980332374573
579,0.006404156684875488,0.01512168288230896,0.006051907539367676,0.004480961561203003,0.0065159744024276735
580,0.0064503723382949825,0.014851845502853393,0.006048837304115295,0.004503585696220398,0.006517052054405213
581,0.006449809670448304,0.015059973001480103,0.00601082980632782,0.004525263011455536,0.0065175420045852665
582,0.006465815305709839,0.014810944795608521,0.006140328049659729,0.004450202584266662,0.006455766558647155
583,0.006428985595703125,0.014944456815719605,0.006056562066078186,0.004458716213703156,0.006551876068115235
584,0.006438336372375488,0.014941771030426026,0.006184332370758057,0.004520132839679718,0.0064975422620773314
585,0.0064292573928833,0.01492180347442627,0.006044747233390808,0.004550904035568237,0.006436945199966431
586,0.0064274477958679195,0.014836888313293457,0.006096826791763306,0.004489900171756744,0.006481766700744629
587,0.006413019895553589,0.014917397499084472,0.0060898917913436885,0.004504654109477996,0.006537380218505859
588,0.006449713110923767,0.015081651210784912,0.006080297827720642,0.0044512334465980526,0.006518800258636475
589,0.006401135921478272,0.014778305292129517,0.006043770909309387,0.004436959326267242,0.0064676332473754886
590,0.006455107927322388,0.014997857809066772,0.006088453531265259,0.004494956731796265,0.006498045921325683
591,0.0064089524745941165,0.014927513599395752,0.006043874025344849,0.004515937864780426,0.006511889696121216
592,0.006387050151824951,0.01498001217842102,0.006044042706489563,0.004493212103843689,0.006519508361816406
593,0.006410754919052124,0.014926998615264893,0.006041439175605774,0.004476518332958221,0.006531210541725159
594,0.006429084539413452,0.014819575548171997,0.006105879545211792,0.004459278583526611,0.0065301239490509035
595,0.006387345194816589,0.014925875663757325,0.006043341755867004,0.004436854720115662,0.006544227004051209
596,0.0064033234119415285,0.014972431659698486,0.0060432726144790646,0.004600406289100647,0.0065206122398376466
597,0.006488745212554932,0.015003254413604736,0.0060429894924163815,0.0046027499437332154,0.00650147020816803
598,0.006473597288131714,0.014879753589630127,0.006051689386367798,0.004530563950538635,0.00651168406009674
599,0.006446936130523682,0.014813923835754394,0.006037079691886902,0.004436328113079071,0.0064672881364822386
600,0.006403434276580811,0.014854913949966431,0.006091323494911194,0.004521087110042572,0.006481810212135315
601,0.006474671959877014,0.014999681711196899,0.006003113389015198,0.0044715809822082515,0.00650505781173706
602,0.006455411911010742,0.015164657831192016,0.0060834169387817385,0.004463704228401184,0.006515406370162964
603,0.006400933265686035,0.014755504131317139,0.005990375876426697,0.004482415616512299,0.006504414081573487
604,0.0064124870300292965,0.014905061721801758,0.0060367947816848755,0.004458851516246796,0.006505945920944214
605,0.006405482888221741,0.014975333213806152,0.006077269911766052,0.004478976428508759,0.006462090015411377
606,0.006389593482017517,0.015139420032501221,0.006026163697242737,0.004486327469348908,0.006592579483985901
607,0.006374649405479431,0.014767880439758302,0.005999827980995178,0.004442366063594818,0.006515159010887146
608,0.006388622522354126,0.014945031404495239,0.006002318263053894,0.004438560307025909,0.006516857147216797
609,0.006420817375183106,0.014727941751480102,0.0060182040929794315,0.004487799406051636,0.006496343612670898
610,0.006312161684036255,0.015127723217010497,0.006002393364906311,0.004451835453510284,0.006496601700782776
611,0.0063835781812667846,0.014841854572296143,0.00597586989402771,0.004501947164535522,0.006532665491104126
612,0.006454576849937439,0.014997950792312621,0.00615151047706604,0.004552757143974304,0.006509406566619873
613,0.006397333741188049,0.014805777072906494,0.005992111563682556,0.00451462060213089,0.006493517756462097
614,0.006338674426078796,0.014927613735198974,0.006034948825836182,0.004442754685878753,0.00653751015663147
615,0.006370033025741577,0.015075562000274658,0.0060819011926651,0.004416379630565643,0.00653183400630951
616,0.006464108824729919,0.014706950187683105,0.006077445745468139,0.004469319880008697,0.0064964860677719114
617,0.006417894959449768,0.015085972547531128,0.00600151002407074,0.004615300595760346,0.006509352922439576
618,0.006379756331443787,0.014889397621154786,0.005994915366172791,0.004424875974655152,0.006513726711273193
619,0.006352277398109436,0.014962059259414674,0.006051091551780701,0.004438017010688782,0.0065304023027420045
620,0.006352540850639343,0.014765366315841674,0.006005829572677613,0.004377270936965942,0.006536319851875305
621,0.006366985440254211,0.015063058137893676,0.00602613091468811,0.00444258838891983,0.006548472046852112
622,0.006404662132263183,0.0148984956741333,0.0060118985176086425,0.004466434121131897,0.0065060585737228395
623,0.0064288657903671265,0.014988336563110351,0.005984278917312622,0.0043935286998748775,0.00648912250995636
624,0.006381516456604004,0.014797928333282471,0.006072076559066772,0.004402201771736145,0.006570848226547241
625,0.006397066116333008,0.014974986314773559,0.006112067699432373,0.0044094669818878175,0.006527078151702881
626,0.006387874484062195,0.015081177949905395,0.006103101372718811,0.00444340318441391,0.006551514863967895
627,0.0063528138399124145,0.014839810132980347,0.005969345569610596,0.004371879696846008,0.006496981382369995
628,0.006405743360519409,0.014999017715454102,0.006004337072372436,0.004445337951183319,0.006495696902275086
629,0.006338019967079163,0.014974907636642457,0.006048180460929871,0.004508753716945649,0.0065678530931472775
630,0.006370789408683777,0.014835129976272583,0.006052533388137818,0.004408809542655945,0.006494969725608825
631,0.006354928016662598,0.014940313100814819,0.006113346815109253,0.004424619674682617,0.006521812677383423
632,0.006307910084724426,0.014934056997299194,0.006087188720703125,0.004466498494148255,0.006519375443458557
633,0.006380218267440796,0.014913822412490845,0.005980853438377381,0.004565443098545075,0.006513606309890747
634,0.0063538444042205815,0.014894431829452515,0.006010703444480896,0.004515683352947235,0.006520888805389404
635,0.006341582536697388,0.014992607831954956,0.006008478999137879,0.004462227821350097,0.006486801505088806
636,0.006325032711029053,0.014896223545074463,0.005983529090881348,0.004457044899463653,0.006571673154830933
637,0.006332351565361023,0.014961186647415161,0.005964797139167786,0.004504412710666657,0.006500973105430603
638,0.006365129947662354,0.014993356466293335,0.005992996096611023,0.004483758509159088,0.0065418356657028194
639,0.006416078209877014,0.014806342124938966,0.005947147607803345,0.004490859508514404,0.0065066486597061155
640,0.0063387686014175415,0.015000048875808716,0.00604021966457367,0.004337976574897766,0.006510472893714905
641,0.0063965338468551635,0.014945104122161865,0.006013616919517517,0.0044032222032547,0.006480695605278015
642,0.0063496255874633785,0.014933198690414429,0.005992466807365418,0.004406260251998901,0.006474075317382813
643,0.006439218521118164,0.014802792072296143,0.005969868302345276,0.004462419748306274,0.0065258991718292235
644,0.00639633595943451,0.015104999542236328,0.005981518030166626,0.004430590271949768,0.006513360738754272
645,0.006377108693122864,0.014975450038909911,0.005964341759681702,0.00435718297958374,0.00652475893497467
646,0.0063999748229980466,0.014923624992370606,0.005944210886955261,0.004416839480400086,0.006488305330276489
647,0.006372247934341431,0.014683209657669068,0.006049745082855225,0.0044711801409721376,0.006493251323699951
648,0.0064122283458709715,0.015128318071365356,0.0059764176607131955,0.004445267319679261,0.006508355736732483
649,0.006345525979995727,0.014730557203292846,0.006018744707107544,0.004337356686592102,0.006544459462165832
650,0.006327252388000488,0.015104389190673828,0.0059502339363098145,0.004489212930202484,0.006464072465896606
651,0.006321552395820618,0.01510520577430725,0.005965664386749268,0.004400196075439453,0.006565953493118286
652,0.006368036866188049,0.01474475383758545,0.006077530980110169,0.004360858201980591,0.006530846953392028
653,0.006425207257270813,0.015050855875015258,0.005957609415054322,0.004316138625144958,0.006511157751083374
654,0.006339478492736817,0.014828666448593139,0.006009591221809388,0.004403469860553741,0.006452885270118713
655,0.0063930732011795045,0.014925436973571777,0.00596808671951294,0.00447354644536972,0.0065289664268493655
656,0.006340194940567017,0.01490095853805542,0.005992487072944641,0.004530486166477204,0.0064975136518478395
657,0.006308692097663879,0.0149983549118042,0.005985464453697204,0.004427415728569031,0.006622217297554016
658,0.006341853141784668,0.014905654191970825,0.005948993563652039,0.004376935958862305,0.006482588052749634
659,0.006340363621711731,0.014972954988479614,0.005927905440330505,0.00441912978887558,0.006605606079101562
660,0.006352763772010803,0.014910041093826295,0.006023167967796326,0.0045384433865547184,0.006558278203010559
661,0.00635718822479248,0.015178474187850953,0.005947913527488708,0.004390170872211456,0.0065338069200515745
662,0.006324026584625244,0.01466435432434082,0.006012338995933533,0.004376874268054962,0.006494746208190918
663,0.006331334710121155,0.01513969898223877,0.005944966077804565,0.004376137554645538,0.006490247845649719
664,0.006333120465278626,0.014682685136795043,0.005944257974624634,0.004303449392318725,0.0065420007705688475
665,0.006310674548149109,0.015057263374328613,0.005975804328918457,0.004426008760929107,0.0065209692716598515
666,0.0063127648830413816,0.015063033103942872,0.005933513045310974,0.004374436736106872,0.006510534882545471
667,0.006348637938499451,0.014851734638214112,0.006014134883880615,0.004405207931995392,0.006472634673118591
668,0.006336291432380676,0.015014839172363282,0.00598544955253601,0.004472955167293549,0.006505820155143738
669,0.0063690894842147825,0.014899818897247315,0.00603587806224823,0.004463738799095154,0.006605225205421447
670,0.006350844502449036,0.014924277067184449,0.005943489670753479,0.004418296813964844,0.0065285760164260865
671,0.006384227871894837,0.014877867698669434,0.0059656244516372685,0.004362866282463074,0.00662198007106781
672,0.006337186694145203,0.01482740879058838,0.005977715253829956,0.004382647871971131,0.00647962749004364
673,0.006297321319580078,0.015089380741119384,0.005939816832542419,0.004325381517410278,0.006521109342575073
674,0.006305338144302368,0.014729522466659546,0.005990533828735351,0.004431805312633514,0.006503037810325622
675,0.006445585489273071,0.015172584056854248,0.005983092784881592,0.004376050531864167,0.006482047438621521
676,0.00630558431148529,0.014850841760635376,0.005908744931221008,0.004409066736698151,0.006516651511192322
677,0.00639647662639618,0.014904489517211914,0.0059396415948867794,0.004356242120265961,0.006563255190849304
678,0.006257007718086243,0.014893183708190918,0.0059466040134429935,0.004400656819343567,0.006518245935440064
679,0.006384193301200867,0.015049879550933837,0.005976775884628296,0.004398792684078216,0.006473758220672607
680,0.00631600022315979,0.014722671508789063,0.006024543642997742,0.004431288838386536,0.0065246295928955075
681,0.006356857419013977,0.01472049355506897,0.005952116250991821,0.004316740930080414,0.00647950291633606
682,0.0063711625337600705,0.014948718547821045,0.006012704372406006,0.0044117271900177,0.006507245898246765
683,0.006349624991416931,0.01500653862953186,0.00598271131515503,0.004353044629096985,0.0065261912345886235
684,0.006313856244087219,0.014853171110153197,0.006065603494644165,0.004415507018566131,0.006504606008529663
685,0.006303130984306336,0.01503427505493164,0.005927577614784241,0.004353151023387909,0.00650854229927063
686,0.006340200901031494,0.014937552213668824,0.005926857590675354,0.00436785876750946,0.0064727383852005
687,0.006305395960807801,0.014889272451400757,0.005986066460609436,0.004348651468753815,0.006497991681098938
688,0.006310335993766784,0.015037802457809448,0.0058839601278305054,0.004386942386627197,0.006536592245101929
689,0.006278184652328492,0.01479364037513733,0.005958414077758789,0.004374346733093262,0.006579106450080871
690,0.006310795545578003,0.01498631238937378,0.006020596623420716,0.0043485739827156065,0.0065398353338241575
691,0.006309060454368591,0.015033876895904541,0.005882217288017273,0.004445048570632934,0.006509548425674439
692,0.006362462043762207,0.014874064922332763,0.006043446063995361,0.004721325337886811,0.006542876958847046
693,0.0063814353942871094,0.015036705732345581,0.00595802366733551,0.004376792311668396,0.006497627496719361
694,0.006354849338531494,0.014879080057144166,0.006005107760429383,0.004442667961120606,0.0065459394454956054
695,0.006306948065757751,0.015097959041595459,0.005950520634651184,0.004318488240242005,0.006520254611968994
696,0.006285642981529236,0.014743223190307617,0.006015670299530029,0.004322685003280639,0.006542345285415649
697,0.006387472748756408,0.01488827109336853,0.005989829301834107,0.004370494782924652,0.006504038572311402
698,0.006283701062202453,0.01487045168876648,0.005903850197792053,0.004467306733131409,0.006504969596862793
699,0.0062974470853805545,0.015134211778640747,0.005919320583343506,0.004331585466861725,0.006524372100830078
700,0.006314828991889954,0.014885854721069337,0.005892501473426819,0.004373609125614166,0.006529521942138672
701,0.006279227733612061,0.014834073781967163,0.005923559665679931,0.004350612163543701,0.0065117555856704715
702,0.006288787722587586,0.014970304965972901,0.006105480194091797,0.004297963380813599,0.0064912354946136475
703,0.006283031702041626,0.014574953317642213,0.005934411883354187,0.004353236556053162,0.006461876630783081
704,0.006278882622718811,0.015218209028244018,0.0059208709001541135,0.00432208925485611,0.00650370180606842
705,0.006294304728507996,0.015022116899490356,0.005936571955680847,0.004442689716815948,0.006545620560646057
706,0.006287054419517517,0.014880468845367431,0.0059560126066207884,0.004336292743682861,0.006517899632453919
707,0.006290088891983032,0.015079773664474487,0.005910048484802246,0.00439067929983139,0.006512823700904846
708,0.006329662799835205,0.01473915696144104,0.005881974101066589,0.004451436102390289,0.0064827603101730346
709,0.0062835168838500976,0.015088527202606202,0.005887104868888855,0.004477094709873199,0.006544904112815857
710,0.006315740942955017,0.014936617612838744,0.005878332853317261,0.004436422884464264,0.006505569219589233
711,0.006300932168960572,0.014825782775878905,0.005872498750686645,0.004292853772640228,0.006516023874282837
712,0.006258432269096375,0.014946434497833252,0.005950193405151367,0.004286704659461975,0.006544196009635925
713,0.006282442808151245,0.014890170097351075,0.005909731388092041,0.004351445138454437,0.006513721942901611
714,0.00626523494720459,0.015089399814605713,0.005962985754013062,0.004401637315750122,0.006555959582328796
715,0.0062598872184753416,0.014940272569656372,0.005906639099121094,0.0043771895766258236,0.006502957344055176
716,0.006221597790718078,0.014903841018676757,0.005882982015609741,0.004374955594539642,0.0065506577491760256
717,0.006278545260429382,0.014875092506408692,0.0059128814935684205,0.004276537299156189,0.0065040671825408935
718,0.006278545260429382,0.0149108624458313,0.005874905586242676,0.004298013746738434,0.006522994637489319
719,0.0062738567590713504,0.015004440546035766,0.005872510671615601,0.0042738053202629085,0.006496514678001403
720,0.0063135546445846555,0.01504364013671875,0.005921381711959839,0.0043137937784194945,0.006467087864875793
721,0.006294930577278137,0.014752721786499024,0.005944854021072388,0.004394787847995758,0.00652820348739624
722,0.0062385833263397215,0.014945255517959595,0.005915396809577942,0.0042824637889862065,0.006485512256622314
723,0.006276858448982239,0.015018783807754517,0.005907392501831055,0.00432119220495224,0.0065105873346328735
724,0.006258389949798584,0.014849416017532348,0.005862196087837219,0.0045584958791732785,0.006503865718841552
725,0.006281958818435669,0.01484797239303589,0.0058987045288085935,0.004310844242572784,0.006574145555496216
726,0.006255421638488769,0.015197545289993286,0.005868949294090271,0.004309352934360505,0.006537285447120666
727,0.006258707642555237,0.014817001819610596,0.005824190378189087,0.004342073798179627,0.006497722268104553
728,0.006309589147567749,0.014884613752365113,0.0059394192695617675,0.004284383058547974,0.006520267724990845
729,0.006226897239685059,0.014862983226776124,0.00589447021484375,0.004577995240688324,0.0065014100074768065
730,0.006238746047019958,0.015084428787231445,0.00593069851398468,0.00438035398721695,0.006567419767379761
731,0.006245698928833008,0.014887326955795288,0.005873051285743713,0.004277163445949555,0.0065339356660842896
732,0.006339402198791504,0.014911774396896362,0.0058816146850585935,0.004274344444274903,0.0065073007345199585
733,0.006288672685623169,0.014987651109695434,0.005891065001487732,0.0043574398756027225,0.006508046984672547
734,0.006232297420501709,0.01492221474647522,0.005865751504898071,0.0043541744351387026,0.006491430997848511
735,0.006269177198410034,0.015035909414291383,0.005897495746612549,0.0042893621325492855,0.006487415432929993
736,0.006242849230766297,0.014839085340499878,0.0058724570274353025,0.0042815497517585755,0.006536750793457031
737,0.00623153567314148,0.014722142219543457,0.005863444209098816,0.004280030131340027,0.00653929591178894
738,0.006267357468605041,0.01503859281539917,0.0058618301153182985,0.004397258162498474,0.006521989107131958
739,0.006259602308273315,0.015079541206359863,0.005866221189498901,0.004276992678642273,0.006457859873771668
740,0.006256133317947388,0.014865530729293823,0.005843555927276612,0.004237995445728302,0.006434210538864136
741,0.006276207566261291,0.014827789068222045,0.005863766074180603,0.00421484112739563,0.006449591517448425
742,0.0062341511249542235,0.015000039339065551,0.0058850222826004025,0.00419965386390686,0.0064170765876770015
743,0.0062625503540039065,0.014985297918319701,0.005905303955078125,0.004521118104457855,0.006434952020645142
744,0.006241494417190551,0.014904210567474365,0.005807547569274902,0.004353440105915069,0.006536160707473755
745,0.006272753477096557,0.015148550271987915,0.005884945392608643,0.004300315678119659,0.006488228440284729
746,0.006227461695671082,0.01467899203300476,0.005794717669486999,0.004281007945537567,0.006532157063484192
747,0.006354535222053528,0.014743794202804566,0.005908225774765015,0.004265183508396149,0.006516523361206054
748,0.006244629621505737,0.014959709644317627,0.005874215960502625,0.004516820013523101,0.006535457968711853
749,0.0062290579080581665,0.014924732446670532,0.005851500630378723,0.00429922103881836,0.00653981626033783
750,0.006249154806137085,0.015022320747375488,0.005856741070747375,0.004342992901802063,0.0064634764194488525
751,0.006221671104431153,0.014955650568008422,0.005900198817253113,0.004514578580856323,0.006472669243812561
752,0.0062141609191894535,0.014918543100357055,0.005882042050361633,0.0042771720886230465,0.006438537836074829
753,0.006256181597709656,0.014964319467544555,0.005889325141906738,0.004265376627445221,0.006459997892379761
754,0.006211971640586853,0.01494350790977478,0.005837194323539734,0.0043196558952331545,0.006427251100540161
755,0.00625150740146637,0.014856449365615844,0.0059611272811889646,0.004370390474796295,0.006445455551147461
756,0.006198545694351196,0.014874904155731202,0.005956477522850037,0.00453522801399231,0.00643159806728363
757,0.006268865466117859,0.015038803815841675,0.005869933366775513,0.004362333416938782,0.006390164494514465
758,0.0061554133892059324,0.014855978488922119,0.0058600157499313354,0.0042824125289917,0.006367233991622925
759,0.006254991888999939,0.015173020362854004,0.0058775883913040165,0.004200801849365234,0.006380316615104675
760,0.006232585906982422,0.014797409772872925,0.005829589366912842,0.00430228441953659,0.006322385668754578
761,0.006276525259017944,0.014951267242431641,0.005879305005073547,0.004249234199523926,0.006379239559173584
762,0.006244885921478272,0.014964346885681152,0.005842073559761047,0.004218143224716186,0.006260459423065186
763,0.006232830882072449,0.014807391166687011,0.005864896178245545,0.004297914505004882,0.006256743669509888
764,0.006234146356582641,0.014997371435165406,0.005889359712600708,0.004249680340290069,0.006248251795768738
765,0.006267998814582825,0.015185043811798096,0.005924434065818786,0.004313739240169525,0.006215429306030274
766,0.006210821270942688,0.014770628213882446,0.005845668315887451,0.004279317259788513,0.006192911863327027
767,0.006235805749893189,0.01483329176902771,0.005853762626647949,0.004307524263858795,0.006221818327903747
768,0.00630207896232605,0.014988996982574464,0.005888882279396057,0.004342531263828278,0.0061413562297821045
769,0.006307207942008972,0.01487416386604309,0.005805959105491638,0.004266836047172547,0.006115550398826599
770,0.006252681612968445,0.014998798370361327,0.005924807190895081,0.004338263869285584,0.006261247992515564
771,0.006275240778923035,0.014938763380050658,0.005904776453971863,0.0043807771801948545,0.006078973412513733
772,0.006179727911949158,0.014983035326004028,0.005823643207550049,0.00419478565454483,0.005956224799156189
773,0.006282259821891785,0.014828660488128663,0.0058214980363845825,0.004271542429924011,0.0060025382041931155
774,0.006214613914489746,0.014870460033416749,0.005829406976699829,0.0043244180083274845,0.005972844958305359
775,0.006269991397857666,0.015049856901168824,0.005855936408042908,0.004347680807113647,0.006020153760910034
776,0.00624713659286499,0.01492664337158203,0.005907710194587707,0.004214492738246918,0.005931500792503357
777,0.006194424033164978,0.014873327016830444,0.005920652151107788,0.004263782799243927,0.005877214074134826
778,0.006177812814712524,0.01502604603767395,0.00580968976020813,0.004226923584938049,0.00576458215713501
779,0.006173086762428284,0.014835422039031982,0.005855449438095093,0.004262587130069733,0.005838053226470947
780,0.006291126012802124,0.014929519891738892,0.005925105810165405,0.004238091111183166,0.006006141901016235
781,0.0062279033660888675,0.014919019937515259,0.005868601202964782,0.004218926727771759,0.005778295397758484
782,0.006285188794136047,0.015064949989318848,0.005834475755691528,0.004203985333442688,0.0058220881223678585
783,0.006194643378257751,0.014862083196640015,0.005862505435943604,0.00422509104013443,0.005829291343688965
784,0.00634109914302826,0.015191683769226074,0.005909970998764038,0.0042477947473526,0.0056518447399139405
785,0.00623066246509552,0.014726325273513793,0.005903950333595276,0.004252012968063355,0.0059712684154510495
786,0.006205148696899414,0.015062376260757446,0.005874151587486267,0.004232782125473023,0.005694082975387573
787,0.006238699555397033,0.014705121517181396,0.0058665996789932255,0.004250833094120026,0.005692245960235595
788,0.006214002370834351,0.015177155733108521,0.005837578177452087,0.00436169296503067,0.005682793855667115
789,0.006207938194274902,0.014831335544586181,0.005858897566795349,0.004198271632194519,0.005569667220115661
790,0.006181958317756653,0.014810003042221069,0.005849016904830933,0.004327827990055084,0.005520464181900025
791,0.006209454536437988,0.015126718282699585,0.005832880735397339,0.004335776567459106,0.005759661793708801
792,0.006192191243171692,0.014870604276657104,0.005833013653755188,0.004224731624126434,0.005696505308151245
793,0.00620229184627533,0.014918216466903687,0.005877305865287781,0.0042797914147377015,0.005696058869361877
794,0.0061394768953323365,0.014945003986358642,0.005904031395912171,0.0042262768745422365,0.0056951606273651124
795,0.0061940145492553715,0.014907581806182861,0.0058697456121444705,0.004302357733249665,0.005508884787559509
796,0.006282396912574768,0.014771701097488403,0.005817055702209473,0.00430358737707138,0.005692763328552246
797,0.006159903407096863,0.014862426519393922,0.005816099643707276,0.004225728213787079,0.0054807871580123905
798,0.006185120940208435,0.01501659631729126,0.005823423266410828,0.004240469038486481,0.005456178188323974
799,0.00620065689086914,0.014949700832366943,0.005818626880645752,0.004563430547714234,0.005434107184410095
800,0.006307426691055298,0.01499635934829712,0.00585297703742981,0.004240987002849579,0.005508915781974793
801,0.006141850352287292,0.014743272066116333,0.005876839756965637,0.004236854910850525,0.005627361536026001
802,0.006186941266059875,0.01504871129989624,0.005870109796524048,0.004210174381732941,0.005402324199676514
803,0.006173164248466491,0.014910376071929932,0.0058410543203353885,0.00420247882604599,0.005444969534873962
804,0.006250579357147217,0.014869122505187989,0.005803248882293701,0.0042773038148880005,0.00546456515789032
805,0.00620586633682251,0.015052683353424072,0.005854682326316834,0.004261919856071472,0.005475132465362549
806,0.0062144845724105835,0.014866836071014404,0.0058184385299682615,0.004221112132072448,0.005318068861961365
807,0.006236550807952881,0.014977896213531494,0.005847623944282532,0.004189490973949432,0.0054386651515960695
808,0.006162202954292297,0.014960310459136962,0.005879009962081909,0.004292481541633606,0.005306357145309448
809,0.006220281720161438,0.014764292240142822,0.005903007388114929,0.004189835488796234,0.005266794562339782
810,0.006238358616828918,0.015080158710479736,0.00584386944770813,0.004213001132011413,0.005372499823570251
811,0.006216982007026672,0.014932434558868408,0.005815151333808899,0.00427545428276062,0.0052763414382934574
812,0.006230282783508301,0.015039362907409669,0.005823414921760559,0.004208309650421143,0.005334839820861816
813,0.006176135540008545,0.01479815125465393,0.0059625768661499025,0.00438118577003479,0.005260092616081238
814,0.006239828467369079,0.015010488033294678,0.0058675664663314815,0.004207752346992492,0.005326180458068847
815,0.00626502513885498,0.014828776121139526,0.00585031270980835,0.004187152683734894,0.005282835364341736
816,0.006218186020851136,0.015044817924499512,0.005856396555900574,0.004164819717407227,0.005215513110160827
817,0.006337893605232239,0.014760625362396241,0.005833581686019897,0.004201327562332153,0.005291366577148437
818,0.006181777119636535,0.014992941617965699,0.005807989835739135,0.004151382744312287,0.005328125953674316
819,0.006198360323905945,0.015031070709228515,0.0058375769853591915,0.004253891110420227,0.005249326229095459
820,0.006161473393440246,0.014895070791244507,0.00596920371055603,0.00416499137878418,0.0053656500577926635
821,0.00619813084602356,0.014860728979110718,0.005936542153358459,0.004142820239067078,0.005232723355293274
822,0.006176161170005798,0.014884023666381837,0.005826467871665955,0.004219285249710083,0.005227055549621582
823,0.006259357333183288,0.015107324123382568,0.005840988159179688,0.0041188901662826535,0.0051474618911743165
824,0.006225327253341675,0.014710944890975953,0.0057888287305831905,0.0042459586262702945,0.005120569467544555
825,0.006180841326713562,0.015097334384918212,0.0058142954111099245,0.004265986979007721,0.0051942110061645504
826,0.006128679513931274,0.014884997606277466,0.005833932161331177,0.004230677485466004,0.005317262411117554
827,0.00624406635761261,0.014871605634689332,0.005727165937423706,0.0042727342247962955,0.005167970061302185
828,0.0062063378095626835,0.014892803430557251,0.005830333828926087,0.004256995916366577,0.0052717065811157225
829,0.00618238091468811,0.015019706487655639,0.00580591082572937,0.004216060340404511,0.005139235854148865
830,0.006399589776992798,0.015057544708251953,0.005811370611190796,0.0042381930351257325,0.00514846682548523
831,0.006147567629814148,0.014855353832244874,0.005828333497047425,0.004329887330532074,0.005181271433830261
832,0.006181961297988892,0.014882713556289673,0.005806121826171875,0.004221049845218658,0.005139912366867065
833,0.006195145845413208,0.014852467775344848,0.005803598165512085,0.004147782325744629,0.005063419938087463
834,0.006239900588989258,0.014929654598236084,0.005800511240959167,0.004276998937129974,0.0051679790019989015
835,0.006196689009666443,0.014989277124404907,0.0058092600107193,0.004131170511245727,0.005168061256408691
836,0.006237380504608155,0.014861544370651245,0.005805866718292236,0.004165026247501373,0.0050791120529174805
837,0.0061065244674682615,0.015020891427993774,0.0058237087726593015,0.004265210926532746,0.005151020884513855
838,0.006167250275611877,0.014929026365280151,0.005902305245399475,0.004288873970508576,0.005243080258369445
839,0.006190358400344848,0.014965310096740722,0.005852980613708496,0.004145705401897431,0.005152423977851868
840,0.0061929750442504886,0.014818707704544068,0.00583257794380188,0.004195636510848999,0.00507285475730896
841,0.0061646604537963865,0.015021404027938843,0.005912717580795288,0.004169925451278687,0.005201250314712524
842,0.006150519251823425,0.014927562475204468,0.0059117251634597775,0.004282786548137665,0.005104360580444336
843,0.006166297197341919,0.014967614412307739,0.005823608040809631,0.004155146777629852,0.005156728029251098
844,0.00622301697731018,0.015043615102767945,0.005857633352279663,0.004215812385082245,0.0050764822959899905
845,0.006189274191856384,0.014826047420501708,0.005849353671073913,0.0042600870132446286,0.005088619589805603
846,0.0061639583110809325,0.014988765716552735,0.0058472567796707155,0.004390597343444824,0.004998161792755127
847,0.0061938434839248655,0.014842875003814697,0.005849133729934692,0.004249360859394074,0.005086861848831177
848,0.006177683472633362,0.014866466522216798,0.005780806541442871,0.004175460636615753,0.005120373964309692
849,0.00615395724773407,0.015007333755493164,0.005906220078468322,0.004288913905620575,0.005017444491386414
850,0.00616255521774292,0.014913184642791748,0.005911257266998291,0.004172694385051728,0.00500623881816864
851,0.006134305596351624,0.014892263412475586,0.005819295644760132,0.004212970733642578,0.0051066094636917116
852,0.006123630404472351,0.014967496395111085,0.005810531973838806,0.004251417517662048,0.005063742399215698
853,0.006171137690544128,0.015069131851196288,0.005819332003593445,0.0042647784948349,0.005019115805625915
854,0.0061655700206756595,0.014703335762023926,0.005836911797523499,0.004180526733398438,0.005002806186676026
855,0.006204036474227906,0.014918073415756225,0.005842997431755066,0.004147902429103852,0.00497414767742157
856,0.006177041530609131,0.014957901239395142,0.0058918923139572145,0.0042268866300582885,0.0049778160452842715
857,0.006121776103973389,0.014866225719451905,0.005849663615226746,0.004174680113792419,0.005003522634506225
858,0.0061023193597793575,0.015088440179824828,0.005892605781555176,0.00414143055677414,0.004980026185512543
859,0.0061758291721343995,0.014930684566497803,0.00583103895187378,0.004335447549819947,0.005133486986160278
860,0.006289703845977783,0.01488914132118225,0.00597610354423523,0.004317853450775146,0.004994346797466278
861,0.006145828366279602,0.015029412508010865,0.005793188810348511,0.00422050803899765,0.005019257664680481
862,0.006118150949478149,0.014958426952362061,0.005863397717475891,0.004188138544559478,0.005009474158287048
863,0.006160366535186768,0.01491349697113037,0.005799381732940674,0.004143240749835968,0.005031119585037231
864,0.0061292552947998045,0.015010114908218384,0.005820919275283814,0.004177623391151428,0.004993694722652435
865,0.00614309012889862,0.014770709276199341,0.005750178694725037,0.004127242565155029,0.005004593729972839
866,0.0061086368560791015,0.014932821989059448,0.005810417532920838,0.004100663959980011,0.0050416761636734005
867,0.006128413677215576,0.015087690353393555,0.005896244645118714,0.004116273522377014,0.004967003166675568
868,0.006136847734451294,0.01487186312675476,0.00587077796459198,0.004315636754035949,0.004939657747745514
869,0.006131080985069275,0.014797900915145873,0.0058183294534683225,0.004119227230548858,0.0051548218727111815
870,0.006086329221725464,0.015066086053848267,0.005754392147064209,0.004169860184192658,0.004949731826782227
871,0.006173679232597351,0.014782099723815919,0.005836154818534851,0.004358619749546051,0.0049313980340957644
872,0.006203056573867798,0.015043752193450928,0.0057973933219909665,0.00422439694404602,0.00502414345741272
873,0.006123941540718079,0.014708735942840577,0.005789187550544739,0.0041331866383552554,0.005164256691932679
874,0.006123499870300293,0.015005933046340942,0.00581158459186554,0.0041169139742851255,0.0050035655498504635
875,0.006148499250411987,0.015113072395324707,0.005798841118812561,0.004088901579380035,0.004994811117649078
876,0.0060965240001678465,0.014718383550643921,0.00576084554195404,0.00419726699590683,0.005029082894325256
877,0.0061353671550750735,0.015102388858795167,0.005824352502822876,0.004146128594875335,0.004960735738277436
878,0.006258237361907959,0.01485458493232727,0.005801992416381836,0.004111143052577973,0.005054436326026916
879,0.006146979331970215,0.014953324794769287,0.005852941274642944,0.004156820476055145,0.005095468759536743
880,0.006165860295295715,0.014929969310760498,0.0058174127340316776,0.004135059416294098,0.004946861863136292
881,0.00616326630115509,0.01485006332397461,0.005786189436912536,0.004167731404304504,0.004982280135154724
882,0.006154830455780029,0.014887866973876953,0.005875942707061768,0.004230910837650299,0.004939444065093994
883,0.006116693615913391,0.015147109031677247,0.005772216916084289,0.004152121543884277,0.005026950836181641
884,0.00618538498878479,0.015009443759918212,0.005745578408241272,0.00419510543346405,0.004998888075351715
885,0.006113095283508301,0.01478774070739746,0.00581136405467987,0.00413361668586731,0.00493482768535614
886,0.006083879470825195,0.014844567775726318,0.0057696342468261715,0.004231516420841217,0.005055961608886719
887,0.006118571162223816,0.01492160677909851,0.0057721644639968876,0.0041746762394905094,0.004921929836273193
888,0.006106945872306824,0.014885481595993042,0.005833816528320312,0.004095026254653931,0.005000233054161072
889,0.006082340478897095,0.015062452554702758,0.0057764405012130735,0.004154636263847351,0.0049427801370620725
890,0.006154239773750305,0.014843668937683106,0.0058513015508651735,0.0041250458359718325,0.0049383544921875
891,0.006154860854148864,0.014905959367752075,0.005752874612808228,0.004145697355270385,0.004978968501091003
892,0.006171727180480957,0.014991108179092407,0.005832439661026001,0.0041546326875686644,0.004981012344360352
893,0.006186957359313965,0.014865812063217163,0.005839105844497681,0.00413718581199646,0.004944570362567902
894,0.006150093674659729,0.01503169059753418,0.00580556571483612,0.0040974834561347965,0.004905001819133758
895,0.006148830652236938,0.015017575025558472,0.005785433650016785,0.004166952669620514,0.005028154850006104
896,0.006080494523048401,0.014826946258544922,0.005794856548309326,0.004171580672264099,0.00491200178861618
897,0.0061238700151443485,0.014952585697174073,0.005760934352874756,0.0040756726264953615,0.004957558214664459
898,0.006082304120063782,0.014960349798202514,0.0057822918891906735,0.004137411117553711,0.005033138394355774
899,0.006078987121582031,0.014950079917907715,0.005804141759872436,0.004117037355899811,0.005063227415084839
900,0.00613332748413086,0.014843262434005737,0.005811843872070312,0.004327102601528168,0.004959584474563599
901,0.00609810471534729,0.014762386083602905,0.005770511031150818,0.004112599194049835,0.00502418041229248
902,0.006174099445343017,0.015145915746688842,0.005791326761245727,0.004119290113449097,0.004956414103507996
903,0.0060775518417358395,0.014935411214828491,0.005824321508407592,0.0041416966915130615,0.005018101334571839
904,0.006105452179908753,0.015001375675201416,0.00576768696308136,0.004167844951152802,0.005093498826026916
905,0.006185394525527954,0.01485893726348877,0.005806229114532471,0.004157831370830536,0.0049712473154067995
906,0.006088902950286865,0.014882655143737792,0.00584918737411499,0.0041260474920272825,0.00491369366645813
907,0.006115879416465759,0.014966622591018677,0.005776019692420959,0.004036143720149994,0.00489971399307251
908,0.0061639416217803954,0.014883469343185424,0.005774276256561279,0.004102653563022613,0.005001117587089539
909,0.006063299179077148,0.01497632622718811,0.005787069797515869,0.0040704718232154845,0.004939285218715668
910,0.006156784296035766,0.014853521585464477,0.005750568509101868,0.004170444905757904,0.004933472275733947
911,0.006128801107406616,0.014993302822113037,0.005790894031524658,0.00417821615934372,0.004925509989261627
912,0.006107771992683411,0.014999970197677612,0.005795845985412598,0.0041535493731498715,0.004936160147190094
913,0.00621163547039032,0.014856927394866944,0.005756709575653076,0.004043695330619812,0.004900608658790589
914,0.006173191070556641,0.01484684705734253,0.005764367580413818,0.004274010360240936,0.004949518740177155
915,0.0060830354690551754,0.014954345226287842,0.005804259777069092,0.00420304924249649,0.004878692626953125
916,0.006127365827560425,0.014976073503494263,0.005793821811676025,0.004133881628513336,0.00503415048122406
917,0.00612307071685791,0.014837877750396728,0.005714608430862427,0.004091700315475464,0.004892155230045318
918,0.006104455590248108,0.015052011013031006,0.005777994394302368,0.004093078076839447,0.005089739561080933
919,0.006118289232254028,0.01479133129119873,0.00587091326713562,0.004093647301197052,0.005038179159164428
920,0.006125643253326416,0.015155248641967774,0.0058189588785171505,0.0041361147165298465,0.004955783486366272
921,0.006188871264457703,0.01474536895751953,0.005753616094589234,0.004084808826446533,0.004962612390518189
922,0.006189543604850769,0.01500649333000183,0.005839553475379944,0.004111595749855042,0.004922319352626801
923,0.00614600121974945,0.015123772621154784,0.00575326681137085,0.004107922911643982,0.004995560050010681
924,0.006061984896659851,0.014768526554107667,0.005806263089179992,0.004101416766643524,0.004932196140289307
925,0.006106017827987671,0.015065085887908936,0.0057957106828689575,0.004013430774211884,0.004965562224388122
926,0.0060651242733001706,0.01486986517906189,0.005782281160354614,0.00406045138835907,0.004956150949001312
927,0.006057200431823731,0.01480266809463501,0.005786589980125427,0.004055203795433044,0.0049423837661743165
928,0.006189295053482056,0.014864087104797363,0.005829575657844544,0.004029278755187988,0.004842163324356079
929,0.006065683364868164,0.01504490613937378,0.00573434829711914,0.004131248593330384,0.0049002087116241455
930,0.006147926449775696,0.015042676925659179,0.005808763504028321,0.004150449335575104,0.004971292316913605
931,0.0061229121685028075,0.014897102117538452,0.005800817012786865,0.004117341339588165,0.004896024465560913
932,0.0060936355590820316,0.014893301725387574,0.00573272168636322,0.004066326916217804,0.0049491837620735165
933,0.006292305588722229,0.014746413230895997,0.005801397562026978,0.004150851964950562,0.00504097044467926
934,0.0061041337251663205,0.015055103302001953,0.0057580268383026125,0.004152023792266845,0.005046776533126831
935,0.00610866129398346,0.014739770889282227,0.005745306611061096,0.004008165299892425,0.00486443042755127
936,0.006092460155487061,0.015084342956542969,0.005847268104553223,0.004135076999664307,0.0049139481782913205
937,0.0061260610818862915,0.01500043272972107,0.005772416591644287,0.004241129159927368,0.005056342482566834
938,0.006080295443534851,0.014810500144958496,0.005895376205444336,0.004045384526252746,0.004933838248252869
939,0.006046825647354126,0.014916961193084716,0.00579914391040802,0.004049748480319977,0.004847467839717865
940,0.006083524823188782,0.015096406936645507,0.005743247866630555,0.004033409655094146,0.0048839649558067326
941,0.006090039610862732,0.014913642406463623,0.005825160145759583,0.004247314929962158,0.004884647428989411
942,0.00609082818031311,0.014908822774887085,0.005800727605819702,0.004070396423339844,0.0050063407421112064
943,0.006071076393127441,0.014962730407714843,0.005728787183761597,0.004034641087055206,0.004948253035545349
944,0.006065170764923095,0.014800903797149658,0.005780430436134338,0.004048578143119812,0.00484905868768692
945,0.006136879920959472,0.014844981431961059,0.005851092338562011,0.00418209046125412,0.004958124756813049
946,0.006133431196212768,0.014940615892410278,0.005721520185470581,0.004058239758014679,0.004878788590431214
947,0.006031927466392517,0.01523315191268921,0.005838174223899841,0.004024011194705963,0.004958225190639496
948,0.006054304242134094,0.014918467998504638,0.005855729579925537,0.004070768058300018,0.00508366048336029
949,0.006089496612548828,0.014679287672042846,0.005853847861289978,0.004076190888881683,0.00493788331747055
950,0.006078610420227051,0.015040527582168579,0.005802775025367737,0.0041535994410514835,0.004968172907829285
951,0.006142886281013489,0.01506845235824585,0.005760694146156311,0.004159843623638153,0.004989862740039826
952,0.006145181655883789,0.014699068069458008,0.005769938826560974,0.003997268974781036,0.004867613315582275
953,0.006049152612686157,0.015011776685714722,0.005769959092140198,0.004137368500232696,0.004906537532806396
954,0.006100759506225586,0.014919831752777099,0.005815213322639465,0.004023866355419159,0.004940251111984253
955,0.006014353632926941,0.01497701644897461,0.005781601667404174,0.0039993515610694886,0.004939276874065399
956,0.006117161512374878,0.014848544597625732,0.005725387930870057,0.004027684628963471,0.004962363839149475
957,0.006047009825706482,0.015011279582977296,0.0057518893480300905,0.004099845886230469,0.0049240759015083315
958,0.006073265671730042,0.014976415634155273,0.005773839950561524,0.003995067179203033,0.004827391505241394
959,0.00608659029006958,0.014941439628601075,0.005736153721809387,0.004141190350055695,0.0050751131772995
960,0.006050524115562439,0.0148203444480896,0.0057446640729904175,0.004120076596736908,0.004807456135749817
961,0.006043004989624024,0.014998258352279662,0.005785463452339172,0.004128169417381287,0.004848683476448059
962,0.0060289609432220455,0.014878374338150025,0.005751693844795227,0.004117462337017059,0.004926694631576538
963,0.006075935959815979,0.015152566432952881,0.005743281841278076,0.0041034573316574095,0.0051337677240371705
964,0.006222647428512573,0.01464053750038147,0.0057887941598892215,0.004118890464305878,0.004833752512931824
965,0.006071715354919433,0.015027464628219604,0.005781548619270324,0.004098982810974121,0.0049128890037536625
966,0.006062531471252441,0.014868026971817017,0.005770632028579712,0.0041320261359214785,0.004917224645614624
967,0.00604699432849884,0.014956983327865601,0.005790826678276062,0.004052842557430267,0.0049705570936203
968,0.0060650908946990965,0.01489875078201294,0.0057261443138122555,0.004027669131755829,0.004899142384529114
969,0.00603303074836731,0.015058579444885254,0.005870683193206787,0.004050695896148681,0.004911969006061554
970,0.00600717306137085,0.014826647043228149,0.00574109673500061,0.004066235721111298,0.00489554762840271
971,0.006075831651687622,0.014992653131484986,0.005761438608169555,0.004029882848262787,0.0048902717232704165
972,0.006059072017669678,0.014741394519805908,0.005756715536117554,0.004070135056972504,0.004989615082740784
973,0.0060453259944915775,0.015059605836868287,0.005742735266685486,0.004076071083545685,0.005001856088638306
974,0.006021443009376526,0.014920775890350341,0.005802069306373597,0.004112904071807861,0.0048944237828254696
975,0.006044192314147949,0.015114710330963135,0.005741974115371704,0.00405895322561264,0.0051007866859436035
976,0.006067149043083191,0.014671759605407715,0.0057458865642547605,0.004133815765380859,0.004801496565341949
977,0.0060954058170318605,0.015233882665634156,0.005751440525054932,0.004194692969322205,0.004933398365974426
978,0.006048400402069092,0.014908486604690551,0.005768460631370545,0.004037302732467651,0.0052492648363113405
979,0.006047221422195434,0.014882566928863526,0.005774012207984925,0.004110482931137085,0.004843054711818695
980,0.00606013298034668,0.014837884902954101,0.005696243643760681,0.004067200124263763,0.004921658337116242
981,0.006033768653869629,0.014895029067993164,0.005725367069244385,0.003985835611820221,0.004912626445293427
982,0.006081548929214478,0.015028984546661376,0.005834275484085083,0.004003711938858032,0.004930403232574463
983,0.006039192676544189,0.014937233924865723,0.005844598412513733,0.00413399487733841,0.004882833659648895
984,0.0060659611225128175,0.01465106725692749,0.005730268955230713,0.004043039977550507,0.00498359739780426
985,0.006128666996955872,0.015120426416397095,0.005697141885757446,0.004084070920944214,0.0049393966794013975
986,0.0060358005762100216,0.015026648044586182,0.005717602968215943,0.003993051052093506,0.00491224616765976
987,0.006080603003501892,0.014863244295120238,0.0057474648952484135,0.003967660665512085,0.004926933348178864
988,0.006036250591278076,0.014695347547531127,0.005744171738624573,0.004056299924850464,0.004850950837135315
989,0.006101845502853393,0.014979516267776488,0.005863720178604126,0.00414111465215683,0.004817060828208923
990,0.006119954586029053,0.01526193618774414,0.005890730023384094,0.0040451762080192565,0.0050133544206619265
991,0.005999853610992431,0.01489702582359314,0.005815727710723877,0.0040021887421607975,0.004928487837314605
992,0.006019483804702758,0.014729232788085937,0.005728193521499634,0.004015913307666779,0.004895622134208679
993,0.006070640683174133,0.015119210481643677,0.005738235116004944,0.004050574600696564,0.004869092404842377
994,0.005987032651901245,0.014790759086608887,0.005510274767875672,0.004093365073204041,0.004928106963634491
995,0.006043151021003723,0.0151841139793396,0.005448458790779114,0.004035384953022003,0.004912720322608948
996,0.005997835993766785,0.01476054549217224,0.005372653603553772,0.0041347241401672365,0.004980739951133728
997,0.005973176956176758,0.014819436073303223,0.005314555764198303,0.0040742126107215886,0.004887887537479401
998,0.005988569259643555,0.014871554374694824,0.0050930845737457275,0.004073953032493591,0.004974994361400604
999,0.0060253506898880005,0.015150742530822754,0.005312709808349609,0.003991541266441345,0.004892477393150329
