,2,3,4,5,6
0,1.9117529296875,0.8609716033935547,0.40025283813476564,1.1361737823486329,0.7888854217529296
1,1.441917724609375,0.297121639251709,0.24042600631713867,0.7823258209228515,0.23035961151123047
2,0.9925975799560547,0.17011014938354493,0.22661066055297852,0.4895175552368164,0.22482511520385742
3,0.6583078002929688,0.1870598602294922,0.22528392791748048,0.30523258209228515,0.22569383621215822
4,0.4907341003417969,0.20089475631713868,0.2267951774597168,0.2547915077209473,0.22616735458374024
5,0.3666974639892578,0.20986038208007812,0.22563121795654298,0.232276554107666,0.22514060974121095
6,0.28357706069946287,0.21799564361572266,0.22580339431762694,0.22576372146606447,0.22562910079956056
7,0.24858489990234375,0.22306325912475586,0.22681684494018556,0.22574958801269532,0.2271428108215332
8,0.23921754837036133,0.22455816268920897,0.22494539260864257,0.22531982421875,0.22536893844604491
9,0.22947668075561523,0.2269114875793457,0.22664905548095704,0.2265621566772461,0.2255537223815918
10,0.2301403045654297,0.22484973907470704,0.225594482421875,0.22638002395629883,0.22582151412963866
11,0.22713905334472656,0.2267863082885742,0.2257444953918457,0.22374551773071288,0.22575664520263672
12,0.22457609176635743,0.22779653549194337,0.225604248046875,0.22752405166625977,0.22606996536254884
13,0.2276749801635742,0.2251309013366699,0.22539764404296875,0.225120906829834,0.2246575164794922
14,0.2251543617248535,0.22605833053588867,0.22510051727294922,0.2256422233581543,0.22649633407592773
15,0.22584480285644531,0.2271868896484375,0.227149658203125,0.22525468826293946,0.2262512969970703
16,0.22534631729125976,0.22399253845214845,0.22498218536376954,0.2259518051147461,0.2250843620300293
17,0.22510440826416014,0.22659067153930665,0.22619737625122072,0.22601924896240233,0.22746223449707031
18,0.22603652954101563,0.2256515121459961,0.22504907608032226,0.22582721710205078,0.2242194175720215
19,0.2258074951171875,0.22648851394653322,0.22604536056518554,0.22626716613769532,0.22547212600708008
20,0.2253668212890625,0.22507360458374023,0.22625442504882812,0.22626657485961915,0.2263246726989746
21,0.2260936164855957,0.22610553741455078,0.22542850494384767,0.22503015518188477,0.22678945541381837
22,0.22564664840698243,0.2261735725402832,0.22540950775146484,0.22513519287109374,0.22513656616210936
23,0.2261784553527832,0.22481931686401369,0.22578365325927735,0.2268560791015625,0.22502017974853517
24,0.22477611541748047,0.22659202575683593,0.22587862014770507,0.22545356750488282,0.22661714553833007
25,0.22523460388183594,0.22574251174926757,0.22616737365722656,0.225458984375,0.22641399383544922
26,0.22577644348144532,0.22506282806396485,0.22570920944213868,0.22560640335083007,0.22599184036254882
27,0.2262863540649414,0.22517032623291017,0.22552555084228515,0.22660228729248047,0.22509965896606446
28,0.22612995147705078,0.22565126419067383,0.2264971351623535,0.22562597274780274,0.2274139404296875
29,0.2246761703491211,0.22728729248046875,0.22554885864257812,0.22481855392456054,0.22413734436035157
30,0.2264630126953125,0.2235288429260254,0.22572942733764648,0.2268403625488281,0.2272126007080078
31,0.22567264556884767,0.22670146942138672,0.22644716262817383,0.22514957427978516,0.22540796279907227
32,0.22595565795898437,0.2255048370361328,0.22680490493774413,0.22622135162353516,0.22557466506958007
33,0.2254891014099121,0.22468338012695313,0.2255160140991211,0.22672698974609376,0.2268234062194824
34,0.22529031753540038,0.22577653884887694,0.22630918502807618,0.22515928268432617,0.22467849731445313
35,0.2265639877319336,0.22647789001464844,0.22562978744506837,0.2257794761657715,0.22685537338256836
36,0.224377384185791,0.22595823287963868,0.22561954498291015,0.22651130676269532,0.2253262710571289
37,0.22725173950195313,0.2249545669555664,0.22621585845947265,0.22548379898071289,0.22667087554931642
38,0.22463455200195312,0.227021484375,0.22593597412109376,0.22597740173339845,0.22546211242675782
39,0.22536001205444336,0.22510257720947266,0.2251539421081543,0.22636171340942382,0.2259059715270996
40,0.22626546859741212,0.22551509857177734,0.22623420715332032,0.22567462921142578,0.22669708251953125
41,0.22568729400634766,0.2262060546875,0.22582633972167968,0.22541616439819337,0.22546440124511719
42,0.22582437515258788,0.22654172897338867,0.22587249755859376,0.225258731842041,0.22605833053588867
43,0.22612024307250977,0.2255534362792969,0.22623834609985352,0.2275174903869629,0.22701658248901369
44,0.22504587173461915,0.22483488082885741,0.22476116180419922,0.2255728530883789,0.22520139694213867
45,0.22614650726318358,0.22671010971069336,0.22599004745483398,0.22495750427246095,0.22585947036743165
46,0.2249452781677246,0.22500715255737305,0.22609874725341797,0.2264715576171875,0.2260588836669922
47,0.22684501647949218,0.2259625816345215,0.22601306915283204,0.2253119468688965,0.2258571434020996
48,0.2260611343383789,0.2251504898071289,0.22517587661743163,0.22488162994384767,0.2275152587890625
49,0.22435277938842774,0.22677595138549805,0.2253926658630371,0.22703096389770508,0.225905818939209
50,0.22725513458251953,0.22570247650146485,0.22624929428100585,0.2252843475341797,0.22577079772949218
51,0.22559669494628906,0.22580196380615233,0.2250899314880371,0.22568807601928711,0.22582082748413085
52,0.22618040084838867,0.22579782485961913,0.22598398208618165,0.22611501693725586,0.22630128860473633
53,0.22492849349975585,0.22563169479370118,0.22629495620727538,0.2264444923400879,0.22631002426147462
54,0.22454023361206055,0.22650588989257814,0.22577810287475586,0.22623836517333984,0.22634361267089845
55,0.2267133903503418,0.22539657592773438,0.22618804931640624,0.2261471939086914,0.22617671966552735
56,0.22538354873657226,0.22707015991210938,0.22572282791137696,0.22560129165649415,0.2253759765625
57,0.22643877029418946,0.22522693634033203,0.22548171997070313,0.22527631759643554,0.2267778205871582
58,0.22533639907836914,0.22515064239501953,0.22522232055664063,0.22692827224731446,0.22560859680175782
59,0.22545135498046875,0.22675907135009765,0.22596210479736328,0.22495922088623047,0.22661153793334962
60,0.2251979637145996,0.22587722778320313,0.2267008590698242,0.22688667297363282,0.22551044464111328
61,0.2254534339904785,0.22495742797851562,0.2248363494873047,0.22544471740722657,0.2259531021118164
62,0.2263239288330078,0.22562726974487304,0.22653236389160156,0.22580562591552733,0.22556001663208008
63,0.22631799697875976,0.22578025817871095,0.22653984069824218,0.2258740234375,0.22490659713745118
64,0.22511415481567382,0.22720239639282228,0.22463178634643555,0.22604623794555664,0.2273585319519043
65,0.22548860549926758,0.22553478240966796,0.2267917251586914,0.22557790756225585,0.22654193878173828
66,0.2253984832763672,0.2247900390625,0.22471282958984376,0.2269877624511719,0.22557069778442382
67,0.22751943588256837,0.22715650558471678,0.2263317108154297,0.22553129196166993,0.2260274314880371
68,0.22596099853515625,0.22544130325317382,0.2264232063293457,0.22622312545776369,0.224991397857666
69,0.22544952392578124,0.2254071807861328,0.22608688354492187,0.2263024139404297,0.22613975524902344
70,0.22572492599487304,0.2263063049316406,0.22493396759033202,0.2253549003601074,0.22818269729614257
71,0.22570173263549806,0.2266196060180664,0.2269541549682617,0.22575748443603516,0.22515174865722656
72,0.22690868377685547,0.22599328994750978,0.22647174835205078,0.22536415100097656,0.2267915916442871
73,0.2251749801635742,0.22475479125976563,0.22581781387329103,0.22670122146606445,0.2261553382873535
74,0.22426900863647461,0.22648983001708983,0.22521844863891602,0.22551523208618163,0.22585988998413087
75,0.22667470932006836,0.22618661880493163,0.22606735229492186,0.22562215805053712,0.22638059616088868
76,0.224742374420166,0.22565343856811523,0.22684068679809571,0.22647483825683593,0.22537532806396485
77,0.22728246688842774,0.22684906005859376,0.22526018142700197,0.2248804473876953,0.22654085159301757
78,0.2254851531982422,0.2249065589904785,0.2254357147216797,0.2269887351989746,0.2251034927368164
79,0.22475429534912109,0.22557912826538085,0.2260883331298828,0.22551239013671875,0.22591466903686525
80,0.22533918380737306,0.22576200485229492,0.22591169357299803,0.22679964065551758,0.22644500732421874
81,0.2274905586242676,0.22594423294067384,0.22693147659301757,0.22634857177734374,0.22550252914428712
82,0.22578197479248047,0.22555660247802733,0.22516464233398437,0.22503290176391602,0.22732719421386718
83,0.2257231903076172,0.22530866622924806,0.22562404632568359,0.2250920295715332,0.22531225204467772
84,0.22627611160278321,0.2266022491455078,0.2273253631591797,0.2269127655029297,0.2262408447265625
85,0.22542984008789063,0.2262200164794922,0.22594226837158204,0.22604650497436524,0.22526098251342774
86,0.22578500747680663,0.22550832748413085,0.22592685699462892,0.22644630432128907,0.2267916679382324
87,0.22562713623046876,0.22490808486938477,0.22547389984130858,0.22535135269165038,0.22577436447143553
88,0.22510643005371095,0.22653907775878906,0.22524896621704102,0.22556623458862304,0.22639026641845703
89,0.2251283645629883,0.2260286521911621,0.22711929321289062,0.22671640396118165,0.2260142135620117
90,0.22636062622070313,0.22577604293823242,0.22617414474487305,0.22560001373291017,0.2248244285583496
91,0.22569526672363283,0.2263227653503418,0.2256637382507324,0.22664569854736327,0.22639333724975585
92,0.22668218612670898,0.22496097564697265,0.22523193359375,0.2262565803527832,0.224644718170166
93,0.22557771682739258,0.22551647186279297,0.22582117080688477,0.22656356811523437,0.2259471321105957
94,0.2252674865722656,0.22575872421264648,0.22584407806396484,0.22556621551513673,0.22688385009765624
95,0.22608781814575196,0.22609617233276366,0.22489748001098633,0.22606683731079102,0.2256308937072754
96,0.2256714630126953,0.22632131576538086,0.22689418792724608,0.22561603546142578,0.22681076049804688
97,0.2258528709411621,0.22554405212402343,0.22601020812988282,0.2260577392578125,0.22483362197875978
98,0.22549884796142577,0.22477291107177735,0.2256900215148926,0.22587127685546876,0.22648208618164062
99,0.225698299407959,0.22589738845825194,0.22521505355834961,0.22748281478881835,0.22643705368041991
100,0.22557260513305663,0.22611392974853517,0.22665016174316407,0.22653242111206054,0.22590045928955077
101,0.2255205726623535,0.22654228210449218,0.22629514694213868,0.22518905639648437,0.22687423706054688
102,0.22412017822265626,0.22696435928344727,0.2254557991027832,0.2260822105407715,0.2261977767944336
103,0.22623157501220703,0.22463594436645506,0.22631536483764647,0.2250957489013672,0.226844425201416
104,0.22528768539428712,0.22583671569824218,0.2253592109680176,0.22593816757202148,0.22560983657836914
105,0.22657211303710936,0.2263895797729492,0.22608505249023436,0.22690404891967775,0.22773859024047852
106,0.22520639419555663,0.22539003372192382,0.22584102630615235,0.22568307876586913,0.22588802337646485
107,0.2252606964111328,0.2247060203552246,0.22638364791870116,0.2260615921020508,0.22709760665893555
108,0.22598705291748047,0.22611007690429688,0.22618877410888671,0.22625171661376953,0.22690597534179688
109,0.22554244995117187,0.22564712524414063,0.22512826919555665,0.22626089096069335,0.2257124137878418
110,0.22752315521240235,0.22559083938598634,0.22623258590698242,0.22552669525146485,0.22594795227050782
111,0.2244688606262207,0.22581823348999022,0.22590917587280274,0.22635240554809571,0.22691520690917968
112,0.22554174423217774,0.22700790405273438,0.22525146484375,0.22470401763916015,0.2255120849609375
113,0.2259572219848633,0.22483036041259766,0.22650623321533203,0.22772418975830078,0.22681205749511718
114,0.22586240768432617,0.22734075546264648,0.22564249038696288,0.2254282569885254,0.22535127639770508
115,0.2258363151550293,0.22494184494018554,0.22557138442993163,0.22622478485107422,0.22516677856445313
116,0.22554548263549803,0.2260896110534668,0.22574113845825194,0.22680309295654297,0.22733997344970702
117,0.2258944320678711,0.22652324676513672,0.22649021148681642,0.22574470520019532,0.22684211730957032
118,0.22593631744384765,0.22440805435180664,0.22699928283691406,0.22563642501831055,0.22562334060668945
119,0.22466659545898438,0.22639604568481445,0.22360132217407228,0.22676740646362303,0.2254479217529297
120,0.2269674301147461,0.22486835479736328,0.2257781982421875,0.22610143661499024,0.22656824111938476
121,0.2256559944152832,0.22607603073120117,0.22658811569213866,0.22569116592407226,0.22547298431396484
122,0.2251133918762207,0.2266969871520996,0.22634346008300782,0.22573772430419922,0.22573623657226563
123,0.22554632186889648,0.2260134506225586,0.226942138671875,0.22575130462646484,0.22539402008056642
124,0.2269783401489258,0.22411714553833006,0.22522325515747071,0.2253400230407715,0.22708023071289063
125,0.2256898307800293,0.22790395736694335,0.22626691818237304,0.22674903869628907,0.22568294525146484
126,0.22562646865844727,0.22436080932617186,0.22582279205322264,0.22579591751098632,0.22600858688354492
127,0.22597368240356444,0.22540679931640625,0.22612998962402345,0.22589502334594727,0.22636510848999022
128,0.22556495666503906,0.22698263168334962,0.226235294342041,0.22602014541625975,0.2257079315185547
129,0.22526308059692382,0.22545890808105468,0.22679237365722657,0.2262000846862793,0.22551719665527345
130,0.22525495529174805,0.22699092864990233,0.22575681686401367,0.22604461669921874,0.22715059280395508
131,0.2266901397705078,0.2255849075317383,0.22476036071777344,0.22584611892700196,0.2251827049255371
132,0.22532901763916016,0.226457576751709,0.22650543212890625,0.22546495437622072,0.22721744537353517
133,0.22687944412231445,0.22459716796875,0.22478403091430665,0.2270725440979004,0.22548133850097657
134,0.22471149444580077,0.22662256240844728,0.22650413513183593,0.22478952407836914,0.2267991828918457
135,0.22525890350341796,0.22675342559814454,0.22601966857910155,0.22757129669189452,0.2252107620239258
136,0.22600488662719725,0.22532001495361328,0.22572214126586915,0.22419939041137696,0.2265971565246582
137,0.2257223129272461,0.22637447357177734,0.22560434341430663,0.2271148681640625,0.22570547103881836
138,0.2253862762451172,0.2250517463684082,0.22544248580932616,0.22583621978759766,0.22668245315551758
139,0.22566627502441405,0.2252179527282715,0.22660079956054688,0.22656866073608398,0.2261951446533203
140,0.22640745162963868,0.22644613265991212,0.22533313751220704,0.22580448150634766,0.22533287048339845
141,0.22559768676757813,0.22529197692871095,0.225834903717041,0.2262270927429199,0.22644828796386718
142,0.22484371185302734,0.22645275115966798,0.22704360961914063,0.22527753829956054,0.22562530517578125
143,0.22658092498779298,0.2246932029724121,0.2256346321105957,0.22633712768554687,0.22598939895629883
144,0.22573562622070312,0.22637136459350585,0.22566314697265624,0.22666475296020508,0.22455533981323242
145,0.22668752670288086,0.22540658950805664,0.2263362503051758,0.22604158401489258,0.22636457443237304
146,0.2244879722595215,0.2268663215637207,0.22499361038208007,0.2258218765258789,0.2259379005432129
147,0.22599302291870116,0.22637996673583985,0.2253214645385742,0.22604021072387695,0.22852291107177736
148,0.2257920265197754,0.22608585357666017,0.2262030601501465,0.22540081024169922,0.19789945602416992
149,0.22577396392822266,0.2254330635070801,0.22616933822631835,0.22626365661621095,0.14656175613403322
150,0.2256642150878906,0.22722272872924804,0.20860435485839843,0.22536832809448243,0.1442689323425293
151,0.22490097045898438,0.2251320266723633,0.18954286575317383,0.22687505722045898,0.1449611759185791
152,0.2259200096130371,0.2255195426940918,0.19056644439697265,0.22551639556884764,0.1451043701171875
153,0.2253778839111328,0.22632404327392577,0.18869146347045898,0.22698818206787108,0.1452367687225342
154,0.22708238601684572,0.2254150390625,0.18773975372314453,0.22479225158691407,0.14502363204956054
155,0.22526432037353517,0.22502368927001953,0.18642278671264648,0.22608160018920898,0.1442093563079834
156,0.22553403854370116,0.22627065658569337,0.18970478057861329,0.226109619140625,0.14503252983093262
157,0.2265108871459961,0.22378562927246093,0.1860712242126465,0.22664173126220702,0.14437355995178222
158,0.2249057960510254,0.229197940826416,0.1857944679260254,0.22543933868408203,0.14555344581604004
159,0.2258546257019043,0.22448978424072266,0.18524085998535156,0.22621898651123046,0.144663028717041
160,0.22683528900146485,0.22657449722290038,0.18420637130737305,0.2260253143310547,0.1453363037109375
161,0.22515157699584962,0.2259371757507324,0.14229408264160157,0.22608482360839843,0.14409780502319336
162,0.22524463653564453,0.22486873626708984,0.14271456718444825,0.2261398696899414,0.1438029193878174
163,0.22668087005615234,0.22720369338989257,0.1426966094970703,0.22707174301147462,0.14468820571899413
164,0.2247859001159668,0.2259825325012207,0.1427465534210205,0.22560688018798827,0.14365192413330077
165,0.2255958366394043,0.22662635803222655,0.14189003944396972,0.22593345642089843,0.14494045257568358
166,0.22552717208862305,0.2255004119873047,0.14228918075561522,0.22543777465820314,0.14322550773620604
167,0.22721412658691406,0.22519851684570313,0.14326794624328612,0.22687593460083008,0.14437350273132324
168,0.22469669342041015,0.22507884979248047,0.142713623046875,0.22649093627929687,0.14359468460083008
169,0.2258835792541504,0.22731969833374024,0.1418185043334961,0.2249152946472168,0.1444062328338623
170,0.22629476547241212,0.2251596450805664,0.14161787033081055,0.225805606842041,0.14526779174804688
171,0.22508825302124025,0.2257154655456543,0.14276169776916503,0.22673387527465821,0.143512544631958
172,0.22564277648925782,0.22621454238891603,0.1426445198059082,0.22572141647338867,0.1445461368560791
173,0.22594547271728516,0.22641082763671874,0.14133828163146972,0.2258919334411621,0.1437991428375244
174,0.225639705657959,0.2243629837036133,0.1424938201904297,0.2269647216796875,0.14555277824401855
175,0.22526405334472657,0.22643259048461914,0.1434355068206787,0.2250467300415039,0.14334649085998535
176,0.22713573455810546,0.22670557022094726,0.1431845760345459,0.22740890502929687,0.14578972816467284
177,0.2247605514526367,0.22468215942382813,0.14277108192443846,0.2250527572631836,0.14552879333496094
178,0.22630634307861328,0.22725872039794923,0.1421761131286621,0.22568960189819337,0.14495563507080078
179,0.22535030364990236,0.22454301834106447,0.14139208793640137,0.22683345794677734,0.1450309944152832
180,0.22568408966064454,0.22550113677978514,0.14270849227905275,0.22478971481323243,0.14407970428466796
181,0.2252400016784668,0.2269334602355957,0.14220115661621094,0.22668474197387695,0.14472898483276367
182,0.22536767959594728,0.22481815338134767,0.14348868370056153,0.22691453933715822,0.14520968437194826
183,0.22558595657348632,0.22665075302124024,0.14260193824768067,0.22539506912231444,0.14549155235290528
184,0.225817928314209,0.22466218948364258,0.14219088554382325,0.2255567169189453,0.1449972152709961
185,0.22620033264160155,0.22632753372192382,0.143863525390625,0.22647184371948242,0.14548440933227538
186,0.22549867630004883,0.22578590393066406,0.1420024013519287,0.2253729820251465,0.1452941131591797
187,0.2251312255859375,0.22524257659912109,0.14279610633850098,0.22596101760864257,0.1450721263885498
188,0.22513595581054688,0.22631776809692383,0.1426834487915039,0.2269605255126953,0.14513740539550782
189,0.22704145431518555,0.22618843078613282,0.14260308265686036,0.2263973045349121,0.1454774284362793
190,0.22612815856933594,0.2262550735473633,0.14233323097229003,0.2251115608215332,0.1458917236328125
191,0.22648862838745118,0.2258772850036621,0.1434144878387451,0.22561975479125976,0.14518508911132813
192,0.22510093688964844,0.2252998161315918,0.14408418655395508,0.22591625213623046,0.14350414276123047
193,0.22511663436889648,0.22554777145385743,0.1429792022705078,0.22507322311401368,0.14544981002807617
194,0.2260049057006836,0.22481174468994142,0.14206223487854003,0.22744476318359375,0.1452116107940674
195,0.22605819702148439,0.2268235206604004,0.14278966903686524,0.22584779739379882,0.14441524505615233
196,0.22517732620239259,0.22657480239868164,0.14162653923034668,0.22642265319824217,0.14535638809204102
197,0.22595666885375976,0.22516679763793945,0.1418618965148926,0.22557634353637696,0.14433565139770507
198,0.22542428970336914,0.22712175369262697,0.14156533241271974,0.22606536865234375,0.14575749397277832
199,0.2257094192504883,0.22535137176513673,0.14235321044921875,0.2250812530517578,0.14542789459228517
200,0.22573938369750976,0.22567998886108398,0.14317767143249513,0.22576950073242188,0.1449844264984131
201,0.22502347946166992,0.22626199722290039,0.14342007637023926,0.2269415283203125,0.14524569511413574
202,0.22658472061157225,0.22460121154785156,0.14187251091003417,0.22563522338867187,0.14552566528320313
203,0.22592613220214844,0.2257286262512207,0.14374711036682128,0.22569719314575196,0.145152530670166
204,0.22524154663085938,0.22631059646606444,0.1436322498321533,0.2262086296081543,0.14502318382263182
205,0.22616310119628907,0.22739168167114257,0.14211418151855468,0.22684648513793945,0.14501727104187012
206,0.22595529556274413,0.22462448120117187,0.14215106010437012,0.2252162742614746,0.1452573776245117
207,0.22532402038574217,0.22670928955078126,0.14239175796508788,0.22600425720214845,0.1450525379180908
208,0.2260638427734375,0.22575202941894532,0.1440008544921875,0.2265692901611328,0.1455540943145752
209,0.2254338264465332,0.2266578483581543,0.14128300666809082,0.2256903076171875,0.14504706382751464
210,0.22574234008789062,0.22457799911499024,0.14402341842651367,0.22546545028686524,0.14489218711853027
211,0.22546327590942383,0.22592779159545898,0.14301401138305664,0.22549659729003907,0.1438002586364746
212,0.2248521614074707,0.22613998413085937,0.144450626373291,0.22689254760742186,0.14574816703796387
213,0.22712211608886718,0.2257683563232422,0.1422724723815918,0.22486629486083984,0.14500150680541993
214,0.2263050651550293,0.22633481979370118,0.1427261447906494,0.22573562622070312,0.14525779724121093
215,0.22403335571289062,0.226815185546875,0.14321984291076661,0.22634756088256835,0.14532384872436524
216,0.22541656494140624,0.22455434799194335,0.14372977256774902,0.2264052963256836,0.14515353202819825
217,0.22681863784790038,0.22652408599853516,0.1434928607940674,0.21524467468261718,0.14519548416137695
218,0.22637361526489258,0.2264764404296875,0.14146081924438478,0.15497421264648437,0.14598864555358887
219,0.2254711151123047,0.22517847061157226,0.14146893501281738,0.14610737800598145,0.14548377990722655
220,0.22675968170166017,0.22536293029785157,0.1425554084777832,0.1437332248687744,0.14521615982055663
221,0.22517807006835938,0.22571069717407227,0.1435997200012207,0.1422982120513916,0.14600923538208008
222,0.22484132766723633,0.2249043655395508,0.14316176414489745,0.14216770172119142,0.1455741596221924
223,0.2257615852355957,0.22716890335083006,0.1447693920135498,0.14214967727661132,0.1453224563598633
224,0.2260615921020508,0.22528100967407227,0.1421965217590332,0.14231892585754394,0.14527679443359376
225,0.22638790130615236,0.22571079254150392,0.1425029754638672,0.14188819885253906,0.14461122512817381
226,0.22450382232666016,0.22617742538452149,0.14270492553710937,0.14175161361694336,0.14586150169372558
227,0.22672334671020508,0.22567222595214845,0.14204946517944336,0.14133600234985352,0.1454104232788086
228,0.2249745750427246,0.22624401092529298,0.14419721603393554,0.14128475189208983,0.1452350902557373
229,0.22625431060791015,0.22619022369384767,0.14286405563354493,0.14302265167236328,0.14621023178100587
230,0.22551429748535157,0.22495616912841798,0.14274076461791993,0.14175765037536622,0.14507277488708495
231,0.226658935546875,0.22662256240844728,0.14365000724792482,0.14274385452270508,0.14705533981323243
232,0.22512426376342773,0.2252353286743164,0.14284074783325196,0.14318424224853515,0.14531017303466798
233,0.2260517692565918,0.22620065689086913,0.1434214496612549,0.14223864555358887,0.144441556930542
234,0.22449737548828125,0.22547590255737304,0.14164280891418457,0.14251551628112794,0.14487022399902344
235,0.2268458366394043,0.22689132690429686,0.14217631340026857,0.14055678367614746,0.1458612537384033
236,0.22513389587402344,0.2266561508178711,0.14274394035339355,0.14142411231994628,0.14493425369262694
237,0.22609228134155274,0.22578092575073241,0.1437472152709961,0.14242640495300293,0.14468856811523437
238,0.22532052993774415,0.22516576766967775,0.141707181930542,0.1437362861633301,0.14545116424560547
239,0.2264573097229004,0.22585826873779297,0.14190027236938477,0.14201850891113282,0.14510713577270506
240,0.22583938598632813,0.2262744903564453,0.14179970741271972,0.14276434898376464,0.14575973510742188
241,0.22527795791625976,0.22529518127441406,0.1432093048095703,0.1434822177886963,0.14529184341430665
242,0.2260439682006836,0.22562313079833984,0.14291062355041503,0.143995418548584,0.145363712310791
243,0.22595571517944335,0.22699497222900392,0.14212893486022948,0.14307351112365724,0.1451431941986084
244,0.2253728675842285,0.22567516326904297,0.14269181251525878,0.14294859886169434,0.14506482124328612
245,0.2260984420776367,0.22457082748413085,0.14268310546875,0.14205947875976563,0.14519948959350587
246,0.22544027328491212,0.2262093162536621,0.14452272415161133,0.14141181945800782,0.1449652671813965
247,0.22565532684326173,0.22654191970825197,0.143082218170166,0.1418275737762451,0.14473419189453124
248,0.22583011627197266,0.22647348403930664,0.1427536964416504,0.14213132858276367,0.14461426734924315
249,0.22529478073120118,0.22508651733398438,0.14311104774475097,0.14300329208374024,0.1455799674987793
250,0.22596332550048828,0.22614158630371095,0.14542558670043945,0.14210506439208984,0.14469064712524415
251,0.22605110168457032,0.22540288925170898,0.14370655059814452,0.1413471794128418,0.14415253639221193
252,0.2259501647949219,0.22542261123657226,0.14399409294128418,0.14283286094665526,0.1455187702178955
253,0.2249095344543457,0.22610916137695314,0.14405345916748047,0.14200223922729494,0.14529494285583497
254,0.22504575729370116,0.2254458808898926,0.14336331367492675,0.14215375900268554,0.14545608520507813
255,0.22718967437744142,0.22702142715454102,0.14214210510253905,0.14157278060913087,0.14462992668151856
256,0.22504608154296876,0.22585390090942384,0.14241507530212402,0.1427054500579834,0.14536619186401367
257,0.22549978256225586,0.22506189346313477,0.1422463607788086,0.14286149978637697,0.145270938873291
258,0.225916805267334,0.22576416015625,0.1434999656677246,0.14135705947875976,0.14565375328063965
259,0.22585180282592773,0.22593502044677735,0.14517813682556152,0.14234819412231445,0.1454765224456787
260,0.22525068283081054,0.22477903366088867,0.14152040481567382,0.14246827125549316,0.14482349395751953
261,0.22629714965820313,0.2260907745361328,0.1422992992401123,0.14146605491638184,0.14557257652282715
262,0.22523677825927735,0.22634557723999024,0.14398715019226074,0.1420767402648926,0.14588985443115235
263,0.22648252487182619,0.2258644485473633,0.14223089218139648,0.1419566822052002,0.14476265907287597
264,0.22612930297851563,0.22458330154418946,0.14199131965637207,0.14136281967163086,0.14523579597473144
265,0.2251589584350586,0.2262337875366211,0.14181973457336425,0.14208785057067871,0.14539870262145996
266,0.22566570281982423,0.22703096389770508,0.1413700485229492,0.14211819648742677,0.1449687385559082
267,0.22575334548950196,0.22494977951049805,0.14113834381103516,0.14167820930480957,0.14498167037963866
268,0.2262859344482422,0.22579092025756836,0.1426929473876953,0.14261817932128906,0.1453018856048584
269,0.2246306037902832,0.22577438354492188,0.14179048538208008,0.14368896484375,0.14522671699523926
270,0.22730688095092774,0.2274135398864746,0.1420450782775879,0.144317626953125,0.14584657669067383
271,0.22473705291748047,0.22390575408935548,0.14237398147583008,0.14241369247436522,0.14569971084594727
272,0.22526451110839843,0.22725767135620117,0.1403620147705078,0.1420004653930664,0.14554923057556152
273,0.2269536018371582,0.22549123764038087,0.1425020694732666,0.14182720184326172,0.14484748840332032
274,0.22623258590698242,0.22593864440917968,0.14094520568847657,0.1431248378753662,0.14551376342773437
275,0.22436971664428712,0.2256476402282715,0.14126334190368653,0.14139784812927247,0.14538589477539063
276,0.2256549072265625,0.2263553810119629,0.14235980987548827,0.14250595092773438,0.1453761100769043
277,0.2262478256225586,0.22504594802856445,0.14126090049743653,0.1414988899230957,0.14548999786376954
278,0.2259412384033203,0.22625066757202147,0.14110264778137208,0.14114876747131347,0.145301456451416
279,0.22504693984985352,0.2253434181213379,0.14201056480407714,0.14261409759521484,0.1452356243133545
280,0.2261180877685547,0.22447751998901366,0.14121491432189942,0.1425118064880371,0.14514041900634767
281,0.22573905944824219,0.22785268783569335,0.14153922080993653,0.14192434310913085,0.14523293495178222
282,0.2263898277282715,0.2260713768005371,0.14209461212158203,0.14022612571716309,0.1450497341156006
283,0.2250519561767578,0.22488056182861327,0.14385281562805174,0.14194758415222167,0.14516944885253907
284,0.22584251403808595,0.22572669982910157,0.1413921070098877,0.14288867950439454,0.1449660015106201
285,0.2248908042907715,0.2260187530517578,0.14090007781982422,0.14399965286254882,0.14532861709594727
286,0.2271156883239746,0.2266632080078125,0.14169559478759766,0.1410444164276123,0.14522044181823732
287,0.22499624252319336,0.2267318534851074,0.14167991638183594,0.14117673873901368,0.1453791618347168
288,0.22570180892944336,0.22470726013183595,0.1415403175354004,0.14178638458251952,0.14580385208129884
289,0.2259389877319336,0.2263147735595703,0.14018908500671387,0.1424458694458008,0.1455133628845215
290,0.22569278717041016,0.2247907066345215,0.1401907730102539,0.14238511085510253,0.14528611183166504
291,0.22518028259277345,0.2247039794921875,0.14089983940124512,0.14013364791870117,0.14597204208374023
292,0.22594738006591797,0.2277998924255371,0.14185161590576173,0.14095422744750977,0.14559146881103516
293,0.22711217880249024,0.22507575988769532,0.14397082328796387,0.1402867031097412,0.14565391540527345
294,0.22415052413940428,0.22564640045166015,0.14056679725646973,0.14001981735229493,0.14483787536621093
295,0.2258726501464844,0.22605953216552735,0.1422322463989258,0.14137158393859864,0.14465970993041993
296,0.22695140838623046,0.22504161834716796,0.14106781005859376,0.1406727886199951,0.14545972824096678
297,0.2251265525817871,0.22584436416625978,0.14055411338806154,0.14143885612487794,0.1450821018218994
298,0.22562602996826173,0.22712743759155274,0.1420918273925781,0.14207087516784667,0.14521449089050292
299,0.22560428619384765,0.22580789566040038,0.14056181907653809,0.13955302238464357,0.14540892601013183
300,0.22536598205566405,0.22449535369873047,0.1399916934967041,0.14021841049194336,0.1451767349243164
301,0.22628168106079102,0.22725244522094726,0.13937897682189943,0.14402765274047852,0.145175199508667
302,0.2252737808227539,0.224632568359375,0.1388393783569336,0.14082069396972657,0.14507505416870117
303,0.22667037963867187,0.22636161804199217,0.14006833076477052,0.14043827056884767,0.1455865478515625
304,0.2250601577758789,0.22584503173828124,0.1406514072418213,0.1446341323852539,0.14514414787292482
305,0.22547334671020508,0.22502811431884764,0.14002848625183106,0.14051664352416993,0.1460948657989502
306,0.2264576530456543,0.22714738845825194,0.1380535125732422,0.1411015796661377,0.14577021598815917
307,0.22586679458618164,0.22546682357788086,0.14091577529907226,0.1408761978149414,0.14482176780700684
308,0.22515968322753907,0.22596982955932618,0.14281475067138671,0.14136507034301757,0.14579374313354493
309,0.22605979919433594,0.22592117309570312,0.14021573066711426,0.14178110122680665,0.14555389404296876
310,0.2252142333984375,0.22587581634521484,0.1431492519378662,0.14094284057617187,0.14507936477661132
311,0.22484758377075195,0.22593099594116212,0.14058882713317872,0.14125683784484863,0.1450787353515625
312,0.22729076385498048,0.22685766220092773,0.13973883628845216,0.14051941871643067,0.14477791786193847
313,0.22473611831665039,0.22568492889404296,0.13972562789916992,0.1401456642150879,0.14546690940856932
314,0.22603610992431641,0.22479621887207032,0.1402287483215332,0.13987265586853026,0.14548666000366212
315,0.22688215255737304,0.2254912567138672,0.13838315963745118,0.1386591053009033,0.1455528926849365
316,0.22477970123291016,0.22604131698608398,0.139599027633667,0.14039130210876466,0.1451229476928711
317,0.22601701736450194,0.2257980537414551,0.1384128189086914,0.1395372486114502,0.14500407218933106
318,0.22538280487060547,0.22572893142700196,0.14100289344787598,0.13872018814086914,0.14538154602050782
319,0.22690475463867188,0.2262076950073242,0.13870800018310547,0.14156954765319824,0.14541640281677246
320,0.22408891677856446,0.22535585403442382,0.13817453384399414,0.13885685920715332,0.14540216445922852
321,0.22690290451049805,0.22555583953857422,0.13800594329833984,0.13918188095092773,0.14516027450561522
322,0.22560766220092773,0.22739452362060547,0.13882898330688476,0.1391416931152344,0.14551954269409179
323,0.2253417205810547,0.22547956466674804,0.13797439575195314,0.13871474266052247,0.14461222648620606
324,0.22570430755615234,0.22588272094726564,0.138580904006958,0.1372377872467041,0.14547422409057617
325,0.22705188751220703,0.22590776443481445,0.13785310745239257,0.13936917304992677,0.14505250930786132
326,0.22583257675170898,0.22622968673706054,0.1387069034576416,0.14031785011291503,0.1453168773651123
327,0.2243427085876465,0.22525922775268556,0.1368892288208008,0.14233348846435548,0.14569270133972168
328,0.22653261184692383,0.22601850509643553,0.13738223075866698,0.1397110080718994,0.14544363975524902
329,0.22539531707763671,0.22708238601684572,0.13715206146240233,0.13797768592834472,0.14502859115600586
330,0.22553056716918946,0.22469144821166992,0.13844386100769043,0.1391184425354004,0.14629312515258788
331,0.2253933334350586,0.22681827545166017,0.13544011116027832,0.13864563941955566,0.14496413230895996
332,0.2271145439147949,0.2254970169067383,0.1381811237335205,0.13810501098632813,0.14509873390197753
333,0.22411298751831055,0.22595680236816407,0.139387149810791,0.13995161056518554,0.14505224227905272
334,0.22632680892944335,0.22581657409667968,0.1380436134338379,0.13841714859008789,0.14539052963256835
335,0.22579694747924806,0.22612060546875,0.1367841148376465,0.13977787017822266,0.1457371234893799
336,0.22636833190917968,0.2260369110107422,0.13845030784606935,0.14202707290649413,0.1456957244873047
337,0.2251686668395996,0.2246268081665039,0.14112915992736816,0.13931392669677733,0.14529529571533203
338,0.22502344131469726,0.22594371795654297,0.14117063522338869,0.1386440372467041,0.1445615005493164
339,0.22705322265625,0.22600500106811525,0.13912841796875,0.13902698516845702,0.1450776958465576
340,0.22511316299438477,0.22587427139282226,0.13666208267211913,0.13754111289978027,0.1454264259338379
341,0.22591588973999024,0.22584226608276367,0.13907407760620116,0.13602716445922852,0.14556998252868653
342,0.22578563690185546,0.22653932571411134,0.1377894973754883,0.1376012706756592,0.1455395030975342
343,0.2264234733581543,0.2248937225341797,0.13894879341125488,0.13659608840942383,0.1455112361907959
344,0.22543760299682616,0.22652957916259767,0.136611967086792,0.13328936576843262,0.14478111267089844
345,0.22666772842407226,0.22482778549194335,0.13841643333435058,0.12643756866455078,0.1456391429901123
346,0.2241220283508301,0.22690343856811523,0.13711688041687012,0.13291476249694825,0.14518365859985352
347,0.22632577896118164,0.22547565460205077,0.13678193092346191,0.13656336784362794,0.14522518157958986
348,0.2259013557434082,0.22574298858642577,0.14057595252990723,0.135577449798584,0.14506769180297852
349,0.2263448143005371,0.22602497100830077,0.1365971088409424,0.13259795188903808,0.1455762767791748
350,0.2258487892150879,0.22595123291015626,0.13757558822631835,0.12863451957702637,0.14523378372192383
351,0.22500778198242188,0.22649789810180665,0.1357966899871826,0.12591429710388183,0.14534911155700683
352,0.22565341949462892,0.22478675842285156,0.13711006164550782,0.12365725517272949,0.1453094959259033
353,0.22499248504638672,0.22774890899658204,0.13511086463928224,0.127661075592041,0.14515748023986816
354,0.22626468658447266,0.22477453231811523,0.13803465843200682,0.12238414764404297,0.14523756980895997
355,0.22567226409912108,0.22648002624511718,0.13902902603149414,0.12238757133483887,0.14493722915649415
356,0.2254377555847168,0.22547529220581056,0.1393155574798584,0.11648904800415039,0.14491524696350097
357,0.22696020126342772,0.22501800537109376,0.13687539100646973,0.11486905097961425,0.14572141647338868
358,0.2249184226989746,0.22596660614013672,0.13526424407958984,0.11313971519470215,0.14592647552490234
359,0.22631170272827147,0.2263167381286621,0.1358339500427246,0.1163897705078125,0.14550050735473632
360,0.22430557250976563,0.22611988067626954,0.1363653564453125,0.11634540557861328,0.14551877975463867
361,0.2270420265197754,0.22521957397460937,0.13600724220275878,0.11214034080505371,0.14582136154174805
362,0.22552532196044922,0.22665346145629883,0.1361568832397461,0.1104365634918213,0.14550272941589357
363,0.2254918098449707,0.22514686584472657,0.13425562858581544,0.1090768051147461,0.1450846290588379
364,0.2247588348388672,0.22777313232421875,0.13799549102783204,0.1118579387664795,0.14486658096313476
365,0.2270168113708496,0.22584476470947265,0.13742196083068847,0.10521726608276367,0.14581143379211425
366,0.22530385971069336,0.22503608703613281,0.13632925987243652,0.10718086242675781,0.1458969783782959
367,0.2257395553588867,0.22515684127807617,0.13590371131896972,0.10308610916137695,0.14531072616577148
368,0.22548143386840822,0.22551851272583007,0.1344596290588379,0.10328206062316894,0.14488226890563966
369,0.2252804183959961,0.22677221298217773,0.133803768157959,0.10120386123657227,0.14566640853881835
370,0.22636062622070313,0.22488763809204101,0.1335219383239746,0.10059529304504394,0.1448349666595459
371,0.2253386688232422,0.22644262313842772,0.13632195472717284,0.10120556831359863,0.1457492733001709
372,0.22669563293457032,0.22554039001464843,0.13656646728515626,0.10010352134704589,0.14475181579589844
373,0.2258418846130371,0.2264326286315918,0.1370059585571289,0.09625795364379883,0.14653874397277833
374,0.2260159111022949,0.22605527877807619,0.13658374786376953,0.10073973655700684,0.14518755912780762
375,0.22493417739868163,0.2260752296447754,0.13595110893249512,0.09623886108398437,0.14526372909545898
376,0.22610918045043946,0.22494396209716797,0.13619072914123534,0.09489140510559083,0.14475574493408203
377,0.22521808624267578,0.22648853302001953,0.13614957809448242,0.09529524803161621,0.1450370407104492
378,0.2261046028137207,0.225571231842041,0.1364741039276123,0.09924789428710938,0.144847412109375
379,0.22645990371704103,0.22651819229125977,0.1367045497894287,0.09358036041259765,0.14533670425415038
380,0.2255168342590332,0.22576120376586914,0.13438587188720702,0.09687300682067872,0.14571353912353516
381,0.22635372161865233,0.22458061218261718,0.13452383995056152,0.09426396369934081,0.1456357479095459
382,0.2260232925415039,0.22722978591918946,0.13377687454223633,0.0913374137878418,0.1452585792541504
383,0.22471195220947265,0.22597087860107423,0.13426218032836915,0.09211710929870605,0.14571386337280273
384,0.22520132064819337,0.22632915496826173,0.13434523582458496,0.09067482948303222,0.14493298530578613
385,0.22613550186157227,0.2259442138671875,0.13536833763122558,0.09445581436157227,0.14585001945495604
386,0.22595611572265625,0.22576927185058593,0.1367415142059326,0.09256857872009278,0.14540255546569825
387,0.22596031188964844,0.2252427864074707,0.13521193504333495,0.09402844429016113,0.1453031063079834
388,0.22565937042236328,0.22614757537841798,0.13419992446899415,0.08973185539245605,0.14619214057922364
389,0.22684953689575196,0.22623167037963868,0.13548916816711426,0.09274615287780762,0.14513894081115722
390,0.22504610061645508,0.22653295516967772,0.13314569473266602,0.09203673362731933,0.14525279998779297
391,0.22592977523803712,0.22516786575317382,0.13407630920410157,0.09126684188842774,0.14523366928100587
392,0.2258417510986328,0.22631622314453126,0.13742185592651368,0.09318681716918946,0.14582945823669433
393,0.22653820037841796,0.22476579666137694,0.1376177215576172,0.09065110206604005,0.14563749313354493
394,0.22530698776245117,0.22602443695068358,0.13671352386474608,0.09332944869995118,0.14572330474853515
395,0.22627584457397462,0.22698715209960937,0.13502915382385253,0.09069787979125976,0.14563264846801757
396,0.22562074661254883,0.22519813537597655,0.13507983207702637,0.09251553535461426,0.1452772045135498
397,0.22554681777954103,0.2260110282897949,0.13453088760375975,0.09052131652832031,0.14549132347106933
398,0.22556781768798828,0.22610027313232423,0.13705229759216309,0.09169974327087402,0.14519808769226075
399,0.2258444023132324,0.22544506072998047,0.13678165435791015,0.09731143951416016,0.1454515838623047
400,0.22525972366333008,0.22642587661743163,0.13724316596984865,0.09143539428710938,0.14476673126220704
401,0.22676555633544923,0.22658735275268554,0.13536829948425294,0.089627685546875,0.14469289779663086
402,0.22533243179321288,0.22488763809204101,0.1339402675628662,0.09436261177062988,0.14504575729370117
403,0.2253742218017578,0.22626537322998047,0.13336933135986329,0.08925300598144531,0.14529215812683105
404,0.22627548217773438,0.22547584533691406,0.133905086517334,0.09325305938720703,0.1458822727203369
405,0.22542762756347656,0.22539138793945312,0.13570722579956054,0.08980366706848145,0.14553034782409668
406,0.22633661270141603,0.22593061447143556,0.13366025924682617,0.09012494087219239,0.14475577354431152
407,0.225218505859375,0.22594776153564453,0.13768545150756836,0.0931403923034668,0.1456308937072754
408,0.22717100143432617,0.22613039016723632,0.13548269271850585,0.09419307708740235,0.14502351760864257
409,0.22433107376098632,0.22600866317749024,0.13501450538635254,0.09272246360778809,0.1450416374206543
410,0.22491697311401368,0.2262166213989258,0.13469436645507812,0.08790654182434082,0.14467153549194336
411,0.22639156341552735,0.22457693099975587,0.1320197105407715,0.08913751602172852,0.14525715827941896
412,0.225692138671875,0.22666223526000975,0.1340768814086914,0.09051608085632325,0.14492487907409668
413,0.22579620361328126,0.22553031921386718,0.13459230422973634,0.09581038475036621,0.14467430114746094
414,0.2255939292907715,0.2260662841796875,0.1326605796813965,0.09111818313598632,0.14499758720397948
415,0.22595361709594727,0.22603233337402343,0.13438799858093262,0.08987896919250488,0.1455651569366455
416,0.22599206924438475,0.2256451416015625,0.13305551528930665,0.09455253601074219,0.14524701118469238
417,0.2247675132751465,0.22528181076049805,0.13343903541564942,0.09005613327026367,0.14528427124023438
418,0.22652219772338866,0.22593317031860352,0.13286314010620118,0.09052762031555175,0.14534854888916016
419,0.2255486488342285,0.2254524612426758,0.13419706344604493,0.08946043968200684,0.14528822898864746
420,0.22544807434082031,0.22649364471435546,0.13423750877380372,0.09105816841125489,0.14487751960754394
421,0.22635711669921876,0.22667272567749022,0.13367277145385742,0.08746563911437988,0.14551079750061036
422,0.2251177215576172,0.22501487731933595,0.13306894302368164,0.08857919692993164,0.14475823402404786
423,0.22577138900756835,0.2252524757385254,0.13515617370605468,0.09194505691528321,0.14589749336242674
424,0.22648012161254882,0.22636182785034178,0.1340968894958496,0.09382987022399902,0.1456743621826172
425,0.22572126388549804,0.22623661041259766,0.13556716918945313,0.09294456481933594,0.1450268268585205
426,0.22554216384887696,0.22560224533081055,0.1343168354034424,0.09215790748596192,0.14534788131713866
427,0.2265728759765625,0.22587121963500978,0.13457828521728515,0.089151029586792,0.14587748527526856
428,0.22608478546142577,0.22584753036499022,0.1366528034210205,0.08911316871643066,0.14523832321166993
429,0.22499996185302734,0.2254939842224121,0.13445631980895997,0.08974472045898438,0.14551526069641113
430,0.22571414947509766,0.2255954360961914,0.13404954910278322,0.08988082885742188,0.14503152847290038
431,0.22565053939819335,0.22609943389892578,0.13343996047973633,0.09051942825317383,0.1451878070831299
432,0.22513486862182616,0.22672958374023439,0.133499755859375,0.08936122894287109,0.14543869972229004
433,0.22605121612548829,0.22530338287353516,0.13166001319885254,0.09326264381408692,0.14510446548461914
434,0.2248859405517578,0.22482322692871093,0.13316116333007813,0.09003023147583007,0.14504858016967773
435,0.22680782318115233,0.2267169761657715,0.13074009895324706,0.08997536659240722,0.14548425674438475
436,0.22599454879760741,0.22565380096435547,0.13187522888183595,0.08922487258911133,0.14506177902221679
437,0.22542905807495117,0.22520030975341798,0.13174768447875976,0.09039079666137695,0.14533445358276367
438,0.22516908645629882,0.2269834518432617,0.13369569778442383,0.09341564178466796,0.14577519416809082
439,0.22645221710205077,0.22464677810668945,0.1334406852722168,0.08902341842651368,0.14511138916015626
440,0.22621673583984375,0.22670026779174804,0.13521312713623046,0.0916240406036377,0.1453276538848877
441,0.2247377395629883,0.22636211395263672,0.13157164573669433,0.09191287994384766,0.14606170654296874
442,0.22665159225463868,0.22545158386230468,0.13145588874816894,0.09049471855163574,0.14545929908752442
443,0.2258645248413086,0.22577375411987305,0.1329190731048584,0.0943061923980713,0.14530136108398437
444,0.22571582794189454,0.2252921485900879,0.13079638481140138,0.09104930877685546,0.1454215908050537
445,0.22575721740722657,0.22587913513183594,0.13112996101379396,0.09102415084838868,0.14518242835998535
446,0.22602085113525391,0.2273320198059082,0.1311880111694336,0.08952458381652832,0.14559758186340332
447,0.22543386459350587,0.22435993194580078,0.13196441650390625,0.08985143661499023,0.14552932739257812
448,0.22511249542236328,0.22668012619018554,0.13158843994140626,0.09210682868957519,0.14512310981750487
449,0.2256167221069336,0.22547340393066406,0.1330099105834961,0.09407121658325196,0.1447504425048828
450,0.22632606506347655,0.22438365936279298,0.1338829517364502,0.09285758018493652,0.14606285095214844
451,0.2266485595703125,0.22680402755737306,0.13315921783447265,0.08978254318237305,0.14582749366760253
452,0.22512926101684572,0.22572668075561522,0.1327725887298584,0.0890280818939209,0.1450420570373535
453,0.22493423461914064,0.2260666847229004,0.13303790092468262,0.09237448692321777,0.14502204895019533
454,0.2260233688354492,0.2250850486755371,0.13331621170043945,0.08873093605041504,0.14577961921691895
455,0.22522420883178712,0.2266988182067871,0.13340124130249023,0.09550189971923828,0.14545771598815918
456,0.22561395645141602,0.2250567054748535,0.13208276748657227,0.09067331314086914,0.14558491706848145
457,0.22707586288452147,0.22771234512329103,0.1309819221496582,0.09036297798156738,0.14513779640197755
458,0.22463399887084962,0.22505224227905274,0.13615595817565918,0.0882681941986084,0.14589859962463378
459,0.2259470748901367,0.2262429428100586,0.13140628814697267,0.09187987327575683,0.14494197845458984
460,0.22567962646484374,0.22591516494750977,0.13172319412231445,0.093041353225708,0.14592883110046387
461,0.22651752471923828,0.22521997451782227,0.13264612197875977,0.08949284553527832,0.14568204879760743
462,0.2253135108947754,0.22669612884521484,0.13031129837036132,0.09118147850036622,0.1451466751098633
463,0.22536415100097656,0.2251698112487793,0.13080352783203125,0.08875585556030273,0.1456836700439453
464,0.2261824607849121,0.22651247024536134,0.128649320602417,0.091892671585083,0.14493583679199218
465,0.2247576904296875,0.2245819854736328,0.1316680145263672,0.0916517448425293,0.14555496215820313
466,0.2269528579711914,0.22527334213256836,0.1297358226776123,0.09574381828308105,0.1454732322692871
467,0.22500446319580078,0.22537870407104493,0.12968904495239258,0.09165812492370605,0.14566930770874023
468,0.22629600524902344,0.22765958786010743,0.12984289169311525,0.09247297286987305,0.14515804290771483
469,0.22527177810668944,0.2246444320678711,0.1308153247833252,0.09131674766540528,0.14515560150146484
470,0.22706193923950196,0.22650821685791014,0.12989638328552247,0.09229337692260742,0.1460079097747803
471,0.22477519989013672,0.22587867736816405,0.13271153450012207,0.09167427062988281,0.14512370109558106
472,0.22630428314208983,0.22588119506835938,0.13060025215148927,0.09049504280090331,0.14513996124267578
473,0.2247245979309082,0.22675657272338867,0.13227474212646484,0.09177217483520508,0.14587728500366212
474,0.22600950241088869,0.22522747039794921,0.1292678451538086,0.09433847427368164,0.14476153373718262
475,0.2249530029296875,0.22517068862915038,0.13427517890930177,0.08897741317749024,0.1455104160308838
476,0.22602642059326172,0.2261280632019043,0.1319330596923828,0.09407977104187011,0.14578378677368165
477,0.22654373168945313,0.2259284019470215,0.13010974884033202,0.09275022506713868,0.14521199226379394
478,0.2257883644104004,0.22635831832885742,0.1299317741394043,0.09100908279418946,0.14580551147460938
479,0.22592630386352539,0.22555145263671875,0.12985087394714356,0.09115297317504883,0.14505992889404296
480,0.22545112609863283,0.22619672775268554,0.13020894050598145,0.09174630165100098,0.1453668212890625
481,0.22605758666992187,0.22569345474243163,0.12937999725341798,0.09400532722473144,0.14554899215698242
482,0.19807853698730468,0.2272972869873047,0.12802417755126952,0.09213230133056641,0.14519436836242675
483,0.1512969207763672,0.22377517700195312,0.12870175361633301,0.0903701400756836,0.14506534576416016
484,0.1470462226867676,0.226879825592041,0.12932456970214845,0.09409842491149903,0.1452045440673828
485,0.14263022422790528,0.22475126266479492,0.12973883628845215,0.09785507202148437,0.14514564514160155
486,0.14377542495727538,0.22499418258666992,0.13111414909362792,0.09722491264343262,0.1448943519592285
487,0.14329489707946777,0.22639745712280274,0.12794578552246094,0.09594969749450684,0.1454461669921875
488,0.1430596351623535,0.2257865333557129,0.12911106109619142,0.09158638954162597,0.1458965492248535
489,0.1430865001678467,0.22554689407348633,0.12733781814575196,0.09601195335388184,0.14579567909240723
490,0.143261079788208,0.2272007942199707,0.12963062286376953,0.09239341735839844,0.1453905487060547
491,0.1431728744506836,0.2246335983276367,0.13096078872680664,0.09299327850341797,0.14556151390075683
492,0.14333106994628905,0.2263996696472168,0.129530086517334,0.08989250183105468,0.14529778480529784
493,0.1428989028930664,0.22510118484497071,0.1266118812561035,0.09004563331604004,0.14507323265075683
494,0.14335206031799316,0.2260568046569824,0.12976235389709473,0.09508109092712402,0.14569350242614745
495,0.14307769775390625,0.2262586784362793,0.12761884689331054,0.09363232612609863,0.14557639122009278
496,0.14333925247192383,0.22605644226074217,0.1290333938598633,0.09364778518676758,0.14486140251159668
497,0.14305480003356932,0.2272126579284668,0.1304481792449951,0.09114286422729492,0.14563352584838868
498,0.1430650520324707,0.2256826400756836,0.12898924827575683,0.09485761642456055,0.14507073402404785
499,0.14278800964355468,0.2263441276550293,0.1291734218597412,0.09176501274108886,0.14533235549926757
500,0.1426679801940918,0.22453256607055663,0.12856009483337402,0.0936861515045166,0.14515905380249022
501,0.14271446228027343,0.22660688400268555,0.12986663818359376,0.09152626991271973,0.14562487602233887
502,0.14347871780395507,0.22469736099243165,0.13085646629333497,0.09361038208007813,0.14593095779418946
503,0.14263607025146485,0.2263963508605957,0.1263232421875,0.09418758392333984,0.14520548820495605
504,0.1426907730102539,0.22616470336914063,0.12734179496765136,0.09156622886657714,0.14486872673034668
505,0.14310748100280762,0.22629859924316406,0.12712162971496582,0.0935267162322998,0.1457218647003174
506,0.1429719352722168,0.22540437698364257,0.12876845359802247,0.09506885528564453,0.14504226684570312
507,0.1436784839630127,0.22493600845336914,0.1261755084991455,0.09131608963012695,0.1458499813079834
508,0.14329495429992675,0.22665067672729491,0.1272258472442627,0.09947505950927735,0.14526166915893554
509,0.14278837203979491,0.2256304931640625,0.12632031440734864,0.08963541030883788,0.14552632331848145
510,0.14373823165893554,0.22581947326660157,0.1257975959777832,0.09439022064208985,0.14505785942077637
511,0.14317097663879394,0.2258713150024414,0.12763696670532226,0.09341424942016602,0.1456141471862793
512,0.14249301910400392,0.22532419204711915,0.12449012756347656,0.09081231117248535,0.14556804656982422
513,0.14334771156311035,0.22663131713867188,0.12850776672363282,0.09192648887634278,0.14566208839416503
514,0.1433881950378418,0.22668535232543946,0.12662332534790038,0.09336894989013672,0.14539737701416017
515,0.14327508926391602,0.22460390090942384,0.12665769577026367,0.09514527320861817,0.1453955078125
516,0.1436757278442383,0.2280152893066406,0.12655452728271485,0.09080284118652343,0.14580793380737306
517,0.14324103355407714,0.2243779182434082,0.12664687156677246,0.08982334136962891,0.14470065116882325
518,0.14277199745178223,0.22591571807861327,0.12513002395629882,0.09540358543395996,0.14516973495483398
519,0.1434352970123291,0.22661031723022462,0.12694470405578615,0.0906429386138916,0.14566699028015137
520,0.14420001983642577,0.2255345916748047,0.12832820892333985,0.09098359107971192,0.14542196273803712
521,0.14273394584655763,0.2265610885620117,0.12794722557067872,0.09262643814086914,0.14518824577331543
522,0.14315714836120605,0.22480354309082032,0.12745012283325197,0.09193379402160645,0.145467586517334
523,0.14224706649780272,0.22584808349609375,0.12836392402648925,0.09233776092529297,0.14586028099060058
524,0.14283754348754882,0.2260759925842285,0.1276776123046875,0.09125692367553712,0.14551095008850098
525,0.14354513168334962,0.22626514434814454,0.12491312026977539,0.09346636772155761,0.1450715923309326
526,0.14459211349487305,0.22560228347778322,0.1275326919555664,0.09402547836303711,0.14526861190795898
527,0.1429765224456787,0.2255221939086914,0.1252191925048828,0.09258182525634766,0.14523228645324707
528,0.14194571495056152,0.22549047470092773,0.1251554584503174,0.09100335121154784,0.14564659118652343
529,0.14311958312988282,0.22671588897705078,0.1275280475616455,0.09098042488098144,0.1453125762939453
530,0.14164423942565918,0.22673330307006836,0.12595516204833984,0.09049775123596192,0.14513893127441407
531,0.14323290824890136,0.22616168975830078,0.12550582885742187,0.09217920303344726,0.1449928092956543
532,0.1417362880706787,0.22486324310302735,0.13068180084228515,0.09084553718566894,0.14525711059570312
533,0.14220745086669923,0.22506387710571288,0.12490737915039063,0.09379755020141602,0.14504082679748534
534,0.14256277084350585,0.22615846633911132,0.1253451442718506,0.09869715690612793,0.14511726379394532
535,0.141783447265625,0.2261688232421875,0.127454776763916,0.10068072319030762,0.14556050300598145
536,0.14296464920043944,0.2259993362426758,0.12473806381225586,0.09135293960571289,0.14472787857055663
537,0.14152060508728026,0.2260499954223633,0.12431124687194824,0.09307965278625488,0.1452854347229004
538,0.14276180267333985,0.22521577835083006,0.12691763877868653,0.09163627624511719,0.14573809623718262
539,0.14265989303588866,0.22575925827026366,0.12447246551513672,0.09207547187805176,0.14527338981628418
540,0.14299628257751465,0.22577737808227538,0.12359842300415039,0.09313444137573242,0.1448337745666504
541,0.14251473426818848,0.2249342155456543,0.12802883148193359,0.09350696563720703,0.14574947357177734
542,0.1422174644470215,0.22680957794189452,0.12611765861511232,0.09234283447265625,0.14529580116271973
543,0.14252591133117676,0.22574378967285155,0.12404758453369141,0.09110049247741699,0.14532266616821288
544,0.14258893013000487,0.22620615005493164,0.12388554573059082,0.09656850814819336,0.14530964851379394
545,0.1451088333129883,0.22541448593139649,0.12498600959777832,0.09055233001708984,0.1452881622314453
546,0.14256970405578615,0.22633636474609375,0.12463512420654296,0.09487070083618164,0.14495339393615722
547,0.14179766654968262,0.22601613998413086,0.12611350059509277,0.09192994117736816,0.14447470664978027
548,0.1425919246673584,0.22650827407836915,0.12226776123046874,0.0899685001373291,0.1453001880645752
549,0.1417319107055664,0.22389057159423828,0.1269560432434082,0.09453557968139649,0.14525092124938965
550,0.1419171905517578,0.22650203704833985,0.12324012756347656,0.09472869873046875,0.14596160888671875
551,0.1414902400970459,0.22687326431274413,0.1258937358856201,0.09316566467285156,0.14515944480895995
552,0.14427865028381348,0.2259918975830078,0.12433121681213379,0.09743321418762207,0.14556094169616698
553,0.14187191009521485,0.2258157539367676,0.12260792732238769,0.09368701934814454,0.1450313377380371
554,0.14211821556091309,0.22525833129882813,0.12492287635803223,0.09242551803588867,0.1447564697265625
555,0.14227283477783204,0.2264307975769043,0.12249746322631835,0.09121026039123535,0.14525140762329103
556,0.14147299766540528,0.22484582901000977,0.12341789245605468,0.09119294166564941,0.14510900497436524
557,0.14323129653930664,0.22557241439819337,0.12386199951171875,0.09074729919433594,0.14548794746398927
558,0.14335519790649415,0.2270343017578125,0.1253141498565674,0.09002485275268554,0.14502573013305664
559,0.1418737316131592,0.22464326858520509,0.12398674964904785,0.0948945140838623,0.14513515472412108
560,0.1419309425354004,0.2263319206237793,0.128456449508667,0.09140256881713867,0.1447504711151123
561,0.14227107048034668,0.2253010940551758,0.12580942153930663,0.09547975540161133,0.1457335662841797
562,0.14535569190979003,0.22587562561035157,0.12326758384704589,0.09354835510253906,0.14569589614868164
563,0.1435953426361084,0.22519029617309572,0.12578227043151854,0.09180459022521972,0.14557350158691407
564,0.14217251777648926,0.22650054931640626,0.1245934772491455,0.09054341316223144,0.14519193649291992
565,0.1423654842376709,0.22528722763061523,0.12482913970947265,0.09294095039367675,0.14540457725524902
566,0.14328763008117676,0.22464271545410155,0.12220150947570801,0.09032555580139161,0.14532620429992676
567,0.14005763053894044,0.22618871688842773,0.1269823455810547,0.09197525024414062,0.1454759979248047
568,0.1409582042694092,0.22648466110229493,0.12370336532592774,0.09339168548583984,0.1452525234222412
569,0.14119362831115723,0.22623010635375976,0.12484889030456543,0.08982206344604492,0.14552699089050292
570,0.14555001258850098,0.22559257507324218,0.12426703453063964,0.09217551231384277,0.14542125701904296
571,0.1449648380279541,0.2254801559448242,0.12507007598876954,0.09318633079528808,0.14481548309326173
572,0.14472579956054688,0.2266544532775879,0.1252345085144043,0.09015783309936523,0.1451123523712158
573,0.1450165843963623,0.22536235809326172,0.12392175674438477,0.09268827438354492,0.14551063537597655
574,0.14351055145263672,0.22580026626586913,0.12440760612487793,0.0926572036743164,0.14519076347351073
575,0.1417660903930664,0.2258900833129883,0.12453095436096191,0.09111767768859863,0.14525341987609863
576,0.14218225479125976,0.22571294784545898,0.12471661567687989,0.09430231094360352,0.14508295059204102
577,0.14317761421203612,0.22552978515625,0.12372667312622071,0.09075221061706543,0.14588054656982422
578,0.1431429672241211,0.22548439025878905,0.12194358825683593,0.09040263175964355,0.1450318241119385
579,0.14120213508605958,0.22745340347290038,0.12266644477844238,0.09102788925170899,0.14544930458068847
580,0.14264219284057617,0.22609518051147462,0.12278427124023437,0.09209698677062989,0.145651216506958
581,0.14279864311218263,0.22639272689819337,0.12105633735656739,0.0908137321472168,0.14517793655395508
582,0.14489805221557617,0.22511478424072265,0.1256641674041748,0.08877814292907715,0.14459481239318847
583,0.14210330963134765,0.22569091796875,0.12360739707946777,0.08920326232910156,0.14582019805908203
584,0.14300521850585937,0.22661836624145507,0.1253372287750244,0.0908878993988037,0.1447175407409668
585,0.14363983154296875,0.22620162963867188,0.12213948249816894,0.09425201416015624,0.14509689331054687
586,0.14128296852111816,0.22523530960083007,0.12394566535949707,0.09161385536193847,0.14514293670654296
587,0.1414315605163574,0.2256785011291504,0.12291915893554688,0.0913316822052002,0.14544421195983886
588,0.14329881668090821,0.22646265029907225,0.12615118980407714,0.09020877838134765,0.1456930732727051
589,0.14108392715454102,0.22491079330444336,0.1222734260559082,0.08904431343078613,0.14420852661132813
590,0.14311125755310058,0.22602832794189454,0.12266121864318848,0.0901364517211914,0.1448800468444824
591,0.14127941131591798,0.2253468894958496,0.12257959365844727,0.09214216232299804,0.1453571319580078
592,0.14122962951660156,0.22612108230590822,0.1227114200592041,0.09184000968933105,0.14559898376464844
593,0.14070512771606444,0.22585487365722656,0.12240884780883789,0.09044485092163086,0.14615579605102538
594,0.14221256256103515,0.2250814437866211,0.1246674919128418,0.09244411468505859,0.14515164375305176
595,0.1405958366394043,0.22578254699707032,0.12284671783447265,0.09059173583984376,0.1457451820373535
596,0.14250078201293945,0.22569110870361328,0.12277821540832519,0.09242772102355958,0.14492396354675294
597,0.1433457088470459,0.22632675170898436,0.1234375286102295,0.09446344375610352,0.1452269458770752
598,0.14482908248901366,0.22541725158691406,0.12388474464416505,0.09350552558898925,0.14563483238220215
599,0.14366222381591798,0.22553785324096678,0.12364742279052734,0.08944879531860352,0.14492788314819335
600,0.14253063201904298,0.22562782287597657,0.12477212905883789,0.09483914375305176,0.14480603218078614
601,0.1440927791595459,0.22637069702148438,0.12086718559265136,0.08957801818847656,0.14529906272888182
602,0.14397557258605956,0.2268922233581543,0.1242982292175293,0.09177063941955567,0.14545305252075194
603,0.14027867317199708,0.2252829170227051,0.12003785133361816,0.09157812118530273,0.14493009567260742
604,0.14136943817138672,0.2256119155883789,0.12271595954895019,0.08941943168640137,0.1451810073852539
605,0.14068568229675293,0.22609161376953124,0.12494255065917968,0.09116237640380859,0.14455735206604003
606,0.1406381320953369,0.22669231414794921,0.12244349479675293,0.09042563438415527,0.14537482261657714
607,0.14043577194213866,0.22498062133789062,0.12147323608398437,0.08902388572692871,0.14517045974731446
608,0.14084896087646484,0.22601722717285155,0.12225325584411621,0.09032992362976074,0.14580392837524414
609,0.1409285545349121,0.22489097595214844,0.12131068229675293,0.09010934829711914,0.14536552429199218
610,0.13941390991210936,0.22705062866210937,0.12059513092041016,0.0895805835723877,0.1450108051300049
611,0.14020030975341796,0.2249753761291504,0.12074014663696289,0.0915045166015625,0.1453450870513916
612,0.14235179901123046,0.22654125213623047,0.1241540813446045,0.09371095657348633,0.1459812068939209
613,0.14093262672424317,0.22442041397094725,0.1220284366607666,0.09225131988525391,0.14493157386779784
614,0.13916367530822754,0.22568828582763673,0.12237509727478027,0.08962305068969727,0.14508549690246583
615,0.13983919143676757,0.22702211380004883,0.12246974945068359,0.08808921813964844,0.1450257682800293
616,0.1444532871246338,0.2245306396484375,0.12365789413452148,0.08925665855407715,0.1452782344818115
617,0.1434142017364502,0.22730756759643556,0.12218166351318359,0.0936457347869873,0.1458765983581543
618,0.1402873992919922,0.22564695358276368,0.12066075325012207,0.08877685546875,0.14606000900268554
619,0.13902015686035157,0.22574413299560547,0.12424691200256348,0.08841266632080078,0.14497663497924804
620,0.1387821102142334,0.2250203323364258,0.1209687614440918,0.08762761116027833,0.14506828308105468
621,0.14008585929870607,0.22703330993652343,0.12193641662597657,0.08895989418029786,0.1449543285369873
622,0.1407654571533203,0.22483709335327148,0.12266315460205078,0.08951840400695801,0.14533188819885254
623,0.1409972381591797,0.22647621154785155,0.12104158401489258,0.08900712966918946,0.14455745697021485
624,0.14096272468566895,0.22521526336669923,0.12304123878479004,0.08713135719299317,0.14697324752807617
625,0.13960058212280274,0.22610801696777344,0.12408380508422852,0.08974770545959472,0.14582060813903808
626,0.14039187431335448,0.22634769439697267,0.12476664543151855,0.08838340759277344,0.14542608261108397
627,0.13864130020141602,0.22487049102783202,0.1210866928100586,0.08715610504150391,0.14480101585388183
628,0.14089238166809082,0.22635259628295898,0.12157231330871582,0.0887696075439453,0.14492424011230468
629,0.1380285167694092,0.22566850662231444,0.12159659385681153,0.0909799575805664,0.1456616497039795
630,0.14031756401062012,0.2256149673461914,0.12272819519042968,0.0894533634185791,0.14535061836242677
631,0.13857526779174806,0.22568513870239257,0.1254991340637207,0.09039353370666504,0.1456926155090332
632,0.13750301361083983,0.2255465316772461,0.12264086723327637,0.08926860809326172,0.14524927139282226
633,0.14019540786743165,0.22584468841552735,0.12150547027587891,0.09375282287597657,0.1455927848815918
634,0.13934686660766601,0.22583446502685547,0.12166745185852051,0.0894957160949707,0.14533782005310059
635,0.13899504661560058,0.2264110565185547,0.12140674591064453,0.0887294864654541,0.14550328254699707
636,0.1391143798828125,0.22513662338256835,0.12102052688598633,0.08881579399108887,0.1453663921356201
637,0.1385507583618164,0.22658838272094728,0.1197169303894043,0.09012298583984375,0.14526004791259767
638,0.1403970527648926,0.226060733795166,0.12190337181091308,0.08942649841308593,0.1453522777557373
639,0.14058175086975097,0.2245107650756836,0.12130210876464843,0.08912459373474121,0.14486969947814943
640,0.13764917373657226,0.22707387924194336,0.12285982131958008,0.08620956420898437,0.14553898811340332
641,0.1416787338256836,0.2256649398803711,0.12077082633972168,0.08935113906860352,0.14534244537353516
642,0.13829354286193848,0.22573972702026368,0.12103667259216308,0.08808058738708496,0.1440310001373291
643,0.143600435256958,0.22518911361694335,0.11937067985534668,0.08851802825927735,0.1455168342590332
644,0.14245039939880372,0.22651247024536134,0.12040947914123536,0.08719241142272949,0.1451352310180664
645,0.14030216217041017,0.22573131561279297,0.12034539222717285,0.08731945991516113,0.1450157070159912
646,0.14056481361389161,0.22603725433349608,0.11961658477783203,0.08609403610229492,0.14492786407470704
647,0.1403595542907715,0.2256757164001465,0.12149649620056152,0.08973174095153809,0.1441030693054199
648,0.14076052665710448,0.22637273788452147,0.1210336971282959,0.08876948356628418,0.14606720924377442
649,0.13895923614501954,0.22557804107666016,0.12071279525756835,0.08623049736022949,0.14565120697021483
650,0.13919167518615722,0.22616044998168947,0.11980809211730957,0.0900030517578125,0.14508517265319823
651,0.1376557731628418,0.2265840530395508,0.11962845802307129,0.08770071029663086,0.14503820419311522
652,0.13894896507263182,0.22461753845214844,0.12282380104064941,0.08630023002624512,0.14563112258911132
653,0.14282872200012206,0.22676681518554687,0.12083839416503907,0.0856238842010498,0.14506111145019532
654,0.13885190963745117,0.2249686050415039,0.1207068157196045,0.08645390510559083,0.1448934268951416
655,0.14033449172973633,0.226242733001709,0.11898350715637207,0.08940279960632325,0.1454187297821045
656,0.13830891609191895,0.22527460098266602,0.12033074378967284,0.09047048568725585,0.14500020027160646
657,0.139588041305542,0.22559297561645508,0.1205677890777588,0.0875290298461914,0.14580632209777833
658,0.13801853179931642,0.2255297088623047,0.11873323440551758,0.08788809776306153,0.14529659271240233
659,0.13872567176818848,0.2264686965942383,0.11932265281677246,0.08755537986755371,0.14619096755981445
660,0.1410261058807373,0.22587841033935546,0.12194067001342773,0.09142727851867676,0.1460694408416748
661,0.13937870979309083,0.2279682922363281,0.11857542991638184,0.08830464363098145,0.14522223472595214
662,0.1380322265625,0.22370113372802736,0.12076008796691895,0.0886942481994629,0.1452691650390625
663,0.13839387893676758,0.22689939498901368,0.11977527618408203,0.08691814422607422,0.144696626663208
664,0.1382761573791504,0.22443382263183595,0.12113383293151855,0.08483428001403809,0.1460941791534424
665,0.13705002784729003,0.22638994216918945,0.11936656951904297,0.08758792877197266,0.14584507942199706
666,0.13771551132202148,0.22645416259765624,0.11994314193725586,0.08575335502624512,0.14547928810119629
667,0.1379536819458008,0.22564010620117186,0.1212208080291748,0.08622214317321777,0.1448274326324463
668,0.13741810798645018,0.22633384704589843,0.12063020706176758,0.0888442611694336,0.14499873161315918
669,0.13927342414855956,0.2252146530151367,0.12050189971923828,0.08875795364379883,0.14591185569763185
670,0.13962533950805664,0.22643558502197267,0.12066129684448242,0.0901915168762207,0.14561650276184082
671,0.14110336303710938,0.22582950592041015,0.11891374588012696,0.08804143905639648,0.14602439880371093
672,0.1377621555328369,0.22467132568359374,0.11932801246643067,0.08848609924316406,0.1453975772857666
673,0.136934814453125,0.22677665710449219,0.1191907787322998,0.0865260410308838,0.14532149314880372
674,0.13689658164978027,0.2248614501953125,0.11978679656982422,0.08868670463562012,0.14498430252075195
675,0.1420705509185791,0.22714874267578125,0.12123844146728516,0.08697410583496094,0.1444440460205078
676,0.13770103454589844,0.2251569938659668,0.1187551212310791,0.08830724716186523,0.1447804832458496
677,0.1397819137573242,0.22656404495239257,0.12112658500671386,0.08680296897888183,0.14561260223388672
678,0.13616281509399414,0.22495288848876954,0.11905967712402343,0.08799668312072755,0.14560773849487305
679,0.13954103469848633,0.22629228591918946,0.1195877742767334,0.08811478614807129,0.14471112251281737
680,0.13665919303894042,0.2247930908203125,0.12036469459533691,0.08733988761901855,0.14548418998718263
681,0.13922072410583497,0.2242538070678711,0.11837176322937011,0.08818129539489745,0.14457330703735352
682,0.1393002986907959,0.22619739532470703,0.12165349006652831,0.08744118690490722,0.1452336597442627
683,0.13823664665222168,0.226633243560791,0.12042200088500976,0.0895506477355957,0.1453259754180908
684,0.1376350975036621,0.22597789764404297,0.12143107414245606,0.08761678695678711,0.14513671875
685,0.1366833209991455,0.22603477478027345,0.11924289703369141,0.08590124130249023,0.1452834415435791
686,0.13849952697753906,0.22565868377685547,0.11882786750793457,0.0872878360748291,0.14506071090698242
687,0.13698128700256348,0.22616497039794922,0.11922952651977539,0.08706789970397949,0.14526390075683593
688,0.13708918571472167,0.2267005729675293,0.11753009796142579,0.08814386367797851,0.14537240028381349
689,0.1358424472808838,0.2246059799194336,0.11838593482971191,0.0881651782989502,0.1458580493927002
690,0.1366191577911377,0.2266201400756836,0.12022600173950196,0.08655697822570801,0.14550633430480958
691,0.13762989044189453,0.22558460235595704,0.1186060905456543,0.09025686264038085,0.14492868423461913
692,0.13825860023498535,0.22584766387939453,0.12124441146850586,0.09393094062805175,0.14562711715698243
693,0.14011764526367188,0.2258269691467285,0.11803954124450683,0.0885058307647705,0.14482712745666504
694,0.1382617950439453,0.22515052795410156,0.11890050888061524,0.08711090087890624,0.1455205821990967
695,0.13671910285949707,0.2269578742980957,0.12039162635803223,0.08636684417724609,0.1450825500488281
696,0.13620173454284668,0.22491497039794922,0.12141507148742675,0.08596331596374512,0.14548127174377443
697,0.140156888961792,0.22548755645751953,0.11936063766479492,0.0869825839996338,0.14535750389099122
698,0.1369754981994629,0.22560434341430663,0.11779864311218262,0.0875938892364502,0.14496594429016113
699,0.13608041763305664,0.2273324203491211,0.11826325416564941,0.08603961944580078,0.145283842086792
700,0.1369391632080078,0.22599328994750978,0.1173060417175293,0.08769123077392578,0.145429105758667
701,0.13636260032653807,0.2254754638671875,0.11888879776000977,0.08597806930541992,0.14565390586853028
702,0.1354812812805176,0.22603460311889648,0.12288993835449219,0.08606423377990723,0.1445670986175537
703,0.13637510299682618,0.22321252822875975,0.11940190315246582,0.0858676528930664,0.14504458427429198
704,0.13545825004577636,0.2284530830383301,0.11745214462280273,0.08603742599487305,0.14492543220520018
705,0.1357487678527832,0.22608381271362304,0.1196424674987793,0.08830057144165039,0.14563968658447266
706,0.1360946273803711,0.22578302383422852,0.11822430610656738,0.08569584846496582,0.14536011695861817
707,0.13632736206054688,0.22580123901367188,0.11898120880126953,0.0893145751953125,0.14518573760986328
708,0.13771434783935546,0.22501880645751954,0.11683392524719238,0.08855910301208496,0.1449241542816162
709,0.1367500591278076,0.2263527297973633,0.11829665184020996,0.08912508010864258,0.1461634922027588
710,0.13671859741210937,0.22640232086181641,0.11606414794921875,0.08725188255310058,0.1454513454437256
711,0.13659535408020018,0.2257915687561035,0.11766136169433594,0.08603148460388184,0.1450661849975586
712,0.1363242530822754,0.22600749969482423,0.1197672176361084,0.08510937690734863,0.14531244277954103
713,0.13537203788757324,0.22482303619384766,0.11772995948791504,0.08747226715087891,0.14453575134277344
714,0.1347593879699707,0.22713403701782225,0.11915626525878906,0.08739388465881348,0.14564642906188965
715,0.1356050205230713,0.22542076110839843,0.11790121078491211,0.08758986473083497,0.14536538124084472
716,0.1348499584197998,0.22598758697509766,0.11748544692993164,0.08642865180969238,0.14505717277526856
717,0.13518182754516603,0.22532651901245118,0.11820054054260254,0.0844600772857666,0.1454487419128418
718,0.13511395454406738,0.22609130859375,0.11697450637817383,0.0857644271850586,0.1454103946685791
719,0.13715605735778807,0.22591075897216797,0.11782042503356933,0.08451520919799804,0.1450820541381836
720,0.1377246379852295,0.22703668594360352,0.11647775650024414,0.08524027824401856,0.14484134674072266
721,0.13661574363708495,0.224873046875,0.12102675437927246,0.08636385917663575,0.14531517028808594
722,0.13436126708984375,0.22518814086914063,0.11833237648010254,0.08509432792663574,0.14480950355529784
723,0.13576361656188965,0.22712568283081055,0.11730612754821777,0.08611309051513671,0.14581631660461425
724,0.13578639030456544,0.2247926902770996,0.11822314262390136,0.08820849418640136,0.14475868225097657
725,0.13550721168518065,0.22567592620849608,0.11736943244934082,0.08490071296691895,0.14565404891967773
726,0.1354656982421875,0.22694684982299804,0.11747803688049316,0.08476941108703613,0.14537858009338378
727,0.1354307460784912,0.22524324417114258,0.11670578002929688,0.08765461921691894,0.14532212257385255
728,0.13782651901245116,0.22533607482910156,0.11923824310302734,0.08506887435913085,0.1450677013397217
729,0.13416743278503418,0.2260422897338867,0.11699999809265137,0.08764442443847656,0.1445552921295166
730,0.13405906677246093,0.22604761123657227,0.1190017318725586,0.08890339851379395,0.14534956932067872
731,0.13429730415344238,0.22598859786987305,0.11800687789916992,0.08522562980651856,0.145279598236084
732,0.13971446037292481,0.2251873016357422,0.11749401092529296,0.08648009300231933,0.14483789443969727
733,0.13637518882751465,0.22603143692016603,0.11844374656677246,0.08514314651489258,0.145240421295166
734,0.13390351295471192,0.2264166831970215,0.11800274848937989,0.08954128265380859,0.14520442962646485
735,0.1361837577819824,0.22580053329467772,0.11890304565429688,0.08721959114074707,0.14454806327819825
736,0.13386982917785645,0.22562675476074218,0.11742613792419433,0.08598665237426757,0.14484719276428223
737,0.13555302619934081,0.2245815086364746,0.1204442596435547,0.08602362632751465,0.1449806022644043
738,0.13526321411132813,0.22657354354858397,0.11756446838378906,0.09014627456665039,0.144856538772583
739,0.13446500778198242,0.22642156600952149,0.11744256019592285,0.08590707778930665,0.14403775215148926
740,0.13578354835510253,0.22511644363403321,0.11772156715393066,0.08672463417053222,0.14311583518981932
741,0.1356317615509033,0.22628376007080078,0.11841387748718261,0.08398152351379394,0.14385625839233399
742,0.1333565044403076,0.22591827392578126,0.11872875213623046,0.08412052154541015,0.1428505325317383
743,0.13464973449707032,0.2267058563232422,0.12007978439331055,0.08724029541015625,0.14239704132080078
744,0.13424540519714356,0.2249882698059082,0.11917539596557618,0.08604957580566407,0.14567702293395995
745,0.13534626960754395,0.2277189636230469,0.1199761962890625,0.08535873413085937,0.1453881549835205
746,0.13466139793395995,0.2237628936767578,0.11689761161804199,0.08524895668029785,0.145396146774292
747,0.14004718780517578,0.22519393920898437,0.11990903854370118,0.08370102882385254,0.1451524829864502
748,0.1334367275238037,0.22589235305786132,0.11900023460388183,0.08908743858337402,0.14571316719055175
749,0.13301602363586426,0.2259859848022461,0.11895165443420411,0.08718525886535644,0.14444604873657227
750,0.13438424110412597,0.2260036849975586,0.11958279609680175,0.08663939476013184,0.14505996704101562
751,0.13422905921936035,0.22590105056762697,0.11994275093078613,0.09392746925354004,0.14419770240783691
752,0.13249121665954589,0.22625860214233398,0.12073647499084472,0.08520524978637695,0.14418863296508788
753,0.13404723167419433,0.22638801574707032,0.11943120002746582,0.08651542663574219,0.1435798168182373
754,0.13252195358276367,0.22544649124145508,0.11869706153869629,0.08582786560058593,0.14221096992492677
755,0.13448992729187012,0.2253276824951172,0.12223007202148438,0.08616220474243164,0.14380206108093263
756,0.13209513664245606,0.22563146591186523,0.12188394546508789,0.08947007179260254,0.1427857494354248
757,0.13511058807373047,0.22645338058471678,0.11919918060302734,0.08546698570251465,0.14252375602722167
758,0.13268118858337402,0.22490629196166992,0.11929441452026367,0.08488625526428223,0.14134279251098633
759,0.13453826904296876,0.22737205505371094,0.11908345222473145,0.08426309585571289,0.14209919929504394
760,0.13448409080505372,0.22522563934326173,0.11933737754821777,0.0862961483001709,0.14098854064941407
761,0.13568680763244628,0.22631973266601563,0.12036666870117188,0.08460186004638671,0.14075475692749023
762,0.13394158363342284,0.22544269561767577,0.11817830085754394,0.08564386367797852,0.13928739547729493
763,0.13460711479187012,0.22567319869995117,0.11900673866271973,0.08535586357116699,0.13863832473754883
764,0.13227151870727538,0.22605110168457032,0.12088052749633789,0.0841086196899414,0.13850773811340333
765,0.13471946716308594,0.2272934341430664,0.12156857490539551,0.08665528297424316,0.1373144817352295
766,0.1334921360015869,0.22454757690429689,0.11810707092285157,0.08504847526550292,0.13712314605712891
767,0.13389985084533693,0.22545581817626953,0.12030609130859375,0.08494314193725586,0.13740466117858888
768,0.1357431983947754,0.22628787994384766,0.1187722396850586,0.08685975074768067,0.1353370475769043
769,0.13515583992004396,0.22608142852783203,0.11828410148620605,0.08410619735717774,0.1347176456451416
770,0.13462389945983888,0.2262324333190918,0.1207355785369873,0.08470124244689942,0.13851008415222169
771,0.13607406616210938,0.2255592155456543,0.12015974044799804,0.08534054756164551,0.1341397285461426
772,0.13261109352111816,0.22632089614868164,0.12034638404846192,0.08277053833007812,0.131673002243042
773,0.13583903312683104,0.22566041946411133,0.11868538856506347,0.08402438163757324,0.13300270080566406
774,0.13407234191894532,0.22535331726074218,0.1180286693572998,0.08545799255371093,0.1308078670501709
775,0.13592960357666015,0.22648389816284178,0.12003436088562011,0.0870591640472412,0.1309755802154541
776,0.13375218391418456,0.22562345504760742,0.1190959358215332,0.08589322090148926,0.1295073699951172
777,0.13224274635314942,0.22531543731689452,0.12113985061645507,0.08599527359008789,0.1285032081604004
778,0.13191368103027343,0.2267576789855957,0.11843402862548828,0.0849432373046875,0.12704363822937012
779,0.13117989540100097,0.22487728118896486,0.11821087837219238,0.08760101318359376,0.1281339168548584
780,0.1350117492675781,0.22575387954711915,0.12062655448913574,0.08487784385681152,0.13003493309020997
781,0.13248690605163574,0.22581924438476564,0.12055209159851074,0.0838802433013916,0.12607799530029296
782,0.13504220008850099,0.2264043617248535,0.11854038238525391,0.08480392456054688,0.12540509223937987
783,0.1327054214477539,0.22674907684326173,0.11957087516784667,0.08366773605346679,0.12770562171936034
784,0.1367341709136963,0.22603260040283202,0.1200075912475586,0.08653425216674805,0.12218195915222169
785,0.13417891502380372,0.22510383605957032,0.11877337455749512,0.0840972137451172,0.12981462478637695
786,0.13258777618408202,0.22674860000610353,0.1209763240814209,0.08442727088928223,0.12255643844604493
787,0.13370400428771972,0.22463254928588866,0.11904987335205078,0.08433805465698242,0.12084228515625
788,0.13170753479003905,0.2267708396911621,0.12035780906677246,0.08583320617675781,0.12185505867004394
789,0.13297950744628906,0.22544471740722657,0.11974531173706054,0.08422871589660645,0.11986897468566894
790,0.1314360237121582,0.22526029586791993,0.11815449714660645,0.08488929748535157,0.11878052711486817
791,0.13140926361083985,0.22699554443359374,0.11909147262573243,0.08964499473571777,0.12487648963928223
792,0.13182604789733887,0.22474905014038085,0.11784713745117187,0.08351096153259277,0.11966742515563965
793,0.13332832336425782,0.2263836669921875,0.12070634841918945,0.08578286170959473,0.12058878898620605
794,0.13013723373413086,0.22554603576660157,0.11944372177124024,0.08472247123718261,0.12077364921569825
795,0.13248271942138673,0.22607889175415039,0.12129165649414063,0.08813775062561036,0.11790693283081055
796,0.1345999336242676,0.22488691329956054,0.11878559112548828,0.08652990341186523,0.120282621383667
797,0.13127796173095704,0.2255006790161133,0.11671465873718262,0.08419225692749023,0.11518834114074707
798,0.1320384407043457,0.22667228698730468,0.11834130287170411,0.0837606143951416,0.11384980201721191
799,0.1308121109008789,0.22564125061035156,0.1171898078918457,0.08750411987304688,0.11493003845214844
800,0.13676167488098145,0.22611865997314454,0.12059738159179688,0.08385871887207032,0.11700990676879883
801,0.13225069046020507,0.22481338500976564,0.11994800567626954,0.0845460319519043,0.11962921142578126
802,0.13135539054870604,0.2262921905517578,0.11981629371643067,0.08450764656066895,0.11250570297241211
803,0.13091171264648438,0.2256513023376465,0.11917275428771973,0.0859232234954834,0.11450773239135742
804,0.1327383804321289,0.2256142234802246,0.11773144721984863,0.08575606346130371,0.11427590370178223
805,0.13291669845581056,0.22612443923950196,0.11834500312805175,0.08818689346313477,0.11186422348022461
806,0.13260221481323242,0.22600847244262695,0.11720477104187012,0.08516960144042969,0.10754679679870606
807,0.13319562911987304,0.22637781143188476,0.11919532775878906,0.08291026115417481,0.11219450950622559
808,0.13148750305175783,0.2254900550842285,0.11973284721374512,0.08564535140991211,0.10926135063171387
809,0.13324999809265137,0.2251793098449707,0.11856624603271484,0.08361955642700196,0.1087327766418457
810,0.13329423904418947,0.2262982177734375,0.11893752098083496,0.08385285377502441,0.11148798942565918
811,0.13333953857421876,0.2252656364440918,0.11791129112243652,0.0857308578491211,0.10714363098144532
812,0.13334699630737304,0.22656957626342775,0.11781896591186523,0.08354650497436523,0.10856395721435547
813,0.13176218986511232,0.22476116180419922,0.12222485542297364,0.08461219787597657,0.10693135261535644
814,0.1334225368499756,0.22661977767944336,0.11996540069580078,0.08423635482788086,0.108623685836792
815,0.13386786460876465,0.2253248405456543,0.1185016918182373,0.08473846435546875,0.1077670955657959
816,0.1316349697113037,0.22672855377197265,0.11895466804504394,0.08244601249694825,0.10495745658874511
817,0.13638647079467772,0.22497413635253907,0.11893531799316406,0.08452521324157715,0.10636034965515137
818,0.13174408912658692,0.2258636474609375,0.11718975067138672,0.08425263404846191,0.1075229549407959
819,0.13326677322387695,0.22643133163452148,0.11806528091430664,0.08566410064697266,0.10565600395202637
820,0.12982569694519042,0.22564720153808593,0.12270701408386231,0.08389684677124024,0.11095474243164062
821,0.13194072723388672,0.22564323425292968,0.12225261688232422,0.08364741325378418,0.10404946327209473
822,0.13058664321899413,0.22565006256103515,0.11785891532897949,0.08470080375671386,0.10428290367126465
823,0.13285616874694825,0.2263653564453125,0.11830390930175781,0.08270606994628907,0.1017328929901123
824,0.13369114875793456,0.224925479888916,0.11667771339416504,0.08385811805725098,0.10024572372436523
825,0.1315414333343506,0.22631542205810548,0.11851365089416505,0.08449376106262207,0.1029256248474121
826,0.1307215404510498,0.22614898681640624,0.117864990234375,0.08473772048950196,0.10696737289428711
827,0.13375499725341797,0.2252821922302246,0.11656022071838379,0.08609046936035156,0.10200489044189454
828,0.13196678161621095,0.2257692337036133,0.11872796058654785,0.0862279224395752,0.10739892959594727
829,0.12987715721130372,0.22656990051269532,0.11796764373779296,0.08655806541442872,0.10021710395812988
830,0.1424568462371826,0.22656890869140625,0.11714485168457031,0.08457924842834473,0.10049167633056641
831,0.13058185577392578,0.22486421585083008,0.11837957382202148,0.08701585769653321,0.10287539482116699
832,0.13126691818237304,0.22604602813720703,0.1172248363494873,0.08656887054443359,0.10262141227722169
833,0.13155250549316405,0.22585296630859375,0.11758715629577637,0.08388888359069824,0.09901237487792969
834,0.13276371002197265,0.22527769088745117,0.1175694751739502,0.08496217727661133,0.10169452667236328
835,0.13163232803344727,0.22703144073486328,0.11822177886962891,0.08220552444458008,0.10021401405334472
836,0.13317739486694335,0.2248760223388672,0.11848918914794922,0.08445581436157226,0.099117431640625
837,0.12907379150390624,0.22688446044921876,0.11897810935974121,0.08445090293884278,0.10019773483276367
838,0.13047624588012696,0.22476430892944335,0.11780165672302247,0.08796905517578125,0.10210163116455079
839,0.1320856285095215,0.225974178314209,0.1182498836517334,0.08272959709167481,0.10027251243591309
840,0.13162918090820314,0.2256062698364258,0.11733542442321777,0.08720023155212403,0.09913124084472656
841,0.1305011558532715,0.22620000839233398,0.11965728759765625,0.08485883712768555,0.10377593994140626
842,0.13030799865722656,0.2256966018676758,0.12001559257507324,0.08461851119995117,0.09924610137939453
843,0.13037609100341796,0.22529634475708007,0.1177344036102295,0.0860794448852539,0.0993057918548584
844,0.13154390335083008,0.22692092895507812,0.11945420265197754,0.08339840888977051,0.0964401912689209
845,0.13331969261169432,0.225411376953125,0.11717968940734863,0.08449826240539551,0.09772407531738281
846,0.13078879356384276,0.2263172149658203,0.11815963745117188,0.09118969917297363,0.09472661018371582
847,0.1305827045440674,0.22526828765869142,0.11844232559204101,0.08472661018371581,0.09867350578308105
848,0.13083826065063475,0.22571022033691407,0.11653529167175293,0.08484662055969239,0.09958550453186035
849,0.13095973014831544,0.22629308700561523,0.12022105216979981,0.08511451721191406,0.09580810546875
850,0.1304928207397461,0.22577089309692383,0.11924753189086915,0.08606536865234375,0.09398696899414062
851,0.1294362735748291,0.22552635192871093,0.11721508979797363,0.08442393302917481,0.09834834098815919
852,0.1290340805053711,0.22594392776489258,0.11811595916748047,0.08491921424865723,0.0984444522857666
853,0.13039549827575683,0.22637001037597657,0.1168111515045166,0.08434064865112305,0.09382742881774903
854,0.13028668403625487,0.22453868865966797,0.11687612533569336,0.08461153030395507,0.0946571445465088
855,0.1314393997192383,0.22664548873901366,0.11941049575805664,0.08275516510009766,0.09411080360412598
856,0.1316463565826416,0.22566623687744142,0.12046703338623047,0.08514239311218262,0.09463218688964843
857,0.12875425338745117,0.22582279205322264,0.11781900405883788,0.08292202949523926,0.0916698169708252
858,0.1291438865661621,0.22650646209716796,0.1179835319519043,0.08269427299499511,0.09306976318359375
859,0.1301874828338623,0.22587188720703125,0.11703103065490722,0.08467565536499023,0.10154375076293945
860,0.13522253990173339,0.22481597900390626,0.12205314636230469,0.08543139457702636,0.09183093070983887
861,0.13141550064086915,0.22660390853881837,0.11913540840148926,0.08491330146789551,0.09396263122558594
862,0.12904788970947265,0.22579092025756836,0.11790369033813476,0.08324193954467773,0.09367423057556153
863,0.13034970283508301,0.22575531005859376,0.11889108657836914,0.08381978034973145,0.09534169197082519
864,0.13026439666748046,0.22638303756713868,0.11645756721496582,0.0842771053314209,0.09385842323303223
865,0.12872423171997072,0.22549186706542967,0.11703929901123047,0.08376235008239746,0.09475712776184082
866,0.1284426498413086,0.22496822357177734,0.1181166934967041,0.08153103828430176,0.09508943557739258
867,0.1284065628051758,0.2273851203918457,0.1176608657836914,0.08286775588989258,0.09401322364807128
868,0.1292775535583496,0.22555574417114257,0.11867673873901367,0.08420358657836914,0.09055837631225586
869,0.12923614501953126,0.22515287399291992,0.11874927520751953,0.08406578063964844,0.10034746170043946
870,0.12764307975769043,0.22635011672973632,0.11597090721130371,0.0850589370727539,0.09165834426879883
871,0.13142935752868654,0.22547172546386718,0.1195498275756836,0.08831226348876953,0.09054001808166504
872,0.13139459609985352,0.2266859245300293,0.11660228729248047,0.08333362579345703,0.0938138484954834
873,0.12924264907836913,0.2237616539001465,0.11766617774963378,0.08269108772277832,0.09915162086486816
874,0.1279878330230713,0.2267230224609375,0.11728115081787109,0.08319113731384277,0.09476850509643554
875,0.12987085342407226,0.2266368103027344,0.1176839256286621,0.08256757736206055,0.09488444328308106
876,0.12768731117248536,0.22404550552368163,0.11596761703491211,0.0835458755493164,0.09404630661010742
877,0.1289686393737793,0.2268100357055664,0.11771235466003419,0.08374684333801269,0.09239519119262696
878,0.13485193252563477,0.22573949813842772,0.11616716384887696,0.08243401527404785,0.09541946411132812
879,0.13035425186157226,0.22562376022338868,0.11884746551513672,0.08288677215576172,0.0962138843536377
880,0.12983211517333984,0.2263714027404785,0.11895918846130371,0.08351500511169434,0.09055966377258301
881,0.1292221450805664,0.22477710723876954,0.11683906555175781,0.08394772529602051,0.09341309547424316
882,0.13087884902954103,0.22562294006347655,0.11978135108947754,0.08377752304077149,0.09097111701965332
883,0.12879786491394044,0.22751220703125,0.11674415588378906,0.0834938907623291,0.09340965270996093
884,0.13000595092773437,0.2261882972717285,0.11638544082641601,0.08375015258789062,0.0942548656463623
885,0.1286673641204834,0.22450233459472657,0.1181671142578125,0.084439115524292,0.09181090354919434
886,0.12798592567443848,0.22615535736083983,0.115972900390625,0.08505810737609863,0.0948926830291748
887,0.12936655044555664,0.2257767677307129,0.11495038986206055,0.08278819084167481,0.09138947486877441
888,0.12728581428527833,0.2256732177734375,0.11808082580566406,0.0837156867980957,0.0943985366821289
889,0.12824357986450197,0.22664155960083007,0.11643192291259766,0.08222367286682129,0.09189702033996582
890,0.1291774654388428,0.22531528472900392,0.1196149730682373,0.08615083694458008,0.09268260955810546
891,0.12965065956115723,0.22573497772216797,0.11598731994628907,0.08517818450927735,0.09367155075073243
892,0.13069888114929198,0.22594383239746094,0.1176651382446289,0.08364337921142578,0.09203118324279785
893,0.13036218643188477,0.2255341148376465,0.11794866561889648,0.08353574752807617,0.09071110725402833
894,0.1290806007385254,0.2263898468017578,0.11756915092468262,0.08264348983764648,0.09196591377258301
895,0.13000863075256347,0.2261672592163086,0.11681989669799804,0.08353502273559571,0.09256234169006347
896,0.12688401222229004,0.2242889404296875,0.11690357208251953,0.08398307800292969,0.08954381942749023
897,0.1281004238128662,0.226508731842041,0.11721860885620117,0.08161615371704102,0.09281373977661132
898,0.12729331016540527,0.22594606399536132,0.11611092567443848,0.0832723331451416,0.09379364013671875
899,0.1278187656402588,0.22591346740722656,0.11706548690795898,0.08391213417053223,0.09709117889404296
900,0.12908295631408692,0.22488763809204101,0.11733315467834472,0.08727669715881348,0.0930877685546875
901,0.1271810245513916,0.22556976318359376,0.11714523315429687,0.08249570846557618,0.09308498382568359
902,0.1299654197692871,0.22667993545532228,0.11566960334777832,0.08450133323669434,0.09423898696899415
903,0.12721278190612792,0.22650810241699218,0.11885920524597168,0.08407429695129394,0.09484898567199707
904,0.13095340728759766,0.22617321014404296,0.11630483627319337,0.08607232093811035,0.09887060165405273
905,0.1301591396331787,0.22568658828735352,0.1158524513244629,0.08393283843994141,0.09237424850463867
906,0.12846381187438966,0.22563716888427734,0.11858027458190917,0.08230835914611817,0.0898394775390625
907,0.129043550491333,0.22520885467529297,0.1167478084564209,0.0815660572052002,0.09126839637756348
908,0.13093132972717286,0.22584583282470702,0.1168601894378662,0.08238438606262206,0.09345880508422852
909,0.12650299072265625,0.22639238357543945,0.11762269020080567,0.0821932601928711,0.09100075721740723
910,0.1300887393951416,0.22560279846191406,0.11581928253173829,0.08297904968261718,0.09187992095947266
911,0.12843079566955568,0.2261882972717285,0.11695063591003418,0.08875356674194336,0.09038763046264649
912,0.12862092971801758,0.22630985260009764,0.11652981758117675,0.08398036003112792,0.09132251739501954
913,0.1321149730682373,0.22519697189331056,0.11759160041809082,0.08197134017944335,0.09346358299255371
914,0.12909822463989257,0.22516868591308595,0.11469182968139649,0.08410314559936523,0.08954914093017578
915,0.12713638305664063,0.22684467315673829,0.11612643241882324,0.08306628227233886,0.0897761631011963
916,0.1274266242980957,0.22563570022583007,0.11644678115844727,0.08352560997009277,0.09818500518798828
917,0.1290880870819092,0.22541486740112304,0.11597525596618652,0.08308219909667969,0.09096817016601562
918,0.12838442802429198,0.22622180938720704,0.11633749961853028,0.0840378761291504,0.09701532363891602
919,0.1277126121520996,0.22498668670654298,0.11815088272094726,0.08115822792053223,0.09528193473815919
920,0.12767863273620605,0.22663806915283202,0.11767331123352051,0.08371736526489258,0.0933719253540039
921,0.13211955070495607,0.225213623046875,0.11639047622680664,0.08330432891845703,0.09391240119934081
922,0.13205570220947266,0.22619014739990234,0.11717951774597168,0.08394676208496094,0.09073147773742676
923,0.1287291717529297,0.22685596466064453,0.11621469497680664,0.08321661949157715,0.0939192008972168
924,0.12518927574157715,0.22476776123046874,0.11625340461730957,0.0818583106994629,0.09059324264526367
925,0.12786863327026368,0.2262614631652832,0.11731537818908691,0.08148221015930175,0.09294140815734864
926,0.1267547130584717,0.22633722305297851,0.11716838836669922,0.08195971488952637,0.09314314842224121
927,0.1261606025695801,0.2253451919555664,0.11640787124633789,0.08346095085144042,0.0924993896484375
928,0.1305655860900879,0.22505634307861327,0.11770605087280274,0.08147847175598144,0.08916369438171387
929,0.12572917938232422,0.22624822616577148,0.11615406036376953,0.08225841522216797,0.08910563468933105
930,0.13068044662475586,0.22660211563110352,0.11729007720947265,0.08205985069274903,0.09147479057312012
931,0.12843603134155274,0.22577859878540038,0.11726056098937988,0.08367932319641114,0.08992383003234863
932,0.12686503410339356,0.22547441482543945,0.11536886215209961,0.08137843132019043,0.09288192749023437
933,0.13353340148925782,0.22512985229492188,0.11788607597351074,0.08437074661254883,0.09614694595336915
934,0.12753774642944335,0.226475830078125,0.11555269241333008,0.08408796310424804,0.09672483444213867
935,0.12705793380737304,0.22520593643188477,0.11604751586914062,0.08099344253540039,0.09049749374389648
936,0.1283152961730957,0.22592157363891602,0.11609585762023926,0.08242903709411621,0.0914691162109375
937,0.1275625228881836,0.22646289825439453,0.11633108139038086,0.08368975639343262,0.09552417755126953
938,0.12797743797302247,0.22530923843383788,0.11701851844787597,0.08098145484924317,0.09006600379943848
939,0.1259630298614502,0.22590450286865235,0.11708176612854004,0.08278553009033203,0.08890694618225098
940,0.1279275321960449,0.22656326293945311,0.11785030364990234,0.08155402183532715,0.08983269691467285
941,0.12639270782470702,0.2257032585144043,0.11727182388305664,0.08550450325012207,0.09067095756530762
942,0.12738880157470703,0.22529184341430664,0.11709758758544922,0.08381978034973145,0.09356794357299805
943,0.12671327590942383,0.22618465423583983,0.11452688217163086,0.0824578857421875,0.0914261531829834
944,0.1275515651702881,0.22553367614746095,0.11579216003417969,0.08323554992675782,0.0880748176574707
945,0.12925047874450685,0.2252457046508789,0.11859381675720215,0.08387712478637695,0.09306076049804687
946,0.1282808494567871,0.2253506851196289,0.11583675384521484,0.08304876327514649,0.08941695213317871
947,0.12505066871643067,0.22741037368774414,0.11684881210327148,0.08245843887329102,0.092935209274292
948,0.12610761642456056,0.2260114860534668,0.11830277442932129,0.082789306640625,0.09737922668457032
949,0.12604860305786134,0.22430492401123048,0.11704081535339356,0.08093340873718262,0.0921856689453125
950,0.12619065284729003,0.22652664184570312,0.11720783233642579,0.08918917655944825,0.09369830131530761
951,0.1295997142791748,0.2269593620300293,0.11519351005554199,0.0844190788269043,0.09407414436340332
952,0.12696045875549317,0.22413888931274414,0.11638981819152833,0.08138940811157226,0.09162418365478515
953,0.12604969024658202,0.2266841697692871,0.11701991081237793,0.08294347763061523,0.0910389232635498
954,0.1278329849243164,0.22589780807495116,0.11807021141052246,0.08186922073364258,0.09311914443969727
955,0.12554045677185058,0.2261325263977051,0.11563255310058594,0.08051650047302246,0.09224615097045899
956,0.1275874423980713,0.22607553482055665,0.11444565773010254,0.08237026214599609,0.09545738220214844
957,0.126629581451416,0.22583683013916014,0.11595850944519043,0.08212620735168458,0.09334041595458985
958,0.12610652923583984,0.22597251892089842,0.11610470771789551,0.08195382118225097,0.09005290985107423
959,0.12716721534729003,0.22654079437255858,0.11535703659057617,0.08491891860961914,0.09919745445251466
960,0.12563121795654297,0.22539997100830078,0.11497485160827636,0.08466081619262696,0.08916461944580079
961,0.12506165504455566,0.2256195640563965,0.11478140830993652,0.08419235229492188,0.08886512756347656
962,0.12551408767700195,0.22599512100219726,0.11717910766601562,0.08206231117248536,0.09213226318359374
963,0.1261334228515625,0.22625123977661132,0.11598554611206055,0.08316967010498047,0.0986334228515625
964,0.13008313179016112,0.22510517120361329,0.11575572967529296,0.08370285034179688,0.08899312019348145
965,0.1261708641052246,0.2257067108154297,0.11709259033203125,0.08233896255493164,0.09112521171569825
966,0.12609444618225096,0.22558467864990234,0.11551233291625977,0.08296801567077637,0.09377545356750489
967,0.12462841987609863,0.22634857177734374,0.11858242988586426,0.08135184288024902,0.09499505996704101
968,0.1262333106994629,0.22566020965576172,0.11394069671630859,0.08160385131835937,0.09185408592224122
969,0.12568132400512697,0.22641061782836913,0.11868010520935059,0.08075298309326172,0.09286374092102051
970,0.12441956520080566,0.22505823135375977,0.11581233024597168,0.08146669387817383,0.09215290069580079
971,0.1255079460144043,0.22648067474365235,0.11563607215881348,0.0815798282623291,0.09034667015075684
972,0.1258412456512451,0.22475839614868165,0.11512577056884765,0.08472589492797851,0.09530038833618164
973,0.12517251968383789,0.22727075576782227,0.11576927185058594,0.08121893882751464,0.09539060592651367
974,0.1233912754058838,0.22485712051391601,0.11750909805297852,0.08287215232849121,0.09194377899169921
975,0.12486878395080567,0.22702020645141602,0.11561225891113282,0.08365161895751953,0.10336662292480468
976,0.12524928092956544,0.22494726181030272,0.11605751991271973,0.0814954662322998,0.09009880065917969
977,0.1261570358276367,0.22676069259643555,0.11494487762451172,0.08278554916381836,0.09181653976440429
978,0.12544541358947753,0.2253805923461914,0.11634224891662598,0.0823178768157959,0.10550772666931152
979,0.12412727355957032,0.2252144432067871,0.11597316741943359,0.08142118453979492,0.08851592063903808
980,0.12560592651367186,0.22573657989501952,0.1153925609588623,0.08303202629089355,0.09157259941101074
981,0.12578158378601073,0.22548915863037108,0.11425718307495117,0.08163873672485351,0.09244406700134278
982,0.12660773277282714,0.22621854782104492,0.11718009948730469,0.08112061500549317,0.09425050735473633
983,0.1238193416595459,0.22651355743408202,0.1185268497467041,0.08364240646362305,0.09037674903869629
984,0.12671717643737793,0.2242957305908203,0.11611726760864258,0.0817209815979004,0.09400098800659179
985,0.12728562355041503,0.22701578140258788,0.11296525001525878,0.08234241485595703,0.09289941787719727
986,0.1260099506378174,0.22639406204223633,0.11533241271972657,0.08056012153625489,0.0934205150604248
987,0.12702152252197266,0.22563930511474609,0.11450758934020996,0.08136322975158691,0.09412260055541992
988,0.12471307754516602,0.22414596557617186,0.11579839706420898,0.08129629135131836,0.09107036590576172
989,0.12682202339172363,0.22670213699340822,0.1171961212158203,0.08348299980163575,0.09045681953430176
990,0.12862977027893066,0.2268792724609375,0.11832263946533203,0.0820609188079834,0.09617756843566895
991,0.12359889030456543,0.22627204895019531,0.11667560577392579,0.08168819427490234,0.09207439422607422
992,0.12483923912048339,0.22515516281127929,0.11475495338439941,0.08160855293273926,0.09203157424926758
993,0.1256687831878662,0.22660694122314454,0.114600191116333,0.08354849815368652,0.0919316291809082
994,0.12442237854003907,0.22487127304077148,0.11205297470092773,0.08184195518493652,0.09339863777160645
995,0.12393447875976563,0.22754135131835937,0.11114777565002441,0.08102457046508789,0.09376908302307128
996,0.1238623046875,0.22493410110473633,0.11077400207519532,0.0833368682861328,0.09374725341796875
997,0.12322380065917969,0.22495321273803712,0.11061582565307618,0.08602886199951172,0.09255483627319336
998,0.12343471527099609,0.22500499725341797,0.11055365562438965,0.08108076095581054,0.09449294090270996
999,0.12376358032226563,0.22742681503295897,0.11853486061096191,0.08443177223205567,0.09147835731506347
