,2,3,4,5,6
0,0.5782878112792968,0.1006106440226237,0.041161486307779944,0.6567330932617188,0.10193857192993164
1,0.3615536244710286,0.024975226720174153,0.010145692825317383,0.2701902008056641,0.009361523787180583
2,0.2167260233561198,0.013002280394236248,0.009229130744934082,0.06747848510742188,0.009244906107584635
3,0.11468715667724609,0.0106786314646403,0.009236196676890055,0.018411815961201984,0.009241315523783366
4,0.061742852528889974,0.010002655188242594,0.009252112706502278,0.010629173119862874,0.009240194161732992
5,0.033944520950317386,0.009572974840799968,0.009242754777272542,0.009356812636057536,0.009245344797770182
6,0.018429646492004393,0.009432029724121094,0.009242000579833985,0.009302221139272053,0.009235921700795492
7,0.012043769359588624,0.009283332824707032,0.009246123631795248,0.009242672125498454,0.009250367482503255
8,0.0100087308883667,0.009311566352844238,0.009259641170501709,0.009237778186798096,0.009253057638804118
9,0.00939875841140747,0.009412640730539958,0.009238862991333007,0.009245898723602295,0.009245619773864747
10,0.009275182088216146,0.009299918015797933,0.009245053132375081,0.009244038263956705,0.009244094689687093
11,0.009238821665445963,0.009350725015004476,0.009254424571990967,0.009243594805399576,0.009246706167856852
12,0.009230782190958658,0.009353026549021403,0.00924607515335083,0.009243963559468587,0.009249416987101237
13,0.00923084815343221,0.00940033515294393,0.009239950180053712,0.009238177140553793,0.009244672457377116
14,0.009232959747314452,0.009436140855153402,0.009243818918863932,0.009239380359649657,0.009246739546457926
15,0.009230613708496094,0.009374104340871174,0.009257757663726806,0.009242895444234213,0.009255730311075846
16,0.009237882296244303,0.00933922290802002,0.009238855044047038,0.009236627419789633,0.009256087144215901
17,0.00923193375269572,0.009346779187520344,0.009257341225941976,0.009242138862609862,0.009249695142110189
18,0.009233044783274332,0.009286378224690755,0.0092484450340271,0.009256166617075602,0.00924764633178711
19,0.009232869942982991,0.009376242160797119,0.009245522816975911,0.00923779805501302,0.009265117645263672
20,0.009231403668721517,0.009305808544158935,0.009247148036956787,0.009245818456013997,0.009250459671020507
21,0.009232672055562337,0.009399863084157307,0.009234716097513834,0.00924332062403361,0.00925597588221232
22,0.009233462810516357,0.009322086175282795,0.00924501895904541,0.009237809975941976,0.009254547754923502
23,0.009233359495798748,0.009275448322296143,0.009258239269256592,0.009251228968302409,0.009269914627075194
24,0.009233028093973795,0.00927525281906128,0.00926746686299642,0.009247293472290039,0.009258091449737549
25,0.009235517183939616,0.009266231060028076,0.009260203043619792,0.009239861170450846,0.009241495927174886
26,0.009235590298970541,0.009274919033050538,0.009249670505523682,0.009245736598968506,0.00926394780476888
27,0.00923566182454427,0.009257665475209554,0.009254602591196696,0.009241359233856201,0.009254511992136637
28,0.009244590600331625,0.009278686046600341,0.009269163608551026,0.009241512616475423,0.009249474207560221
29,0.009233248233795167,0.009246037801106772,0.009248119990030924,0.009249904950459797,0.009262255032857259
30,0.009249441623687744,0.009266783396402994,0.009242337544759114,0.009251948992411295,0.009279882907867432
31,0.009234545230865478,0.00925270636876424,0.009261030356089274,0.009253395398457846,0.009252688090006511
32,0.009242334365844727,0.009271251360575357,0.009256277084350586,0.00924571673075358,0.0092491881052653
33,0.009231388568878174,0.009254530270894368,0.009249231815338134,0.009257688522338867,0.009256896177927652
34,0.009238611062367758,0.009251830577850341,0.00923761526743571,0.009263698259989421,0.009279783566792805
35,0.009237297375996907,0.009268842538197835,0.009274433453877767,0.009257817268371582,0.009290916124979655
36,0.009235625267028808,0.009257807731628417,0.009262991746266684,0.009243505795796712,0.009273731708526611
37,0.009232162634531657,0.00924389918645223,0.009252435366312662,0.009257872104644776,0.009260632197062175
38,0.009237689177195231,0.009271337191263834,0.009248850345611572,0.009248554706573486,0.009277529716491699
39,0.0092385729153951,0.009247403939565023,0.009261411825815836,0.009259099165598552,0.009275588194529215
40,0.009237282276153565,0.009251906871795654,0.009259595870971679,0.009251785278320313,0.00926339864730835
41,0.009244813919067382,0.009252071380615234,0.009257908662160237,0.009247355461120606,0.00932258129119873
42,0.009236470063527425,0.009266401926676432,0.0092572021484375,0.009242554505666098,0.00925393025080363
43,0.009238478342692057,0.00926095167795817,0.009251587390899658,0.009260802268981934,0.009240131378173828
44,0.009235053857167563,0.00923801024754842,0.00925387700398763,0.009244985580444336,0.009270936648050943
45,0.009239346981048583,0.009248050053914388,0.009259159564971925,0.009258898099263509,0.009270198345184326
46,0.009239571889241537,0.009251105785369872,0.00926921288172404,0.009251449902852376,0.009305505752563477
47,0.009228131771087646,0.009249502023061117,0.009248794714609782,0.009260171254475912,0.009351451396942139
48,0.009237576325734456,0.009250851472218831,0.00925141175587972,0.009260448614756266,0.009298084576924642
49,0.009237970511118571,0.00925559361775716,0.009251758257548015,0.009263091882069906,0.009258866310119629
50,0.009251376787821453,0.009261221090952555,0.009263477325439452,0.009243823687235515,0.009251403013865152
51,0.00923850695292155,0.009264671007792154,0.009261173407236735,0.009258355299631755,0.009249381224314372
52,0.00924049456914266,0.00925739049911499,0.0092649507522583,0.009249505996704101,0.009278193314870198
53,0.009246626694997151,0.009263362089792887,0.009243762493133545,0.009257155259450277,0.009267387390136718
54,0.009254349072774252,0.00927314043045044,0.009300424257914225,0.009249815940856934,0.009274952411651612
55,0.009243746598561605,0.009238486289978027,0.009264658292134603,0.009259143670399983,0.009305651982625325
56,0.009241353670756023,0.009258128801981609,0.009255398114522298,0.009243497848510742,0.009272915522257487
57,0.00923314650853475,0.009274394512176513,0.0092580517133077,0.009268043041229248,0.009312558968861897
58,0.00924183209737142,0.009242554505666098,0.009267650445302327,0.009243722756703694,0.00925660530726115
59,0.009242544174194336,0.009253967603047688,0.009295355478922527,0.009264581203460694,0.009277048110961915
60,0.00923514763514201,0.009246929486592611,0.00929170529047648,0.009254875977834066,0.009235212008158366
61,0.009241813818613689,0.009257160822550455,0.00925792137781779,0.009254399140675863,0.009279938538869222
62,0.009245433807373048,0.009249728520711263,0.009256121317545572,0.00926194190979004,0.009254360198974609
63,0.009244465033213297,0.009273653030395507,0.009252779483795166,0.009253759384155274,0.009261461893717448
64,0.009240015347798666,0.009243248303731282,0.009291531244913737,0.009263217449188232,0.00927600622177124
65,0.00924830675125122,0.009246447881062825,0.009271380106608072,0.009262581666310629,0.009272920290629068
66,0.009248466491699218,0.009241239229838053,0.009255021413167318,0.009257549444834392,0.00926830768585205
67,0.00928809642791748,0.00927036205927531,0.00925376574198405,0.009279510974884032,0.009309720198313396
68,0.009249932765960693,0.009239094257354736,0.009276924928029378,0.009258192380269368,0.009271274407704672
69,0.009260366757710775,0.009245858192443848,0.009258840878804525,0.009262549877166747,0.009294297695159912
70,0.00926111857096354,0.009304424126942953,0.00926589806874593,0.009253197511037191,0.00927301327387492
71,0.009243936538696288,0.009248842398325602,0.009294676780700683,0.009250595569610595,0.00929484208424886
72,0.009245692094167073,0.009257420698801677,0.009235515594482421,0.009264926115671793,0.00927376667658488
73,0.009252061049143473,0.009268718560536703,0.009273304144541422,0.009273145198822021,0.00928250233332316
74,0.00924434741338094,0.009281877676645916,0.00928143819173177,0.009267917474110921,0.009285031954447428
75,0.009247263272603353,0.009262139002482097,0.009262495835622152,0.009248293240865072,0.009266806443532309
76,0.00924624760945638,0.009256001313527424,0.009237805207570393,0.009281593958536784,0.009248270988464355
77,0.009263694286346436,0.00927401065826416,0.00930040677388509,0.00930476188659668,0.009267454147338866
78,0.009258673191070557,0.009247670968373617,0.009243934949239096,0.009249420166015624,0.00928650697072347
79,0.009255518913269043,0.009256746768951416,0.009266819953918457,0.009254224300384521,0.00925344467163086
80,0.009250714778900146,0.009278464317321777,0.00927245855331421,0.009277406533559164,0.009266549746195476
81,0.009272217750549316,0.009258091449737549,0.00926360527674357,0.009293559392293295,0.00930312712987264
82,0.009255591233571371,0.009248186747233073,0.009264585971832275,0.00925755500793457,0.009289702574412029
83,0.009248619079589843,0.009261871973673503,0.009264989693959554,0.009259963830312093,0.009255895614624024
84,0.009252645174662273,0.009252166748046875,0.009252467155456544,0.00929592529932658,0.009280134042104085
85,0.0092448361714681,0.009259107112884522,0.00927668809890747,0.009283413887023926,0.009279881318410238
86,0.009258875052134196,0.009270743529001872,0.009253838857014973,0.009263085524241129,0.009256155490875244
87,0.009247103532155354,0.009247914950052897,0.00925507148106893,0.009279388586680095,0.009280775388081869
88,0.009247653484344483,0.009265478452046711,0.00925150473912557,0.009264583587646485,0.009314945538838704
89,0.009244396686553955,0.00924965222676595,0.009247628053029379,0.009275355339050294,0.009336552619934081
90,0.009240836302439371,0.00924649953842163,0.009263590176900227,0.009309642314910889,0.00927560249964396
91,0.009252236684163412,0.009284009138743082,0.00928211768468221,0.009295415878295899,0.009269057909647624
92,0.009250380198160808,0.009254550139109294,0.009252049922943116,0.009245323340098062,0.00928150733311971
93,0.009251124064127604,0.009242810408274333,0.009234848022460938,0.009252771536509196,0.009271504084269206
94,0.009242467880249024,0.009232292175292969,0.009251587390899658,0.009284743467966716,0.009271670977274576
95,0.009273745218912761,0.009254216353098551,0.009260075092315674,0.009299031098683675,0.00927235205968221
96,0.009243403275807699,0.009248404502868653,0.009258925914764404,0.009253543217976888,0.009298707644144694
97,0.009251073201497395,0.009248824914296468,0.00926202376683553,0.009275468190511067,0.00925970474878947
98,0.0092422882715861,0.009242077668507894,0.009270689487457275,0.00926727533340454,0.009278985659281412
99,0.0092455259958903,0.00925563414891561,0.009269253412882487,0.009278764724731445,0.009334805011749268
100,0.009272950490315755,0.009275388717651368,0.009269386927286783,0.009259259700775147,0.00931209405263265
101,0.00924377202987671,0.009300554593404134,0.00926199197769165,0.009250044027964274,0.009278295834859212
102,0.00938749074935913,0.009231990178426106,0.009260053634643555,0.009271066188812255,0.009272622267405191
103,0.009247581164042154,0.009274497032165527,0.00925951639811198,0.00928843100865682,0.009258972803751627
104,0.00924378792444865,0.009233975410461425,0.009271012941996256,0.009288012186686198,0.009338658650716146
105,0.009257574876149496,0.009261225859324138,0.009278496106465658,0.009281910260518392,0.009274867375691732
106,0.009243322213490805,0.009268871943155925,0.009287772178649902,0.009263820648193359,0.00927552858988444
107,0.009238909085591634,0.00925135612487793,0.009250344435373942,0.009269373416900635,0.009239315191904704
108,0.009252910614013671,0.009247839450836182,0.009279659589131673,0.009255591233571371,0.009336432615915935
109,0.00925537109375,0.009256606896718342,0.00924408515294393,0.009287566343943277,0.009276503721872966
110,0.009250619411468507,0.009265056451161702,0.009278459548950195,0.009268920421600341,0.009293695290883383
111,0.009252149264017741,0.00924570083618164,0.00927929957707723,0.009288280804951986,0.009275547663370768
112,0.009256016413370769,0.009250600337982178,0.009269598325093588,0.009263126055399577,0.00926945686340332
113,0.009247673352559408,0.009243993759155274,0.009273893038431803,0.009371384779612224,0.00929632027943929
114,0.009253237247467041,0.009265684286753336,0.009246571063995361,0.009268271923065185,0.009273473421732585
115,0.009242108662923177,0.009270704587300619,0.009294570287068685,0.009267598787943521,0.00925421953201294
116,0.0092559281984965,0.0092575470606486,0.009261269569396973,0.009278996785481771,0.00932211716969808
117,0.009254367351531982,0.009255209763844807,0.009259990056355794,0.009283076922098796,0.009273459116617838
118,0.009240121841430663,0.009265326658884684,0.009272537231445312,0.009284493128458658,0.009288937250773111
119,0.00924248774846395,0.009267915884653727,0.009255022207895914,0.009316139221191407,0.00927284558614095
120,0.009259385267893473,0.009253758589426677,0.009261142412821452,0.009279733498891194,0.009268592993418376
121,0.009255167643229166,0.009256769021352132,0.009261000156402587,0.009261126518249512,0.009319164752960206
122,0.009242758750915528,0.009253667990366617,0.009264392852783203,0.009243693351745606,0.009273207982381185
123,0.00925740639368693,0.009240678151448568,0.009284992218017579,0.009291649659474691,0.009247918923695883
124,0.00925095001856486,0.009256275494893391,0.00926274538040161,0.009276688893636068,0.009262714385986328
125,0.009260166486104329,0.00927640199661255,0.009274380207061768,0.009260177612304688,0.00927083412806193
126,0.009269044399261475,0.009251301288604736,0.009300996462504069,0.009323159058888753,0.009282889366149903
127,0.009250237941741943,0.009279688994089763,0.009259930451711019,0.009292349020640056,0.009288936456044516
128,0.009257074197133381,0.00926124890645345,0.009266366163889567,0.009261961778004963,0.009277153015136718
129,0.00925070842107137,0.009241290887196859,0.0092671537399292,0.00926410436630249,0.009286024570465089
130,0.009244945049285889,0.009260829289754231,0.009250703652699789,0.009277043342590332,0.009308615525563557
131,0.009249849319458008,0.009250319798787435,0.009248319466908773,0.009262111186981201,0.009267098108927408
132,0.009250812530517578,0.00926814079284668,0.009267448584238688,0.009247007369995118,0.009328017234802246
133,0.009252290725708007,0.009235639572143555,0.009265327453613281,0.009247521559397379,0.0093013858795166
134,0.00925091028213501,0.009267315069834392,0.009282466570536295,0.009245979785919189,0.009306543668111166
135,0.009261706670125325,0.009260010719299317,0.00926770051320394,0.009287273089090983,0.009309643904368083
136,0.009237393538157146,0.009244481722513834,0.00925331433614095,0.009288822015126546,0.00927960713704427
137,0.00927814245223999,0.009250516891479493,0.009257072607676189,0.00927988847096761,0.009270488421122233
138,0.009249869187672934,0.009260117212931315,0.009262347221374511,0.009277013937632243,0.00927140712738037
139,0.009257385730743408,0.009275962511698405,0.009262278874715169,0.009302269617716472,0.009317152500152588
140,0.009256714979807536,0.009271000226338704,0.009264087677001953,0.009257951577504475,0.00926836093266805
141,0.009251062870025634,0.009247310956319173,0.00925696849822998,0.009265604813893637,0.009268186092376708
142,0.009243337313334148,0.009254547754923502,0.009279778798421224,0.009275725682576497,0.009276199340820312
143,0.009286589622497558,0.009271610577901204,0.009318594932556152,0.009334429105122884,0.009299779733022054
144,0.009258586565653483,0.00924304167429606,0.009258758227030437,0.009279584884643555,0.009286336104075114
145,0.009247150421142578,0.009267852306365967,0.00926966667175293,0.00925546407699585,0.009276436964670816
146,0.00925454537073771,0.00925364891688029,0.009274327754974365,0.009270426432291666,0.009261860052744547
147,0.009248100121815999,0.00926172176996867,0.00925671418507894,0.009262502193450928,0.009224528471628825
148,0.009244320392608642,0.00924483060836792,0.009262082576751708,0.009270073572794597,0.006500740845998128
149,0.009254434903462727,0.009264895915985108,0.009256533781687419,0.009296427567799886,0.00390936533610026
150,0.009240082105000814,0.009257607460021973,0.008843488693237304,0.009276480674743652,0.003665046691894531
151,0.009241867860158284,0.00924848477045695,0.008274938265482585,0.009319802920023601,0.0036539522806803386
152,0.00926197052001953,0.009270148277282715,0.008166704972585042,0.009240305423736573,0.0036429913838704427
153,0.009245766003926596,0.009243866602579753,0.008187354405721029,0.009273744424184164,0.0036298914750417075
154,0.009242439270019531,0.009263842900594076,0.008140459060668945,0.009290110270182292,0.0036311201254526776
155,0.009243951638539633,0.009251046180725097,0.008120128313700358,0.009273258845011394,0.0037061512470245362
156,0.009244645436604818,0.00926681915918986,0.008127525647481282,0.009278562863667806,0.0036309961477915447
157,0.009261402289072672,0.009244991938273111,0.008119141260782878,0.009276942412058512,0.0036399598916371663
158,0.009254805246988932,0.009260992209116617,0.008146470387776692,0.00928155501683553,0.003687227964401245
159,0.009253753026326498,0.00929534355799357,0.008076095581054687,0.009291502634684244,0.003650567134221395
160,0.009261850516001384,0.009250811735788981,0.00782799482345581,0.00931621789932251,0.0036976611614227294
161,0.009257200558980307,0.009247270425160726,0.004048362572987874,0.009279390970865886,0.003645665248235067
162,0.009244248867034913,0.009276054700215657,0.003691019614537557,0.009259561697642008,0.0036397858460744223
163,0.00925669034322103,0.009268072446187338,0.003646638790766398,0.009258912404378256,0.0036656872431437173
164,0.009255971113840739,0.009287256399790446,0.0036204806963602704,0.009257248242696126,0.0036237982908884684
165,0.009247323671976726,0.009251287778218587,0.003606786330540975,0.009273547331492106,0.0036925379435221355
166,0.009257702032725017,0.00925527016321818,0.003617219130198161,0.00924960454305013,0.0036234708627065023
167,0.009256614049275717,0.009253976345062255,0.003654657999674479,0.009268137613932291,0.0036633034547170003
168,0.009264283974965414,0.009237873554229736,0.0036339330673217773,0.009287043412526449,0.0036403016249338784
169,0.009257264931996663,0.009252286752065023,0.003605151176452637,0.00927039623260498,0.0036587591965993246
170,0.009245553811391194,0.00925121545791626,0.0035947831471761066,0.009258801142374675,0.0036724968751271564
171,0.009249629179636638,0.009258835315704346,0.0036351490020751953,0.009260398546854655,0.00364299734433492
172,0.00925523042678833,0.009259119828542073,0.00361989696820577,0.009287100632985433,0.0036401450634002686
173,0.009252038796742757,0.009261066913604737,0.003606729507446289,0.009280796051025391,0.0036455249786376954
174,0.009251431624094645,0.009243098894755046,0.0036404303709665934,0.009273012479146322,0.003652524550755819
175,0.009267810185750326,0.009268629550933837,0.0036504586537679036,0.009266972541809082,0.003642104466756185
176,0.009264010588328044,0.009261008898417154,0.0036433263619740806,0.009281580448150634,0.0036320706208546956
177,0.00925141175587972,0.00924716313680013,0.0036268917719523112,0.009264732996622721,0.0036388540267944334
178,0.009246954917907715,0.009277191956837972,0.003602420488993327,0.009258759816487631,0.0036361145973205565
179,0.009241897265116374,0.009274864196777343,0.0036109614372253416,0.009271098772684732,0.0036431097984313964
180,0.009244999090830486,0.009241183598836264,0.00364070733388265,0.009264620145161946,0.0036535712083180746
181,0.00926019271214803,0.00924408992131551,0.003601568937301636,0.009270593325297038,0.0036459736029307048
182,0.009243719577789307,0.009259846210479736,0.0036219183603922525,0.009287873903910318,0.0036464420954386394
183,0.009255082607269286,0.0092642609278361,0.003629312515258789,0.009267353216807047,0.0036538410186767577
184,0.009240593115488688,0.009249395529429117,0.003627762794494629,0.009260423978169759,0.003654064337412516
185,0.009251351356506348,0.00927390734354655,0.0036418354511260987,0.009261031945546469,0.003655633529027303
186,0.00926172176996867,0.009271783034006754,0.003602555195490519,0.00926408052444458,0.00363540252049764
187,0.009262638092041016,0.009259944756825764,0.003642021417617798,0.009267512957255046,0.0036568236351013183
188,0.00925851583480835,0.00927088737487793,0.003616161346435547,0.00926919937133789,0.0036443424224853515
189,0.0092426864306132,0.009241286913553875,0.003605042298634847,0.009242684046427408,0.003649623394012451
190,0.009250906308492025,0.009257104396820068,0.003647868235905965,0.009283617337544759,0.0037116257349650065
191,0.009248457749684651,0.009256901741027833,0.0036341027418772378,0.009295384089152018,0.0036855777104695636
192,0.009260447025299072,0.009255320231119791,0.003611014684041341,0.009255921045939128,0.0036243232091267906
193,0.009264787038167318,0.00925800641377767,0.003659866253534953,0.009291428724924724,0.003716284434000651
194,0.009245142141977946,0.009246268272399903,0.0036004126071929933,0.009291825294494628,0.003642845153808594
195,0.009239847660064698,0.009247406323750814,0.003614553213119507,0.009268450736999511,0.003637054761250814
196,0.009250097274780274,0.009266645113627115,0.0036226399739583332,0.009260867436726888,0.00364854097366333
197,0.00924482822418213,0.009250576496124268,0.00360254963239034,0.009280660947163899,0.0036674471696217857
198,0.009253304004669189,0.009237624804178874,0.003613059123357137,0.009287142753601074,0.0036492347717285156
199,0.009271796544392903,0.009270311196645101,0.003630723555882772,0.00926261822382609,0.0036509410540262856
200,0.00926312526067098,0.009291164875030518,0.0036309452851613364,0.009279131889343262,0.003660457134246826
201,0.009246885776519775,0.009243969122568767,0.00362655242284139,0.009257075786590576,0.003675943613052368
202,0.009264800548553467,0.00924910306930542,0.0036164836088816324,0.009268242518107097,0.003677156368891398
203,0.009272773265838623,0.00930519183476766,0.0036408114433288574,0.009270663261413575,0.003630507787068685
204,0.009251951376597086,0.009268900553385417,0.003629390796025594,0.009278562863667806,0.0036328768730163573
205,0.00924483060836792,0.009283913771311441,0.0036063305536905925,0.009296124776204426,0.0036567811171213786
206,0.009259469509124756,0.009260259469350178,0.003615622123082479,0.00928451935450236,0.0036648770173390707
207,0.009268149534861247,0.00927557388941447,0.0036091144879659017,0.009259844621022542,0.0036706936359405516
208,0.009250035285949707,0.00925795316696167,0.00365181565284729,0.009269608656565348,0.0036511202653249104
209,0.009239838123321534,0.009277034600575764,0.0036222004890441896,0.009256663322448731,0.0036504916350046795
210,0.009253226121266682,0.009254796504974365,0.003638259569803874,0.009251875082651774,0.0036682331562042235
211,0.009259631633758545,0.0092306121190389,0.0036246283849080403,0.009262299537658692,0.003636433283487956
212,0.009259498119354248,0.009254823525746664,0.0036235944430033367,0.009279100100199382,0.0036620338757832843
213,0.009266312122344971,0.00925402323404948,0.003613342046737671,0.009277937412261962,0.0036727778116861978
214,0.009253295262654622,0.009244643847147623,0.003620881636937459,0.00927643616994222,0.0036502814292907713
215,0.009255850315093994,0.009265625476837158,0.0036345847447713216,0.009295179843902587,0.0036352463563283284
216,0.009245967864990235,0.009268006483713787,0.0036455023288726805,0.009269432226816813,0.0036406699816385903
217,0.009255391756693522,0.009246478875478109,0.0036282610893249513,0.008909054597218831,0.003640861908594767
218,0.00925996462504069,0.009245232741038004,0.00359948992729187,0.005936749776204427,0.003689922491709391
219,0.009288811683654785,0.009267974694569905,0.0036052087942759197,0.004561780293782552,0.0036748266220092774
220,0.009257831573486329,0.009244998296101889,0.003622968594233195,0.003875759442647298,0.0036332448323567706
221,0.009257031281789145,0.00924767812093099,0.003662493626276652,0.003686970869700114,0.0037025209267934163
222,0.009253273010253906,0.009273725350697835,0.0036432047684987388,0.0036318135261535645,0.0037315905094146727
223,0.00927602767944336,0.009253353277842203,0.0036351601282755535,0.0036414595444997154,0.0036403910319010415
224,0.009252342383066813,0.009245352745056152,0.0036129589875539144,0.003638904889424642,0.0036423627535502115
225,0.00924031416575114,0.009262255032857259,0.0036519050598144533,0.0036106812953948975,0.00365419069925944
226,0.009246226946512857,0.009265085856119792,0.0036134751637776695,0.003607450326283773,0.0036444286505381267
227,0.00925920565923055,0.009258786837259928,0.003602433204650879,0.0036008421579996745,0.0036797861258188883
228,0.009248350461324056,0.009241199493408203,0.0036488552888234455,0.0035992356141408286,0.0036455551783243817
229,0.009256285826365153,0.009242850144704183,0.0036498399575551352,0.0036440388361612956,0.0036699283123016358
230,0.009244145552317302,0.009253722031911214,0.003623678684234619,0.0036153848965962726,0.0036317288875579836
231,0.009265320301055908,0.009250148137410482,0.003628867864608765,0.0036205804347991945,0.003829492727915446
232,0.00925731102625529,0.00926842212677002,0.003610763152440389,0.0036625957489013674,0.0036339648564656575
233,0.009269675413767497,0.009245507717132569,0.003615179459253947,0.0036198373635609946,0.0036392617225646973
234,0.009241686662038168,0.009254602591196696,0.0036220292250315348,0.0036283135414123535,0.0036435834566752117
235,0.009271941979726155,0.00927191654841105,0.003623297611872355,0.0036260255177815756,0.0036696743965148925
236,0.009248646895090739,0.009253027439117432,0.003629299799601237,0.003619072437286377,0.0036345760027567545
237,0.009246141910552978,0.009269229571024577,0.0036310978730519613,0.003623951276143392,0.0036466399828592936
238,0.0092548672358195,0.009259680112202961,0.0036079021294911705,0.0036422268549601237,0.0036485389868418376
239,0.009255870978037517,0.009244662920633952,0.003616277774175008,0.003633422056833903,0.0036565840244293215
240,0.009249045848846435,0.009254602591196696,0.0036293979485829673,0.0036300639311472576,0.0036391536394755047
241,0.009251779715220133,0.009252810478210449,0.0036353496710459393,0.0036369605859120687,0.003675011396408081
242,0.009245025316874185,0.009247912565867105,0.00360584815343221,0.0036468283335367837,0.003659930229187012
243,0.009251893361409505,0.009248378276824952,0.0036253964900970458,0.003654923439025879,0.0036415688196818033
244,0.00925368070602417,0.009246260325113932,0.0036293113231658934,0.0036452591419219972,0.0036563551425933837
245,0.009251155853271485,0.00924960215886434,0.0036506175994873045,0.0036104075113932294,0.0036404585838317872
246,0.009244657357533773,0.009276607036590577,0.003634605805079142,0.00362226406733195,0.0036284196376800536
247,0.00924773136774699,0.00923537810643514,0.0036301946640014647,0.0036095201969146727,0.0036552337805430095
248,0.009270105361938476,0.009262653191884358,0.0036256790161132814,0.003613298336664836,0.003648716608683268
249,0.00925498644510905,0.009258197148640951,0.003626126050949097,0.0036681731541951495,0.003678100903828939
250,0.009243674278259277,0.009285114606221516,0.003633772134780884,0.003657716910044352,0.003641273578008016
251,0.009246490796407063,0.009241720040639242,0.003625645637512207,0.003600147167841593,0.003663028875986735
252,0.009248331387837727,0.009260969956715902,0.003632558584213257,0.003659473657608032,0.003647776444753011
253,0.009239786465962728,0.009270706971486409,0.0036142424742380778,0.0036247448126475014,0.0036320988337198894
254,0.00924523115158081,0.009244142373402913,0.0036527554194132486,0.003631846110026042,0.0036563738187154133
255,0.009262961546579997,0.009247196515401205,0.0036211597919464113,0.0036051042874654135,0.003617065747578939
256,0.00925927480061849,0.009263960520426433,0.003628880977630615,0.0036436315377553303,0.003652571439743042
257,0.00924707810084025,0.009248048464457193,0.003628548781077067,0.003641070524851481,0.003645417292912801
258,0.009247881571451823,0.009265224933624267,0.0036353492736816407,0.0035992650190989177,0.003672512372334798
259,0.009262324968973796,0.009251795609792073,0.0036548388004302977,0.0036452937126159666,0.0036385591824849447
260,0.009257072607676189,0.009257526397705078,0.003600947459538778,0.0036562538146972657,0.003624725341796875
261,0.009274589220682779,0.009254662990570069,0.0036208407084147133,0.003616815010706584,0.00366680900255839
262,0.009249975681304931,0.009250835577646891,0.0036514743169148763,0.003617497682571411,0.003673806587855021
263,0.009244002501169841,0.0092521603902181,0.0036096696058909097,0.0036352495352427166,0.0036251993974049886
264,0.009257216453552247,0.009280687967936197,0.0036293621857961017,0.003624525467554728,0.0036527180671691896
265,0.009243743419647217,0.009260242780049641,0.0036189512411753336,0.003607053756713867,0.003684470256169637
266,0.00924341360727946,0.00925700823465983,0.003604849576950073,0.0036311888694763182,0.00367057204246521
267,0.009256107012430827,0.009273424943288167,0.003601233164469401,0.003609257141749064,0.0036422797044118244
268,0.009270117282867432,0.009235688845316569,0.003610031207402547,0.0036411849657694497,0.003660438060760498
269,0.009266404310862224,0.009279298782348632,0.0036297289530436198,0.003648815155029297,0.0036114688714345296
270,0.009270278612772624,0.009230639139811198,0.003629922072092692,0.0036525905132293703,0.0037209419409434
271,0.009276181062062582,0.009244891007741292,0.003627458413441976,0.0036338770389556883,0.0036992824077606203
272,0.009252821604410807,0.009266146818796794,0.0035889657338460286,0.003624236186345418,0.0036561981836954753
273,0.009250394503275554,0.009254300594329834,0.003647978703180949,0.00363045334815979,0.00365483562151591
274,0.00926392396291097,0.009250571727752685,0.003594209353129069,0.003621088663736979,0.0036419896284739174
275,0.009238335291544596,0.00925851821899414,0.0036324461301167807,0.003612698713938395,0.0036383422215779623
276,0.00925027052561442,0.00925013780593872,0.0036092432339986168,0.0036305781205495198,0.003657581408818563
277,0.009250914255777995,0.009246248404184977,0.0036211764812469484,0.003623243967692057,0.003692154884338379
278,0.009258991877237955,0.009258116086324056,0.0036235447724660237,0.003615152438481649,0.003634738922119141
279,0.009240636825561524,0.009253641764322917,0.003624951442082723,0.0036323964595794678,0.0036490058898925783
280,0.00925203005472819,0.009255104859670004,0.0036055668195088706,0.0036090457439422606,0.003657652934392293
281,0.009242854913075764,0.009282796382904053,0.003631368080774943,0.0036281255880991617,0.0036353941758473715
282,0.009266622066497802,0.009265329043070475,0.0036076072851816813,0.0035926230748494466,0.003642896016438802
283,0.009254754384358724,0.009238258997599284,0.003673240343729655,0.0036394651730855304,0.00366684357325236
284,0.009250258604685466,0.00925246000289917,0.0036181890964508056,0.0036418092250823974,0.003635173241297404
285,0.00924554983774821,0.009255843957265218,0.0035964715480804443,0.0036401565869649253,0.0036498733361562093
286,0.009258030255635579,0.00926884651184082,0.003628366788228353,0.0036274731159210206,0.003667041858037313
287,0.009261372884114584,0.009249746004740397,0.0036245572566986086,0.003633850415547689,0.003666377862294515
288,0.009257566134134929,0.00925405979156494,0.0036309607823689777,0.0036397345860799154,0.003691687186559041
289,0.009253376324971517,0.009277158578236898,0.003607206344604492,0.003631152311960856,0.0036653387546539307
290,0.009256110191345215,0.009253834088643392,0.0035905170440673827,0.00362236221631368,0.0036630324522654214
291,0.009243508974711101,0.009245785077412923,0.003605440060297648,0.0035974391301472983,0.003674748738606771
292,0.009253596464792888,0.009273520310719808,0.0036519495646158855,0.00361531138420105,0.0036736297607421874
293,0.009262171586354574,0.009264500935872395,0.003622612953186035,0.003602903683980306,0.0036694443225860594
294,0.009256834983825684,0.009255987008412679,0.0036078206698099773,0.0036269211769104004,0.0036513960361480714
295,0.009262502193450928,0.009248871008555095,0.0036277918020884196,0.00364229679107666,0.003637023369471232
296,0.009245182673136393,0.009246755441029866,0.0036078532536824542,0.003584356705347697,0.0036713465054829916
297,0.009279181162516276,0.009268643856048584,0.0036041887601216635,0.003646883964538574,0.003665164311726888
298,0.009254825115203858,0.00926397164662679,0.003618131081263224,0.003642963171005249,0.0036449968814849854
299,0.009240726629892984,0.009239917596181233,0.003593480587005615,0.003599961996078491,0.003640236457188924
300,0.00923526128133138,0.009254696369171143,0.003574132521947225,0.003635223706563314,0.003698645035425822
301,0.009252747694651287,0.009274876912434896,0.0036145734786987307,0.0036442836125691732,0.003647183179855347
302,0.00925015370051066,0.00928673028945923,0.003602555195490519,0.0036144590377807616,0.0036626958847045896
303,0.009245638847351073,0.009271038373311362,0.003617799679438273,0.0036245969931284587,0.003647480010986328
304,0.009242808818817139,0.009246476491292318,0.0036093000570933025,0.0036475928624471027,0.0036637441317240397
305,0.009252362251281739,0.009235300223032634,0.003614117701848348,0.003615705966949463,0.0036886759599049886
306,0.009246115684509277,0.009253900051116943,0.00355937123298645,0.003601253032684326,0.003638393481572469
307,0.009249874750773112,0.009273845354715983,0.00364236315091451,0.003628970384597778,0.0036336819330851236
308,0.009244185288747151,0.00925522247950236,0.003652003208796183,0.003626859188079834,0.0036632617314656577
309,0.009243377049763997,0.00927397092183431,0.003608519236246745,0.003625933329264323,0.0036663452784220377
310,0.00925283670425415,0.009266716639200846,0.0036587429046630857,0.0036366220315297445,0.0036283183097839357
311,0.009237273534138998,0.00924777587254842,0.00363109827041626,0.003619967301686605,0.0036647844314575194
312,0.009258569876352946,0.009254462718963623,0.003594561417897542,0.0036397178967793784,0.003635483980178833
313,0.009251229763031006,0.009264455636342367,0.003616362412770589,0.0036112387975056966,0.003649070660273234
314,0.00925656795501709,0.009262719949086506,0.0036055854956309,0.003628476858139038,0.003667235771814982
315,0.00924532969792684,0.009250208536783855,0.0035786279042561847,0.003594756523768107,0.0036761681238810223
316,0.009239298502604167,0.009266963799794515,0.003612220287322998,0.0036100482940673827,0.003643924792607625
317,0.009264887968699138,0.009260346094767252,0.0036056514581044516,0.0035973791281382244,0.003656357526779175
318,0.009234074751536052,0.009253691037495931,0.003630760908126831,0.0035965681076049806,0.0036387431621551516
319,0.009257753690083822,0.009275334676106771,0.00359212597211202,0.003642066717147827,0.003652303616205851
320,0.009244163831075033,0.00926614761352539,0.0035825963815053303,0.003623462120691935,0.0036677849292755128
321,0.009248699347178141,0.009248354434967042,0.0036188149452209472,0.003589710791905721,0.003638409376144409
322,0.009264489014943441,0.009264175097147625,0.0036108275254567463,0.003624091148376465,0.003662829399108887
323,0.009244777361551921,0.009244151910146077,0.0035827060540517173,0.0035941529273986815,0.003615720272064209
324,0.00925335168838501,0.009258068402608236,0.003602726459503174,0.0035786060492197674,0.003645735581715902
325,0.009249916076660156,0.00926559845606486,0.0035808650652567543,0.0036100280284881592,0.003634423017501831
326,0.009250873724619548,0.00925668716430664,0.0035934042930603027,0.003646051486333211,0.0036456982294718423
327,0.009249939918518066,0.00924149751663208,0.0035761972268422444,0.0036138896147410076,0.0036883266766866048
328,0.009285628000895182,0.00927377700805664,0.003565287192662557,0.003600014845530192,0.0036443865299224856
329,0.009270234107971191,0.00923645257949829,0.0035892752806345623,0.0035940066973368327,0.0036316335201263426
330,0.009239936669667562,0.009279681841532389,0.003579541842142741,0.0036170609792073568,0.0036810108025868734
331,0.009261393547058105,0.009292059739430746,0.0035611740748087567,0.003605389992396037,0.0036429305871327716
332,0.009249207178751627,0.009254690011342366,0.003580528497695923,0.003600042263666789,0.003631300131479899
333,0.00925878127415975,0.009254587491353354,0.0035948610305786134,0.0036066110928853353,0.0036490158240000408
334,0.009257015387217203,0.00925434430440267,0.0035984102884928384,0.003594226042429606,0.003662761449813843
335,0.009271132151285806,0.009276102383931478,0.003579775889714559,0.0036020803451538084,0.0036435298124949137
336,0.00925333817799886,0.009242772261301676,0.003593406279881795,0.003712350130081177,0.0036388715108235676
337,0.009257648785909017,0.009250827630360921,0.0036239723364512124,0.003591955105463664,0.0036382023493448895
338,0.009246164957682292,0.00925090471903483,0.003646554946899414,0.0036108410358428955,0.0036523040135701497
339,0.009259649912516276,0.009252224763234456,0.003595026731491089,0.0035850834846496583,0.003650523026784261
340,0.009249675273895263,0.00925558884938558,0.003580551544825236,0.0035917027791341144,0.0036631977558135988
341,0.009237789312998453,0.009241532484690349,0.003614004055658976,0.0035583102703094483,0.003654362360636393
342,0.009239094257354736,0.009292207558949788,0.003592968781789144,0.003598833481470744,0.0036672937870025637
343,0.009248238404591878,0.009248054027557373,0.0036066838105519613,0.0035800496737162274,0.0036353727181752523
344,0.009274179140726726,0.009268418947855631,0.003585571050643921,0.0035519874095916748,0.003636823495229085
345,0.00926666498184204,0.009242229461669922,0.003605866034825643,0.0034914942582448326,0.003650219440460205
346,0.009238522052764892,0.009267265796661378,0.003580531676610311,0.0035896690686543784,0.0036466264724731444
347,0.00925160805384318,0.00926533540089925,0.003600576718648275,0.003582139809926351,0.0036590603987375894
348,0.009263590971628825,0.009257006645202636,0.0036590794722239175,0.003589249849319458,0.0036256380875905356
349,0.009253722031911214,0.00924686590830485,0.0035947267214457195,0.003551249106725057,0.00366649071375529
350,0.009256549676259359,0.009260825316111247,0.003592392603556315,0.0034931854406992594,0.0036623446146647133
351,0.009246285756429036,0.009249240557352701,0.0035776122411092124,0.003471067746480306,0.0036460979779561363
352,0.009249478975931803,0.009264095624287923,0.0035860808690388996,0.003460774819056193,0.003640093406041463
353,0.009257721106211344,0.009296200275421142,0.003572956720987956,0.0035297119617462157,0.003640366792678833
354,0.009250044027964274,0.009262380599975585,0.0035832007726033527,0.003472686211268107,0.0036316271622975666
355,0.009257051150004069,0.009247527917226156,0.0036062121391296385,0.0034689799944559734,0.0036306564013163247
356,0.009245107173919678,0.00927778164545695,0.003632124662399292,0.003403951327006022,0.003676238854726156
357,0.009253158569335937,0.009247690041859945,0.0035795187950134278,0.0034266666571299235,0.0037009656429290772
358,0.00924536148707072,0.009263898531595866,0.0035660278797149656,0.003383903503417969,0.0037024986743927004
359,0.009244148731231689,0.009270914395650228,0.0035688412189483643,0.0034499100844065348,0.0037016324202219647
360,0.009239330291748046,0.00925353447596232,0.0035824183622996013,0.003441130717595418,0.003645172119140625
361,0.009259995619455973,0.009246875445048014,0.003579754034678141,0.0033756776650746665,0.003653378883997599
362,0.00925561269124349,0.009260803858439127,0.003572367429733276,0.003379422823588053,0.0036611175537109375
363,0.009246071974436443,0.009267087777455647,0.003557051420211792,0.003386537233988444,0.0036541008949279785
364,0.00925539255142212,0.00924365758895874,0.0036189051469167075,0.003399315675099691,0.003622112274169922
365,0.009245408376057944,0.009266668955485027,0.0036027836799621582,0.003309638698895772,0.0036627650260925293
366,0.009250799020131428,0.009272875785827637,0.0035671393076578775,0.003333698908487956,0.003653957446416219
367,0.009259228706359863,0.009254303773244222,0.0035732948780059816,0.0033091463645299277,0.00366843581199646
368,0.00925730307896932,0.00926107406616211,0.0035533086458841958,0.0033263897895812987,0.003646391232808431
369,0.00926721175511678,0.009250992139180502,0.003558924595514933,0.0032850327094395954,0.0036525301138559977
370,0.009271157582600912,0.00924868106842041,0.0035554158687591555,0.0033218687772750854,0.0036750332514444988
371,0.009279843966166178,0.009255796273549399,0.0035966694355010985,0.0032943491141001384,0.0036446646849314372
372,0.009254475434621176,0.009272404511769613,0.00356476624806722,0.003282498319943746,0.0036459986368815103
373,0.00924370288848877,0.009284846782684326,0.003582508166631063,0.0032530887921651203,0.0036633785565694174
374,0.009254204432169595,0.009260304768880208,0.003579426606496175,0.003284659186999003,0.0036461234092712404
375,0.009247610569000244,0.00926181157430013,0.0035893948872884117,0.0032331734895706178,0.003636157512664795
376,0.009245665073394775,0.009275450706481933,0.0035695266723632813,0.0032180150349934897,0.0036495399475097658
377,0.009245702425638835,0.009267579714457195,0.0035744909445444744,0.003252756595611572,0.0036388150850931804
378,0.00924269199371338,0.009256544907887777,0.0035881845156351725,0.003248405853907267,0.0036593846480051677
379,0.009251120885213217,0.009248305161794026,0.0035905444622039793,0.003173495928446452,0.0036556510130564372
380,0.009254709084828694,0.009257492224375406,0.003545518716176351,0.0032106582323710125,0.0037100974718729655
381,0.009247637589772543,0.009255704085032145,0.0035708435376485188,0.003175415198008219,0.003661505381266276
382,0.009272558689117432,0.009255326588948568,0.0035558032989501955,0.0031362825632095335,0.0036248521010080973
383,0.009246119658152262,0.009247984886169434,0.0035637271404266356,0.00317175567150116,0.0036400032043457033
384,0.009244974454243977,0.009263014793395996,0.0035741567611694337,0.0031254835923512775,0.003620370626449585
385,0.009256656169891358,0.009248676300048829,0.003588720957438151,0.003209869066874186,0.003672408660252889
386,0.009252353509267171,0.009261709849039713,0.0035764213403066,0.0031474657853444417,0.003678750197092692
387,0.00926167329152425,0.009243892033894857,0.0035643617312113443,0.0031764243046442666,0.0036330405871073403
388,0.00926241397857666,0.0092538054784139,0.0035557949542999265,0.0031305789947509766,0.003702339728673299
389,0.009257529576619466,0.009248091379801432,0.00357313871383667,0.0031338850657145183,0.0036413677533467612
390,0.009252026081085205,0.009263637065887452,0.0035627623399098712,0.0031315491596857706,0.003638510306676229
391,0.009244233767191568,0.009247650305430094,0.0035534993807474773,0.0031488990783691407,0.00365175724029541
392,0.009264117081960042,0.009258708953857421,0.0036193311214447023,0.0031831816832224528,0.0036788626511891683
393,0.00924507697423299,0.009255329767862955,0.00363021453221639,0.003103278477986654,0.003680171569188436
394,0.009271129767100017,0.00925610621770223,0.0035821505387624106,0.0031661991278330486,0.00364441712697347
395,0.009279642105102539,0.009234411716461182,0.0035656948884328207,0.003118253747622172,0.0036633833249409995
396,0.009251688321431478,0.009252858956654867,0.003560381333033244,0.0031183846791585285,0.003684088389078776
397,0.009263578255971273,0.00927467425664266,0.003567123015721639,0.003083454966545105,0.003630788723627726
398,0.009247177441914877,0.009249807993570964,0.003592117230097453,0.003116565545399984,0.003637932538986206
399,0.009262178738911947,0.009278777440388998,0.0035870651404062907,0.0031771564483642576,0.0036587901910146076
400,0.00925713062286377,0.009252558549245199,0.0035912740230560304,0.003101526896158854,0.003652939001719157
401,0.009248316287994385,0.009243370691935222,0.0035623459021250406,0.0030838201443354287,0.0036949880917867025
402,0.009244871934254965,0.009284232457478841,0.003550052245457967,0.003095898429552714,0.0036487245559692384
403,0.009251936276753744,0.009263916810353597,0.003550830682118734,0.0030723140637079873,0.003647413651148478
404,0.009268763065338135,0.00925285816192627,0.0035463444391886393,0.0031128770112991335,0.0037001395225524903
405,0.009257477124532064,0.009253511428833008,0.003602034648259481,0.003062503139177958,0.0036662737528483074
406,0.009251147905985514,0.009269350369771322,0.003548214832941691,0.003051453431447347,0.003612041473388672
407,0.009255096912384034,0.009257567723592123,0.0036326936880747476,0.0030812686681747437,0.003641279141108195
408,0.009238793849945068,0.009268908500671387,0.003590087095896403,0.0031423584620157877,0.0036356770992279053
409,0.00925955613454183,0.009257033665974935,0.0035767006874084474,0.0030791844924290975,0.0036316370964050294
410,0.009249125321706136,0.00925403118133545,0.0035712222258249917,0.003042105436325073,0.0036398585637410484
411,0.009244589805603028,0.009284205436706543,0.0035215381781260172,0.0030347635348637898,0.0036636980374654135
412,0.009264536698659261,0.009274687767028809,0.003558515707651774,0.0030334041515986125,0.0036536725362141926
413,0.00925573984781901,0.009257558186848959,0.003562668561935425,0.0031033211946487425,0.0036313907305399575
414,0.009258374373118083,0.00927476723988851,0.0035372761885325114,0.0030753076076507567,0.0036364595095316568
415,0.009273687203725178,0.009258867104848226,0.003575790723164876,0.003049094279607137,0.003686896562576294
416,0.009258059660593669,0.009236485958099365,0.0035554325580596925,0.003069493373235067,0.0036616754531860352
417,0.009248988628387451,0.00924639860788981,0.0035613914330800372,0.00303369144598643,0.003639204502105713
418,0.009246962865193685,0.00925542672475179,0.0035530173778533934,0.0030461122592290242,0.003639804522196452
419,0.00926481326421102,0.009249677658081054,0.003560547431310018,0.0030268792311350504,0.003680211305618286
420,0.00925765593846639,0.009267676671346028,0.003572681744893392,0.003051735758781433,0.0036460232734680177
421,0.00927013397216797,0.009262333710988363,0.003545231024424235,0.003013576070467631,0.003642998933792114
422,0.009252792199452717,0.009253533681233723,0.0035769983132680257,0.0030367062489191693,0.003639527161916097
423,0.00924353281656901,0.009247295061747233,0.003580762942632039,0.0030797449747721355,0.0036728652318318684
424,0.00926347812016805,0.00925379196802775,0.0035773030916849773,0.003074446717898051,0.0036386334896087646
425,0.009251640637715658,0.009267385800679524,0.003578038215637207,0.0030476138989130657,0.0036338380972544353
426,0.009242761929829915,0.009246924718221028,0.003603384892145793,0.0030219860871632895,0.003638565142949422
427,0.009244873523712158,0.009275465806325277,0.0035883196194966636,0.003012098670005798,0.003657534122467041
428,0.009256064891815186,0.00929224729537964,0.0035902281602223714,0.0030197532971700035,0.003649629751841227
429,0.00925519307454427,0.009245396455128988,0.003558352788289388,0.003006350596745809,0.0037538484732309975
430,0.009254789352416993,0.00923903226852417,0.003585880994796753,0.0029973296324412027,0.003628948529561361
431,0.009253722031911214,0.009259676933288575,0.003573542833328247,0.0030232163270314536,0.0036497084299723305
432,0.009252074559529623,0.00925121784210205,0.003551876942316691,0.003007488449414571,0.003655875523885091
433,0.009245751698811849,0.009252708752950032,0.003540674448013306,0.003079344431559245,0.0036415974299112957
434,0.009246376355489095,0.009265127976735434,0.0035413646697998046,0.003035934567451477,0.00362619678179423
435,0.009264092445373535,0.009267059961954753,0.0035400338967641193,0.003010430335998535,0.00372788667678833
436,0.009266273180643717,0.009260982672373453,0.0035314305623372396,0.0030121290683746338,0.003633687496185303
437,0.00925242026646932,0.009262567361195882,0.0035820937156677245,0.0030107674996058147,0.003689924478530884
438,0.009253458976745605,0.00924899180730184,0.0035887471834818523,0.0030649962027867635,0.003686324755350749
439,0.009243011474609375,0.009252630869547526,0.0035736807187398273,0.003034101128578186,0.0036408638954162596
440,0.009265241622924804,0.009257445335388184,0.00357130765914917,0.0030281970898310344,0.0036547168095906577
441,0.009252757231394449,0.009262866973876953,0.003544482787450155,0.003022565444310506,0.0036748023827870686
442,0.009248343308766683,0.009243654410044351,0.0035400529702504474,0.003020130395889282,0.0036377469698588055
443,0.009258081912994385,0.009258483250935872,0.0035501062870025636,0.003070313533147176,0.0037066344420115154
444,0.009250089327494304,0.009263095060984293,0.0035453569889068604,0.0030117273330688477,0.0036339664459228514
445,0.009249996344248454,0.00925742785135905,0.0035421220461527504,0.0030241747697194415,0.0036406644185384114
446,0.009246722062428792,0.009244991143544516,0.003539888064066569,0.0030160411198933918,0.003637731472651164
447,0.009255337715148925,0.009263891379038493,0.0035407622655232746,0.002997442285219828,0.003666274150212606
448,0.009242598215738933,0.009254952271779379,0.003565635681152344,0.0030205267667770385,0.0036365914344787596
449,0.009233808517456055,0.009248414039611817,0.003545268376668294,0.0030596824487050373,0.0036377628644307454
450,0.00926191012064616,0.00926448663075765,0.0035964504877726237,0.0030444031953811646,0.0036651353041330975
451,0.00924276034037272,0.009253652890523274,0.0035664268334706624,0.0030143312613169354,0.00365388552347819
452,0.009250059922536214,0.009267582098642984,0.0035425337155659993,0.0029742300510406496,0.0036444421609242755
453,0.009252977371215821,0.009251924355824788,0.003579129775365194,0.0030078784624735515,0.0036645408471425375
454,0.009273121356964112,0.009242306550343832,0.0035565141836802166,0.002973142464955648,0.003655691146850586
455,0.009255868593851725,0.00927060842514038,0.0035659829775492352,0.0030511375268300373,0.0036452484130859377
456,0.009259191354115804,0.009246283372243246,0.0035620975494384767,0.003013114333152771,0.0036525984605153402
457,0.009246834913889567,0.009260429541269937,0.0035411922136942544,0.003000750740369161,0.0036417758464813233
458,0.009252150058746338,0.009240716298421225,0.003605598608652751,0.002992473840713501,0.00368066668510437
459,0.009245678583780925,0.009252862135569254,0.0035427923997243247,0.0030407830079396568,0.0036352614561716715
460,0.009251668453216552,0.009258437156677245,0.0035602128505706787,0.003012537956237793,0.0036471386750539145
461,0.009247767130533853,0.009247666200002034,0.003545463482538859,0.0029946684837341307,0.0036411130428314208
462,0.00924713134765625,0.00926328420639038,0.0035202141602834066,0.003003165125846863,0.0036509044965108237
463,0.009267113208770751,0.009250864187876384,0.0035392701625823974,0.002983018159866333,0.0036549882094065347
464,0.009246959686279296,0.009251622358957927,0.0035235353310902914,0.0030090353886286416,0.0036396690209706626
465,0.009266329606374106,0.009255142211914062,0.0035399564107259115,0.003019650975863139,0.0036800273259480795
466,0.009257487456003825,0.009242835839589437,0.0035351645946502686,0.003034860889116923,0.003665595451990763
467,0.00929380973180135,0.00927404006322225,0.003525112469991048,0.003021783431371053,0.003648956616719564
468,0.00924806515375773,0.00925296147664388,0.0035196757316589356,0.0030176822344462075,0.0036458142598470053
469,0.009253140290578206,0.009271976947784423,0.0035562256971995035,0.002989234725634257,0.0036357462406158446
470,0.009245906670888265,0.009257943630218505,0.003547687530517578,0.00302705188592275,0.00366721510887146
471,0.009267918268839518,0.00926365852355957,0.003568171660105387,0.003014013369878133,0.00365649422009786
472,0.009249069690704347,0.00926282008488973,0.00354830265045166,0.003017433484395345,0.0036695257822672526
473,0.009279870986938476,0.009254182974497477,0.0035663882891337076,0.0030088353157043455,0.0036420551935831707
474,0.009253737926483154,0.009262845516204835,0.00352566123008728,0.0030436656872431436,0.0036398478349049888
475,0.009240832328796387,0.00926976998647054,0.003592815399169922,0.00298504372437795,0.0037003195285797118
476,0.009263956546783447,0.009243463675181071,0.003545187711715698,0.0030404303471247354,0.003665253718694051
477,0.009244663715362549,0.009256407419840495,0.0035331825415293376,0.0030081816514333087,0.003659361203511556
478,0.00924837589263916,0.009259917736053468,0.0035288405418395998,0.0029971917470296224,0.0036878442764282228
479,0.009258328278859456,0.009270295302073161,0.0035314897696177164,0.0030039081970850627,0.003631465435028076
480,0.009254018465677897,0.009254927635192872,0.003546807368596395,0.002990338206291199,0.003654706080754598
481,0.009247728983561198,0.009246806303660074,0.0035259079933166503,0.003007407784461975,0.0036523334185282388
482,0.00653889258702596,0.009255191485087078,0.0035094277064005534,0.0030135931571324665,0.0036568876107533773
483,0.003889536460240682,0.009271674950917562,0.003530766566594442,0.002972573240598043,0.0036693350474039715
484,0.0036978030204772947,0.009248172442118327,0.003537564277648926,0.00299615740776062,0.00369186004002889
485,0.0036210842927296956,0.00926404635111491,0.0035570327440897624,0.0030459330479303995,0.0036560511589050293
486,0.0036180222034454344,0.00926967700322469,0.0035271060466766356,0.003021611968676249,0.003635119994481405
487,0.0036200896898905435,0.009249322414398194,0.003499300479888916,0.0030616496006647745,0.0036816211541493733
488,0.0036145023504892985,0.009252730210622152,0.003524641195933024,0.0029932504892349245,0.0036716242631276447
489,0.0036275780200958254,0.009261618455251058,0.00352411945660909,0.003047343691190084,0.0037424004077911376
490,0.0036099680264790853,0.009241504669189453,0.0035591729482014976,0.0029960747559865317,0.0036365850766499836
491,0.003609171708424886,0.009281505743662516,0.003555889924367269,0.002986678679784139,0.0036249613761901857
492,0.0036038001378377277,0.009258949756622314,0.003543051878611247,0.002983604073524475,0.00362039844195048
493,0.0036117005348205566,0.009256758689880372,0.0035159544150034586,0.0029979596535364785,0.0036441322167714437
494,0.0036095293362935384,0.009250455697377523,0.003546013832092285,0.003020303249359131,0.0036684922377268475
495,0.0036132260163625083,0.009282445907592774,0.003506457805633545,0.002998262842496236,0.003643854061762492
496,0.0036231406529744466,0.009253571033477783,0.0035456418991088867,0.003019439180692037,0.0036418898900349933
497,0.0036151997248331704,0.009275236924489338,0.0035575481255849203,0.002973180413246155,0.0036746756235758464
498,0.003612276315689087,0.009251240889231365,0.0035410380363464357,0.0030272481838862103,0.003670262098312378
499,0.0036070124308268227,0.009254984855651856,0.003539836804072062,0.0029882653554280597,0.003694489002227783
500,0.0036116377512613934,0.00926297903060913,0.003514598210652669,0.0030148688952128092,0.003631222645441691
501,0.0036077030499776204,0.009244653383890787,0.0035307546456654865,0.002992317875226339,0.0036471450328826906
502,0.0036104396979014077,0.00926594336827596,0.0035609801610310874,0.0029977267980575563,0.0036818838119506837
503,0.0036121952533721925,0.009253509839375814,0.003522437413533529,0.0030402040481567385,0.0036610790093739827
504,0.0036069858074188233,0.009254709879557291,0.003509844938913981,0.0029839686552683513,0.003630359172821045
505,0.003621001640955607,0.009246868292490641,0.0035219200452168784,0.0029934918880462646,0.0036863458156585695
506,0.0036200233300526935,0.009244327545166015,0.003537895679473877,0.003009746472040812,0.0036260000864664715
507,0.0036300845940907796,0.009240016142527263,0.0035163756211598713,0.002973662813504537,0.0036558647950490314
508,0.0036042515436808266,0.009243253866831462,0.003519177834192912,0.0030684043963750203,0.003649914264678955
509,0.0036108680566151936,0.009253109296162923,0.0035100205739339195,0.0029717560609181723,0.0036606419086456297
510,0.0036100482940673827,0.00924172083536784,0.0035091181596120197,0.00300956388314565,0.0036340117454528808
511,0.003606216112772624,0.009254817962646484,0.003538593053817749,0.0030156509081522625,0.0037194343407948812
512,0.0036183440685272216,0.009277784824371338,0.0034904627005259196,0.002981596787770589,0.003669011195500692
513,0.00360932985941569,0.009276778697967529,0.003549874226252238,0.0029820869366327923,0.0036719393730163573
514,0.0036170025666554767,0.009266345500946046,0.003506013552347819,0.003014145294825236,0.0036879897117614744
515,0.0036189011732737225,0.009259652296702068,0.0035374180475870767,0.0030268798271814983,0.00366018811861674
516,0.0036258967717488605,0.00927121877670288,0.0035288818677266438,0.0029763998587926228,0.0036540790398915607
517,0.003608418305714925,0.009254863262176513,0.003524273633956909,0.002958843906720479,0.003640744686126709
518,0.0036154218514760335,0.009255536397298177,0.0035169649124145506,0.003015987277030945,0.0036481364568074545
519,0.003612545331319173,0.009269626935323079,0.003513220945994059,0.0029907562335332234,0.0036648317178090413
520,0.003624761501948039,0.009297524293263753,0.003540960947672526,0.00298231840133667,0.0036475531260172526
521,0.0036093886693318684,0.009248741467793782,0.003540380398432414,0.002974894642829895,0.0036318306128184
522,0.0036155096689860027,0.009279431502024333,0.0035360944271087646,0.002976120114326477,0.003647276560465495
523,0.003614368438720703,0.009241906007130941,0.0035457380612691244,0.002982893983523051,0.0036899916330973307
524,0.0036180758476257323,0.009252392450968424,0.0035278395811716716,0.0029848623275756836,0.0036370189984639488
525,0.0036255685488382973,0.009247366587320964,0.003499512275060018,0.002994509736696879,0.0036311833063761394
526,0.0036212329069773355,0.009257210095723471,0.003515410820643107,0.003013214071591695,0.0036479397614796955
527,0.003625935713450114,0.009271206061045329,0.003507204055786133,0.0030014848709106444,0.0036462159951527913
528,0.003602961301803589,0.009252421061197917,0.003501165707906087,0.0030032698313395183,0.003657381534576416
529,0.0036268683274586996,0.009273873170216879,0.0035082685947418215,0.0029764753580093384,0.0036391409238179526
530,0.0035960336526234945,0.00926055908203125,0.0035056455930074057,0.0030033355951309204,0.003656587600708008
531,0.003617299795150757,0.009245475133260092,0.0035227016607920327,0.002980669140815735,0.003628217379252116
532,0.0035967628161112466,0.009256851673126221,0.003561933437983195,0.002980950673421224,0.0036291364828745522
533,0.003605726957321167,0.009248859882354736,0.0034969953695933023,0.003000163435935974,0.0036460026105244953
534,0.0036089944839477538,0.009273490905761718,0.0035054345925649008,0.003043783108393351,0.0037096587816874186
535,0.003599768082300822,0.009280622800191244,0.003514175812403361,0.00305731733640035,0.0036735963821411134
536,0.003628782033920288,0.009251821041107177,0.0034888354937235512,0.002993455131848653,0.0036296284198760985
537,0.003597311576207479,0.009257520039876302,0.0035041757424672444,0.0030250805616378784,0.0036462326844533283
538,0.0036077527205149334,0.009252316951751709,0.003531350294748942,0.002987538774808248,0.003642666737238566
539,0.003612047831217448,0.009263319969177246,0.003488804896672567,0.002991820772488912,0.0036400771141052246
540,0.0036102338631947835,0.009253567854563395,0.003490206003189087,0.0029915579160054526,0.0036573223272959392
541,0.003600517908732096,0.009240158398946126,0.003540898561477661,0.0030025861660639445,0.0037029806772867838
542,0.0036063881715138755,0.009243425528208414,0.0034985860188802083,0.002998939355214437,0.0036499420801798504
543,0.0036016480127970376,0.009266266822814942,0.0034676829973856607,0.0029781818389892577,0.003658217191696167
544,0.003608196179072062,0.009267096519470214,0.0034923231601715087,0.003020573854446411,0.0036544768015543618
545,0.003636967738469442,0.009244275887807211,0.0035023574034372964,0.0030028669039408365,0.0036497485637664796
546,0.0036076927185058594,0.0092719833056132,0.0035229039192199705,0.0030184245109558107,0.0036487642923990885
547,0.0036024296283721923,0.00925637165705363,0.003501826524734497,0.002982785900433858,0.003631178935368856
548,0.003610097567240397,0.009262770811716715,0.003480731248855591,0.0029608845710754395,0.0036561421553293863
549,0.003597414493560791,0.009253412882486978,0.003545819123586019,0.003017963369687398,0.003645878632863363
550,0.003595290184020996,0.009250689347585042,0.003476584752400716,0.003008813261985779,0.0036726860205332436
551,0.0035970568656921386,0.009254021644592285,0.0035125414530436196,0.003008146286010742,0.0036260604858398436
552,0.0036491056283315024,0.00926698605219523,0.0034938708941141764,0.003038018544514974,0.0036611457665761313
553,0.003607442776362101,0.009225785732269287,0.003493521213531494,0.003002936840057373,0.0036718356609344483
554,0.0035980053742726645,0.009270902474721272,0.0034938844045003256,0.002992234826087952,0.0036380386352539065
555,0.003604189157485962,0.009255815347035725,0.0034966317812601725,0.0029988759756088257,0.003633921543757121
556,0.003599334955215454,0.009253362814585367,0.0034883983929951986,0.0029660401741663615,0.003642797867457072
557,0.0036183416843414305,0.009263545672098795,0.0034939869244893394,0.002970172166824341,0.0036452627182006836
558,0.00362321933110555,0.009253059228261312,0.003531878391901652,0.0029531311988830566,0.003643393913904826
559,0.00360150416692098,0.009254740079243979,0.0034961771965026857,0.0029920949538548786,0.0036443587144215903
560,0.0035988056659698488,0.009262020587921143,0.0035527153809865315,0.0029678422212600706,0.003630667527516683
561,0.003608174721399943,0.009236376285552978,0.0035231117407480876,0.0030491832892100014,0.0036560094356536867
562,0.0036265559991200767,0.009257926940917968,0.003492025136947632,0.00300922433535258,0.003669871886571248
563,0.003611764113108317,0.009260907173156738,0.0035099565982818605,0.0029665509859720866,0.0036547879378000894
564,0.003602927128473918,0.009243439833323161,0.0035065642992655435,0.00296388308207194,0.0036242266496022543
565,0.003603549798329671,0.009251273473103842,0.003532689412434896,0.0029774345954259236,0.003647428750991821
566,0.003638351758321126,0.00924576997756958,0.003472755750020345,0.002951762080192566,0.003635126749674479
567,0.0036052536964416505,0.009269112745920818,0.0035368645191192626,0.002969790498415629,0.003653257687886556
568,0.003586864471435547,0.009248971144358317,0.003506934642791748,0.0029939921696980794,0.0036409556865692138
569,0.003601531982421875,0.009263221422831218,0.0034973597526550292,0.002967285712560018,0.003696885506312052
570,0.003648304541905721,0.009259999593098958,0.003499420086542765,0.0029868183533350626,0.0036660051345825196
571,0.0036203022797902423,0.009265744686126709,0.0035428547859191893,0.002994881470998128,0.003655097484588623
572,0.0036274643739064535,0.009249715010325114,0.003491537570953369,0.0029502169291178385,0.0036231776078542075
573,0.0036231295267740884,0.009260121981302898,0.003500242233276367,0.003020201921463013,0.0036193720499674478
574,0.003617614507675171,0.009254357814788818,0.003500640392303467,0.003012049595514933,0.003650860786437988
575,0.0036040043830871584,0.009261662165323894,0.0035147945086161296,0.002993575930595398,0.003669598897298177
576,0.003604201078414917,0.009240914185841878,0.0034819018840789796,0.0029995266596476236,0.003663299878438314
577,0.0036112463474273684,0.00925036112467448,0.003489335775375366,0.002959582010904948,0.0036778398354848224
578,0.003608162800470988,0.00925605297088623,0.0034627827008565266,0.002973183790842692,0.0036641470591227215
579,0.0036100558439890545,0.009245878060658772,0.003478575547536214,0.002958500583966573,0.003644558588663737
580,0.003612282673517863,0.009258081118265787,0.0034772741794586184,0.002959856390953064,0.0036395005385080974
581,0.0036284848054250083,0.00926113526026408,0.003469933271408081,0.002982751727104187,0.0036439303557078044
582,0.0036210163434346517,0.009259672959645589,0.0035213088989257814,0.0029540886481602985,0.0036206380526224774
583,0.0036035378774007163,0.009274361133575439,0.0035040454069773354,0.0029509282112121582,0.003667168617248535
584,0.0036054285367329918,0.009272956848144531,0.003565435806910197,0.0029710745811462403,0.003639824390411377
585,0.003609938621520996,0.009249694347381592,0.0034996140003204345,0.003006746768951416,0.0036267455418904624
586,0.0036011354128519693,0.009257465998331705,0.003512459993362427,0.002966492772102356,0.0036446428298950195
587,0.00360260804494222,0.009252638022104898,0.0035073467095692954,0.0029694743951161704,0.0036796430746714273
588,0.003615537484486898,0.009252278804779053,0.0035095500946044924,0.0029556723435719807,0.0036520775159200034
589,0.003600294589996338,0.009263827006022135,0.003476406733194987,0.002942043940226237,0.0036397898197174073
590,0.0036201961835225422,0.009244308471679688,0.0034953439235687256,0.002963696519533793,0.003662639856338501
591,0.0036051122347513834,0.009243388175964356,0.0034905421733856202,0.0029879031578699746,0.0036590731143951415
592,0.003588434457778931,0.009255144596099853,0.0034817234675089516,0.0029750752449035646,0.0036489558219909668
593,0.003600071668624878,0.009260734717051189,0.0034844434261322023,0.002964317003885905,0.003691905736923218
594,0.0036098142464955647,0.00925151507059733,0.0035031716028849284,0.0029652227958043417,0.0036536022027333576
595,0.003590370814005534,0.009253412882486978,0.0034915836652119957,0.0029520368576049804,0.003665456771850586
596,0.0035961631933848063,0.009240907033284505,0.003486713965733846,0.0030022652943929038,0.0036531726519266764
597,0.003628678321838379,0.009258881409962972,0.003494723637898763,0.003019277056058248,0.0036458285649617513
598,0.0036247670650482178,0.009272619883219401,0.0034869388739267983,0.002983485261599223,0.0036524792512257894
599,0.003607176144917806,0.009254500071207683,0.0034847084681193033,0.0029621078570683797,0.0036181068420410157
600,0.0035970449447631837,0.009256753126780192,0.0035228335857391355,0.00297775129477183,0.003630424340565999
601,0.0036317356427510578,0.009260239601135254,0.0034668195247650148,0.002963727315266927,0.003653944730758667
602,0.0036118193467458088,0.009271229108174642,0.0035028791427612303,0.0029672894875208537,0.0036507423718770346
603,0.0035937178134918214,0.009249310493469238,0.003468182881673177,0.002960731387138367,0.003648364543914795
604,0.0036276320616404215,0.009237922032674154,0.0034867068131764728,0.0029581759373346964,0.0036324719587961835
605,0.0035992868741353354,0.009238413174947103,0.0035027635097503664,0.0029522969325383504,0.0036263155937194826
606,0.003594766060511271,0.00924069881439209,0.0034818625450134277,0.002984067400296529,0.0036854549249013264
607,0.003589016596476237,0.009279680252075196,0.0034708309173583983,0.002954383691151937,0.0036620867252349855
608,0.003586262861887614,0.009235613346099854,0.003474324941635132,0.0029477866490681967,0.003651750882466634
609,0.0036108593146006265,0.009247522354125976,0.003471938371658325,0.002963452140490214,0.003668808937072754
610,0.0035638145605723062,0.009265801111857097,0.0034667368729909263,0.002947786847750346,0.0036386319001515707
611,0.0035947704315185546,0.009257724285125732,0.0034613728523254393,0.002975219488143921,0.0036631731192270913
612,0.0036371580759684244,0.009254780610402425,0.003527136246363322,0.002989991505940755,0.0036526997884114582
613,0.0035885373751322427,0.009249854882558186,0.003458942969640096,0.0029986763000488283,0.003632910251617432
614,0.003572417100270589,0.009253812630971274,0.003478188117345174,0.0029485537608464557,0.0037016638120015463
615,0.003586559693018595,0.009247529506683349,0.0035070415337880453,0.002933227817217509,0.00366007129351298
616,0.0036196136474609376,0.009254478613535563,0.0035024142265319825,0.0029553892215092976,0.003636922041575114
617,0.00360824982325236,0.00924869696299235,0.003469762404759725,0.003024779955546061,0.003654079834620158
618,0.0035947283109029134,0.009256842136383057,0.0034603023529052733,0.0029396363099416095,0.003644351561864217
619,0.003580898443857829,0.009254185358683269,0.003493912617365519,0.0029466418425242104,0.0036554876963297528
620,0.0035784637928009035,0.009272659619649251,0.0034742923577626545,0.002923961877822876,0.003672574758529663
621,0.0035892462730407713,0.009286278088887533,0.003471395969390869,0.0029431271553039553,0.0036897067228953044
622,0.0036152172088623046,0.009255697727203369,0.003487265110015869,0.002959130009015401,0.0036514790852864585
623,0.0036187756061553957,0.009252653121948243,0.003449197212855021,0.0029357381661732993,0.0036483295758565266
624,0.003587428331375122,0.009248451391855875,0.003505939245223999,0.0029371327161788943,0.0037539299329121907
625,0.0035907073815663656,0.009248238404591878,0.0035252614816029867,0.0029319759209950765,0.0036622671286265056
626,0.0035973064104715983,0.009251073201497395,0.003521045446395874,0.0029457316795984904,0.003678759733835856
627,0.0035776702562967935,0.009265979131062826,0.003462146520614624,0.0029177021980285643,0.003643762270609538
628,0.0036008807023366293,0.009253722031911214,0.0034652455647786458,0.0029473056395848594,0.0036393892765045166
629,0.003577494223912557,0.009252699216206868,0.0034835124015808105,0.002976890007654826,0.003680636485417684
630,0.0035888012250264484,0.009283777077992756,0.0035017740726470945,0.002972370982170105,0.0036377255121866864
631,0.003575696547826131,0.009270952542622885,0.003511132796605428,0.0029537485043207804,0.003644375801086426
632,0.0035628485679626465,0.009247647126515707,0.003505478302637736,0.00297486941019694,0.0036604742209116617
633,0.0035855595270792642,0.009262191454569498,0.0034569390614827473,0.003004517753918966,0.0036588756243387858
634,0.0035814821720123293,0.009255821704864503,0.003479233980178833,0.002992713252703349,0.003646337588628133
635,0.003576318820317586,0.009248269399007162,0.0034826095898946125,0.0029570525884628296,0.0036234017213185627
636,0.0035726670424143475,0.009252114295959473,0.0034669355551401773,0.002953035036722819,0.0036767141024271646
637,0.0035764880975087485,0.009261205991109212,0.003459308942159017,0.0029807035128275555,0.0036326169967651365
638,0.003597679932912191,0.009262329737345377,0.0034693749745686848,0.0029670647780100506,0.0036770160992940265
639,0.0036205641428629556,0.009256449540456136,0.0034468539555867514,0.002965646187464396,0.0036508540312449136
640,0.0035691432158152262,0.00925512154897054,0.003499600887298584,0.0029101534684499103,0.003648875157038371
641,0.0036001515388488768,0.009255430698394775,0.0034716510772705078,0.0029450958967208864,0.0036330183347066244
642,0.0035793797175089517,0.009268006483713787,0.003466193675994873,0.0029377253850301106,0.00362566073735555
643,0.0036190970738728843,0.009263367652893066,0.003460481564203898,0.002947648763656616,0.003650115728378296
644,0.003602445920308431,0.009274965127309163,0.0034643109639485676,0.0029482769966125487,0.00362650990486145
645,0.0035893034934997557,0.009263781706492107,0.0034518269697825115,0.0029313584168752034,0.0036542669932047526
646,0.003597070376078288,0.009262573719024659,0.0034416874249776205,0.0029454288880030313,0.0036299328009287515
647,0.003591107130050659,0.009240194956461589,0.0034961811701456707,0.0029599920908610026,0.003634373346964518
648,0.0035973358154296874,0.009276250998179117,0.0034715708096822104,0.002948458393414815,0.0036657806237538654
649,0.0035782408714294433,0.00922045628229777,0.003486648400624593,0.0029117743174235026,0.00366129199663798
650,0.0035735090573628743,0.009258524576822916,0.00344527800877889,0.002962453564008077,0.003612960974375407
651,0.0035681426525115967,0.009279704093933106,0.0034593661626180013,0.002937477231025696,0.003692626953125
652,0.0035908385117848713,0.009247379302978516,0.0034910690784454345,0.0029205455382665,0.003646533489227295
653,0.0036083638668060304,0.009258169333140056,0.00347214937210083,0.0029046744108200072,0.0036426130930582684
654,0.0035760724544525147,0.00924397627512614,0.0034691357612609865,0.002931544383366903,0.0036543464660644532
655,0.0035935656229654947,0.009255332152048747,0.0034661277135213217,0.002964767615000407,0.0036488703886667887
656,0.0035850294431050618,0.00928076426188151,0.003479220469792684,0.0029689514636993407,0.0036415759722391765
657,0.0035641610622406004,0.009259742101033528,0.0034676790237426758,0.00293827493985494,0.003710205554962158
658,0.003578503131866455,0.009270405769348145,0.0034481143951416017,0.00291938583056132,0.0036127694447835286
659,0.003581872781117757,0.009278944333394368,0.0034441888332366944,0.0029443750778834024,0.0037047576904296873
660,0.0035814364751180013,0.009251647790273031,0.0034809410572052,0.002986333966255188,0.0036799391110738117
661,0.00358206311861674,0.009260232448577882,0.0034481767813364663,0.002921154697736104,0.0036714490254720054
662,0.003569324811299642,0.009254980087280273,0.0034751896063486736,0.002910828391710917,0.0036542359987894696
663,0.003572954734166463,0.009273238976796468,0.003445074160893758,0.0029310460885365805,0.0036363104979197183
664,0.003575747807820638,0.009242897033691405,0.0034538582960764565,0.0028855033715566,0.0036753495534261067
665,0.0035678768157958985,0.009250063101450602,0.00346173882484436,0.0029340068499247233,0.0036516714096069334
666,0.0035654115676879883,0.009246642589569093,0.003451031446456909,0.002928619384765625,0.003645691474278768
667,0.003576462268829346,0.009263228575388591,0.0034764909744262693,0.0029345937569936116,0.0036219640572865805
668,0.003569826285044352,0.009254907766977946,0.0034741286436716715,0.002958724101384481,0.003634745279947917
669,0.003593786557515462,0.009271397590637206,0.0034728674093882244,0.002968374689420064,0.003703875144322713
670,0.0035861929257710776,0.009252165158589681,0.0034613426526387534,0.0029414737224578856,0.0036454292138417563
671,0.003596558968226115,0.009240704377492269,0.0034595298767089843,0.0029216231902440388,0.003691634734471639
672,0.0035708685715993243,0.009247301419576009,0.0034676114718119305,0.0029232625166575113,0.0036421998341878256
673,0.0035583237806955975,0.009266269207000733,0.003446930249532064,0.002908832828203837,0.003651333252588908
674,0.0035657119750976563,0.009249383608500163,0.003471255699793498,0.0029464356104532876,0.0036458230018615724
675,0.003616545597712199,0.009260331789652507,0.0034822229544321697,0.0029191293319066366,0.003652396599451701
676,0.00357559601465861,0.009260690212249756,0.003437069257100423,0.002947851220766703,0.003649782737096151
677,0.003616788387298584,0.009247592290242513,0.0034488141536712646,0.0029270251592000327,0.0036704325675964355
678,0.0035459232330322266,0.00926254113515218,0.003463606834411621,0.0029285802443822224,0.003642958402633667
679,0.0035861249764760337,0.009235699971516928,0.003466665744781494,0.002929897308349609,0.003635563850402832
680,0.0035758388042449953,0.009243152936299641,0.0034901551405588788,0.0029451576868693035,0.003660101890563965
681,0.0035809246699015297,0.009232569535573323,0.0034514272212982176,0.0029075489441553752,0.003640305201212565
682,0.0035886510213216146,0.009274462858835856,0.0034818339347839357,0.002955542008082072,0.0036557936668395997
683,0.0035948161284128826,0.009281474749247233,0.0034689402580261233,0.00291042427221934,0.003650959332784017
684,0.003568626642227173,0.009263416926066081,0.0035242998600006105,0.0029334823290506997,0.0036504610379536947
685,0.0035605092843373617,0.009271474679311116,0.0034449251492818197,0.0029209429025650025,0.0036571776866912843
686,0.003579132556915283,0.009246394634246827,0.003442757527033488,0.0029248690605163576,0.003658443291982015
687,0.003564566771189372,0.009265209039052327,0.003473865588506063,0.0029167250792185464,0.0036663504441579184
688,0.0035699609915415447,0.009268036683400472,0.0034294021129608154,0.00293264369169871,0.0036529322465260823
689,0.0035539233684539796,0.009270858764648438,0.0034542489051818848,0.0029331958293914795,0.0037002503871917725
690,0.003568469683329264,0.009261003335316976,0.003502316872278849,0.0029251460234324136,0.003665961424509684
691,0.003562002976735433,0.009262926578521728,0.003443221648534139,0.0029787145058314006,0.0036498522758483887
692,0.003595732053120931,0.009240682919820149,0.0035289486249287924,0.00305592934290568,0.0036606649557749432
693,0.0036011640230814617,0.009246246814727783,0.0034542802969614664,0.002927667498588562,0.0036293915907541913
694,0.0035806202888488767,0.009267830848693847,0.003486042817433675,0.002950950066248576,0.003676811854044596
695,0.0035728768507639567,0.009266331990559895,0.0034499744574228923,0.0029059890906016034,0.0036674888928731283
696,0.003566028277079264,0.009246188799540202,0.0034703842798868814,0.0029095810651779174,0.003660884698232015
697,0.0035937694708506264,0.009233663082122803,0.0034702475865681964,0.0029202471176783245,0.0036345624923706053
698,0.0035593624909718833,0.009246382713317871,0.0034260857105255127,0.002954164942105611,0.003651239474614461
699,0.0035634084542592367,0.00926142692565918,0.0034416663646698,0.00290229340394338,0.0036531007289886475
700,0.003576399485270182,0.009272959232330322,0.0034237790107727053,0.002930614153544108,0.0036433382829030355
701,0.003557742436726888,0.009242475032806396,0.0034542198975880943,0.0029055418570836386,0.003637102444966634
702,0.003553363084793091,0.009261457125345866,0.0035242557525634764,0.002899575630823771,0.0036378781000773112
703,0.003556121587753296,0.009244151910146077,0.0034405799706776936,0.002934612035751343,0.0036412692070007325
704,0.0035617574055989585,0.009272634188334147,0.0034398619333902993,0.0029180407524108886,0.0036490813891092936
705,0.0035616620381673176,0.009263976414998373,0.0034516183535257977,0.002961162527402242,0.0036627936363220217
706,0.0035652605692545573,0.009261743227640788,0.0034625613689422607,0.002910813490549723,0.0036488000551859537
707,0.003557637135187785,0.009252746105194092,0.0034459511439005534,0.0029304770628611246,0.0036393276850382487
708,0.0035690673192342124,0.009268681208292643,0.0034280069669087726,0.0029554057121276857,0.0036311578750610352
709,0.0035509645938873293,0.009265059630076091,0.0034346628189086915,0.0029680571953455605,0.0036609466870625813
710,0.003578261931737264,0.009266003767649333,0.0034304726123809814,0.0029622348149617515,0.0036354851722717285
711,0.003560934861501058,0.009250560601552327,0.0034295117855072024,0.0028910156091054282,0.0036687624454498293
712,0.003551423947016398,0.009249238967895508,0.003468137979507446,0.0029011144240697227,0.0036638609568277994
713,0.0035553328196207684,0.009275960127512613,0.003440423806508382,0.002906233867009481,0.003659679889678955
714,0.0035538828372955323,0.009252255757649739,0.0034672447045644124,0.0029341508944829304,0.0036617382367451984
715,0.0035468188921610514,0.009263598918914795,0.003450016975402832,0.0029236259063084922,0.0036440940697987875
716,0.0035258682568868,0.009280292987823487,0.0034255536397298177,0.002925244967142741,0.003676935036977132
717,0.0035584457715352375,0.009248600006103516,0.0034403204917907715,0.0028945881128311156,0.0036534583568573
718,0.003559842904408773,0.009263572692871093,0.003416895071665446,0.002891244689623515,0.0036558663845062257
719,0.0035682320594787598,0.009256308873494466,0.003444330294926961,0.002893090049425761,0.0036331188678741457
720,0.003607179323832194,0.009259832700093588,0.0034408620993296307,0.002907835841178894,0.0036427080631256104
721,0.003562749624252319,0.009276013374328613,0.00344527006149292,0.0029474953810373944,0.0036315604050954184
722,0.003541590372721354,0.009263058503468832,0.003452417453130086,0.0028927866617838543,0.003635044495264689
723,0.003557240565617879,0.009251656532287598,0.003437059720357259,0.0029246590534845987,0.003659035364786784
724,0.0035567227999369305,0.009253324667612712,0.0034222280979156494,0.002992955247561137,0.0036469844977060953
725,0.003563965956370036,0.009260179996490479,0.0034435919920603433,0.0029274791479110716,0.0036718976497650147
726,0.0035489328702290853,0.009266018072764079,0.0034056790669759114,0.0029063673814137777,0.003674783706665039
727,0.0035710624853769937,0.009251476923624675,0.0033984021345774334,0.0029144670565923055,0.0036438612143198648
728,0.00356565793355306,0.00925130049387614,0.003450045188268026,0.0028995901346206667,0.003638261953989665
729,0.0035430649916330975,0.009240430990854899,0.003427946170171102,0.003001704414685567,0.00364486296971639
730,0.0035479553540547688,0.009254419008890787,0.003444158633550008,0.0029317007462183633,0.003665447235107422
731,0.003553303082784017,0.009271604220072428,0.003418307701746623,0.002892741958300273,0.0036758947372436523
732,0.003578872283299764,0.009256535371144613,0.003419837156931559,0.002890339096387227,0.0036480637391408284
733,0.003567568063735962,0.00926397720972697,0.003427653710047404,0.002925898234049479,0.0036412866910298667
734,0.003538177013397217,0.009253390630086263,0.0034191219011942544,0.0029114005963007607,0.0036342342694600425
735,0.0035575211048126222,0.009251903692881267,0.0034226802984873455,0.0028967765967051187,0.0036506978670756023
736,0.0035432763894399006,0.009250253836313883,0.0034175217151641846,0.00288169264793396,0.0036516968409220376
737,0.003539234797159831,0.009244113763173422,0.0034051402409871418,0.0028903218110402427,0.0036825470129648844
738,0.0035541089375813804,0.009278744061787924,0.003400502602259318,0.0029492340485254924,0.0036551292737325033
739,0.0035536491870880125,0.009259208043416341,0.00339985450108846,0.0028918919960657756,0.003619407018025716
740,0.0035489702224731443,0.009250775178273518,0.003398450215657552,0.0028759642442067464,0.003621641397476196
741,0.003557851711908976,0.009248321851094563,0.003412602742513021,0.0028597843647003175,0.0036233146985371906
742,0.003539852301279704,0.009266031583150229,0.0034010382493336994,0.002858919898668925,0.0036151607831319175
743,0.0035528123378753664,0.009275094668070475,0.0034029805660247803,0.0030092161893844603,0.0036287649472554525
744,0.003542474110921224,0.009286784331003824,0.003370063304901123,0.0029311015208562216,0.0036537706851959228
745,0.0035690391063690186,0.009259154001871744,0.003404160737991333,0.002898087700208028,0.003634744087855021
746,0.0035485204060872397,0.00925649881362915,0.0033610554536183676,0.0029114439090092976,0.0036619909604390464
747,0.0035838747024536134,0.00925807237625122,0.0033997114499409995,0.0029136574268341063,0.003646696408589681
748,0.003547873099644979,0.009268926779429117,0.003395667870839437,0.002989317774772644,0.003657755454381307
749,0.0035405425230662026,0.00927623987197876,0.0033803188800811765,0.0029027754068374633,0.0036620871225992837
750,0.003547263145446777,0.009253208637237548,0.0033849732081095377,0.0029196566343307495,0.0036201496918996175
751,0.0035406239827473957,0.009276909033457438,0.0034010831514994302,0.002987033526102702,0.0036300925413767495
752,0.00353216807047526,0.009248951276143391,0.0034272523721059164,0.0028906645377477012,0.003605509599049886
753,0.003551287253697713,0.009251383145650228,0.0033900018533070883,0.0029006274541219074,0.0036202383041381834
754,0.003531725804011027,0.009271252155303954,0.003367338975270589,0.0029083589712778726,0.0036242449283599852
755,0.0035483630498250327,0.009250901540120442,0.0034182866414388022,0.002931366761525472,0.003625430663426717
756,0.0035232404867808023,0.00925836722056071,0.0034203092257181805,0.00297579288482666,0.0036123259862263996
757,0.0035587565104166666,0.009247913360595703,0.003380348285039266,0.0029307883977890015,0.0036122079690297446
758,0.0035161292552948,0.00927407423655192,0.0033697835604349774,0.002889125943183899,0.0035946373144785564
759,0.003545612096786499,0.009257822036743165,0.003383002281188965,0.00286152184009552,0.00359297513961792
760,0.0035391255219777424,0.009279316266377766,0.0033599146207173667,0.0029164248704910277,0.0035892895857493083
761,0.003558340867360433,0.009273162682851156,0.0034145148595174156,0.002890884280204773,0.003604950507481893
762,0.0035480642318725586,0.009250289599100748,0.003357121547063192,0.00287584920724233,0.003564722935358683
763,0.003545108238855998,0.009253992239634195,0.0033778584003448485,0.0029005058606465656,0.0035676987965901695
764,0.0035460142294565836,0.009256624380747477,0.0033902525901794434,0.002875366806983948,0.0035566659768422443
765,0.003560603857040405,0.009270168940226238,0.0034121755758921304,0.0029218705495198567,0.003544591267903646
766,0.0035347171624501546,0.00925867478052775,0.003377700646718343,0.0029120574394861857,0.0035507301489512127
767,0.00353922963142395,0.00925276517868042,0.003374664386113485,0.002912879784901937,0.0035574638843536375
768,0.0035705904165903727,0.009251968065897623,0.003395712375640869,0.0029069175322850543,0.003529485066731771
769,0.003579119443893433,0.00925037701924642,0.0033523344993591307,0.002888987859090169,0.0035071357091267905
770,0.0035377061367034912,0.009250953197479247,0.003391842842102051,0.002919322649637858,0.003584677775700887
771,0.0035526565710703533,0.009256579875946046,0.0033758628368377687,0.0029233860969543456,0.0034978381792704263
772,0.003509479363759359,0.009249622821807862,0.0033653720219930013,0.0028656856218973797,0.0034534287452697753
773,0.003561590909957886,0.009266258080800375,0.0033562171459198,0.002896559437115987,0.0034759004910786947
774,0.003538147608439128,0.00925786813100179,0.0033574171861012777,0.0029032744963963827,0.0034810149669647216
775,0.003551536798477173,0.009248890082041423,0.003373880386352539,0.002919887701670329,0.003486184279123942
776,0.003544098933537801,0.009268070856730143,0.0034070237477620445,0.0028662681579589844,0.0034539135297139488
777,0.0035335942109425865,0.009274961948394776,0.0033965659141540526,0.0029023991028467814,0.0034290667374928794
778,0.003529268503189087,0.00925071636835734,0.0033541818459828696,0.002872740825017293,0.003400161266326904
779,0.0035236144065856935,0.009251883824666341,0.003370105028152466,0.002885319987932841,0.0034196110566457115
780,0.00356387456258138,0.009260648091634115,0.0034128745396931966,0.0028782846530278523,0.003485036293665568
781,0.003544938564300537,0.009257039229075115,0.0033784830570220948,0.0028729931513468425,0.00340423583984375
782,0.0035606515407562256,0.009261581103006998,0.0033672364552815755,0.002874834736188253,0.003419746160507202
783,0.0035440397262573244,0.009254887104034423,0.003372536102930705,0.00287249485651652,0.003427012761433919
784,0.003589718739191691,0.009250699679056803,0.0033979137738545735,0.0028755464156468707,0.003375844955444336
785,0.0035384706656138103,0.009264256159464518,0.0033799203236897788,0.0028823455174763995,0.003476409912109375
786,0.003533251682917277,0.009261937141418456,0.0033774423599243165,0.002878802220026652,0.0033693726857503257
787,0.0035476064682006835,0.009262127876281738,0.00338282306989034,0.0028806710243225097,0.0033646953105926514
788,0.0035338127613067627,0.009259751637776693,0.0033695530891418458,0.002936977942784627,0.003362465699513753
789,0.0035285600026448566,0.009270282586415608,0.003380643129348755,0.002868286371231079,0.0033289867639541624
790,0.0035159671306610107,0.009244568347930908,0.003365286588668823,0.0029245432217915855,0.0032962721586227415
791,0.0035341405868530274,0.009252707958221435,0.003350068728129069,0.0029221306244532268,0.0034125320116678874
792,0.0035276349385579427,0.009261183738708496,0.0033625789483388265,0.002892795205116272,0.003380556106567383
793,0.0035283907254536947,0.009250958760579428,0.0033759923775990804,0.002898624340693156,0.0033676481246948243
794,0.003502275546391805,0.009256420930226644,0.0033880821863810223,0.0028798874219258625,0.0033802688121795654
795,0.0035282274087270102,0.009252419471740722,0.003373336394627889,0.0029088294506072997,0.00333308478196462
796,0.0035611581802368164,0.009253462155659994,0.0033575812975565594,0.002898177703221639,0.0033846994241078696
797,0.003519125779469808,0.009236736297607422,0.0033436755339304606,0.0028707683086395264,0.00330427090326945
798,0.0035226309299468996,0.009241291681925456,0.003362291653951009,0.002874481479326884,0.0032800738016764324
799,0.003526904582977295,0.009255092938741048,0.0033625988165537518,0.002997199098269145,0.003280269702275594
800,0.0035738627115885417,0.00925622542699178,0.0033664143085479735,0.0028803191582361855,0.003301187753677368
801,0.0035164809226989747,0.00925527811050415,0.0033825727303822837,0.0028848055998484294,0.0033651336034138998
802,0.003530035416285197,0.009248193899790445,0.003367056846618652,0.0028741912047068278,0.0032782145341237385
803,0.003518985112508138,0.009253129164377849,0.0033644191424051922,0.002867681582768758,0.003288506070772807
804,0.003551230827967326,0.009264398415883382,0.0033423364162445067,0.0028990439573923746,0.003348944584528605
805,0.003528232971827189,0.009261307716369628,0.0033692264556884764,0.002891635100046794,0.0033318883180618285
806,0.0035347890853881835,0.00927990436553955,0.0033513545989990235,0.002868634462356567,0.0032404547929763793
807,0.003550606966018677,0.009256095886230468,0.003378811279932658,0.002863663832346598,0.0032951712608337404
808,0.003508947292963664,0.009252323309580484,0.0033773672580718994,0.0028964537382125855,0.003232303063074748
809,0.0035465784867604573,0.009240404764811198,0.0034010712305704753,0.002903826832771301,0.0032256126403808595
810,0.0035470894972483317,0.009259241422017415,0.003358147144317627,0.0028739726543426515,0.003284266988436381
811,0.0035311023394266764,0.009257537523905436,0.003352607488632202,0.0028878655036290485,0.0032233826319376627
812,0.0035401507218678794,0.009276415506998698,0.003351043462753296,0.002860186497370402,0.003246195912361145
813,0.003523315191268921,0.009254070123036702,0.003414528767267863,0.002926849921544393,0.0032204554478327432
814,0.0035398725668589273,0.009229774475097657,0.0033618883291880288,0.002877369523048401,0.0032521901528040566
815,0.0035552112261454266,0.009269678592681884,0.003371455669403076,0.0028617956240971883,0.003245955506960551
816,0.0035423978169759115,0.009243153731028238,0.00337774117787679,0.0028543855746587118,0.0032017030318578082
817,0.003579246203104655,0.009270418485005696,0.00335453192392985,0.0028601402044296266,0.0032318129142125448
818,0.0035196105639139813,0.009252695242563884,0.003357725143432617,0.002848886450131734,0.003261862595876058
819,0.003537521759668986,0.009252328872680664,0.0033524135748545327,0.0028811343510945636,0.0032278551657994588
820,0.0035235249996185304,0.009285899798075358,0.003416202465693156,0.0028450473149617514,0.003261502186457316
821,0.0035388938585917155,0.00925426721572876,0.0034108996391296388,0.002862172524134318,0.00323539137840271
822,0.00353078564008077,0.009263302485148112,0.003367015520731608,0.0028704798221588137,0.0032181453704833982
823,0.0035528031984965007,0.009246861934661866,0.003358633518218994,0.002853191097577413,0.003174508810043335
824,0.0035331368446350096,0.009257063865661622,0.003328167994817098,0.0028830577929814657,0.0031809385617574057
825,0.003518000841140747,0.009255673090616862,0.003348879814147949,0.002884751756985982,0.0032117309172948203
826,0.003507130146026611,0.009262361526489259,0.003351724942525228,0.0028827244043350218,0.0032626767953236897
827,0.0035588383674621583,0.00925224224726359,0.003320200840632121,0.0028906126817067465,0.003183317979176839
828,0.0035347819328308107,0.009279175599416097,0.0033645315965016684,0.0028884321451187133,0.0032299558321634927
829,0.00352483868598938,0.009241867065429687,0.0033457394440968833,0.00287643829981486,0.003179992437362671
830,0.003605027993520101,0.009243934949239096,0.0033499197165171306,0.0028937687476476032,0.003199513554573059
831,0.0035163315137227377,0.00927763303120931,0.0033649325370788572,0.002950149377187093,0.0031998753547668457
832,0.0035315096378326417,0.00924614429473877,0.0033458876609802246,0.002871405084927877,0.0032002143065134685
833,0.003530803918838501,0.0092531418800354,0.0033501474062601726,0.0028445365031560263,0.0031703209877014162
834,0.0035479867458343504,0.00929109255472819,0.00335544228553772,0.00289336363474528,0.00319641371568044
835,0.0035280338923136395,0.00925339142481486,0.003350212574005127,0.0028427529335021975,0.0032049808899561566
836,0.003555745283762614,0.009235668977101643,0.003349204460779826,0.0028538658221562703,0.0031629550457000733
837,0.0034969731171925864,0.009282572269439697,0.003344087998072306,0.0028863133986790977,0.003202469746271769
838,0.0035163525740305583,0.009267518520355225,0.0033851826190948488,0.0028952926397323607,0.003222245375315348
839,0.003540561596552531,0.009240961869557699,0.0033767493565877277,0.0028398823738098144,0.0032135562101999918
840,0.0035255364576975506,0.009238113562266032,0.003353978395462036,0.002869754433631897,0.003153723875681559
841,0.0035185631116231284,0.009262169202168782,0.0033938995997111004,0.0028519624471664427,0.003216533064842224
842,0.0035085960229237875,0.009266633192698161,0.0033924822012583416,0.0029160948594411213,0.0031780258814493815
843,0.0035237900416056314,0.009274462858835856,0.003362727959950765,0.002850088675816854,0.0032334995269775392
844,0.003547533353169759,0.009266673723856608,0.0033788243929545087,0.002873944640159607,0.00320773720741272
845,0.003528224229812622,0.009261000951131184,0.003377112150192261,0.002894777258237203,0.0031764543056488036
846,0.003526317278544108,0.009250489870707194,0.0033628106117248534,0.0029556200901667278,0.003131693402926127
847,0.0035318100452423097,0.009259363015492758,0.003385214408238729,0.0028809523582458496,0.003159287770589193
848,0.0035219629605611163,0.009245901902516684,0.0033346617221832273,0.0028631909688313804,0.00318776269753774
849,0.0035160466035207114,0.00924560308456421,0.0033842368920644125,0.002899044354756673,0.003159730037053426
850,0.003517754077911377,0.009248074690500895,0.003380368947982788,0.0028618512550989787,0.0031361496448516846
851,0.003505316972732544,0.009248522917429607,0.003363784154256185,0.0028790364662806193,0.0031849392255147296
852,0.003497751553853353,0.009266031583150229,0.003362276554107666,0.002890446384747823,0.0031654904286066692
853,0.0035285234451293947,0.009250458081563313,0.0033600389957427978,0.0028772515058517454,0.0031413998206456504
854,0.003515042463938395,0.009248764514923095,0.003353960116704305,0.0028746275107065836,0.003141737182935079
855,0.003536382516225179,0.009253819783528646,0.003361277182896932,0.002836850881576538,0.003142873048782349
856,0.003530092239379883,0.009247825940450033,0.0034017181396484375,0.0028896292050679525,0.0031843839089075723
857,0.003499937852223714,0.009249530633290608,0.003363653818766276,0.002853845755259196,0.0031491496165593465
858,0.0034953717390696208,0.009267612298329671,0.0033825540542602537,0.0028508061170578,0.0031273831923802693
859,0.003527780373891195,0.009276848634084066,0.003364174763361613,0.002919989824295044,0.003187472224235535
860,0.003550388813018799,0.009266987641652425,0.0034113462766011556,0.002906363606452942,0.003145039478937785
861,0.003521563212076823,0.009259303410847982,0.003350093364715576,0.0028841352462768556,0.0031467713912328083
862,0.0035085447629292807,0.00925121784210205,0.003370694716771444,0.0028796042998631794,0.0031500345468521117
863,0.00351863423983256,0.009256072839101155,0.0033483922481536863,0.0028459386030832926,0.0031554571787516276
864,0.00350390632947286,0.00925903876622518,0.0033627657095591226,0.0028589069843292236,0.0031330335140228273
865,0.0035117598374684654,0.009253663221995036,0.0033237534761428834,0.002843802372614543,0.0031414816776911417
866,0.003506755431493123,0.009251983960469563,0.0033481808503468833,0.0028464484214782717,0.0031723793347676597
867,0.0035041662057240805,0.00927536169687907,0.0033915543556213377,0.002842561403910319,0.0031181410948435467
868,0.0035114415486653646,0.009268205960591634,0.003395799001057943,0.002911841869354248,0.0031191895405451456
869,0.0035132654507954914,0.00925156831741333,0.0033566272258758545,0.002845138708750407,0.003214367628097534
870,0.003490365743637085,0.00925352970759074,0.0033277958631515504,0.002868710954984029,0.0031386311848958333
871,0.0035260013739267983,0.009252787431081136,0.0033585186799367267,0.0029279945294062295,0.0031092317899068197
872,0.0035323103268941245,0.009243391354878743,0.003347894748051961,0.0028791403770446777,0.0031569727261861165
873,0.00351378599802653,0.009255930582682292,0.0033548049132029216,0.0028445990880330402,0.003200559218724569
874,0.0035022429625193277,0.009254111448923746,0.003346590598424276,0.00284125546614329,0.003139194448788961
875,0.0035123916467030844,0.009251663684844971,0.0033547329902648927,0.0028246718645095824,0.0031468665599823
876,0.0034957659244537354,0.009253340562184652,0.0033453226089477537,0.002863893707593282,0.0031604870160420735
877,0.003504426876703898,0.00927122433980306,0.003360569477081299,0.0028504409392674764,0.00312067707379659
878,0.0035721965630849204,0.009270054499308268,0.003341950972874959,0.0028361334403355916,0.003175009886423747
879,0.0035132487614949544,0.009251088301340738,0.003381318251291911,0.0028675111134847005,0.0031730598211288452
880,0.0035132189591725667,0.00930369774500529,0.003365095853805542,0.0028611346085866294,0.003130213220914205
881,0.0035235341389973957,0.009244141578674316,0.0033385467529296873,0.0028472729523976643,0.003125653862953186
882,0.0035197778542836507,0.009255061944325765,0.003383642037709554,0.0028859410683314004,0.0031238476435343425
883,0.0035007075468699135,0.009263939062754313,0.003334405024846395,0.0028536111116409303,0.0031818246841430666
884,0.003537682294845581,0.009257026513417562,0.00332631508509318,0.002867712577184041,0.0031491692860921225
885,0.0035051496823628745,0.009271731376647949,0.0033304697275161744,0.0028396119674046834,0.0031201001008351642
886,0.0034926124413808186,0.009247540632883708,0.0033361256122589112,0.002869038979212443,0.003171500563621521
887,0.003495238224665324,0.009254456361134847,0.0033503663539886474,0.0028633628288904827,0.003104828198750814
888,0.0035008454322814943,0.009246313571929931,0.003358675241470337,0.0028231688340504962,0.0031564027070999146
889,0.0034921117623647052,0.009248680273691813,0.003338181177775065,0.0028495200475056968,0.003106952706972758
890,0.003517648379007975,0.00926086187362671,0.003368616501490275,0.0028549353281656902,0.0031193908055623374
891,0.0035186179478963217,0.009244657357533773,0.003330774903297424,0.002843223015467326,0.0031555912892023722
892,0.003526206413904826,0.009260443846384685,0.0033530835310618084,0.002863569458325704,0.003132346272468567
893,0.003545996348063151,0.009256252447764079,0.003364886442820231,0.0028466665744781494,0.003139593203862508
894,0.0035119724273681642,0.009249273935953777,0.0033530016740163167,0.0028309595584869386,0.0031062903006871543
895,0.0035186258951822916,0.009256662527720134,0.003348674774169922,0.002855390707651774,0.003144792914390564
896,0.003494407335917155,0.009245022137959798,0.0033412869771321614,0.0028456395864486696,0.0031012821197509764
897,0.003499966065088908,0.009252409934997558,0.0033334231376647948,0.002822055419286092,0.00311402161916097
898,0.0034874089558919272,0.0092600949605306,0.0033415345350901286,0.002846749226252238,0.003156044880549113
899,0.003487186034520467,0.009253106911977131,0.003353877067565918,0.0028300907214482626,0.00316466232140859
900,0.003497633536656698,0.009241042931874593,0.0033517642815907795,0.002911328872044881,0.003156331380208333
901,0.003501129945119222,0.00926077683766683,0.0033359372615814208,0.0028488171100616456,0.0031655561923980714
902,0.0035248855749766034,0.009281261761983236,0.0033396188418070476,0.0028342541058858236,0.0031440651416778567
903,0.0034890592098236082,0.00925642728805542,0.003359810908635457,0.002853217919667562,0.0031871402263641355
904,0.0034877928098042805,0.009239680767059326,0.0033354326089223224,0.0028630969921747845,0.0031669795513153075
905,0.0035323997338612876,0.009261097113291423,0.0033609573046366375,0.0028643306096394856,0.0031342291831970214
906,0.0034988260269165038,0.009257839520772299,0.0033794975280761717,0.0028478280703226723,0.003120695948600769
907,0.00350181778271993,0.009240576426188151,0.003335652748743693,0.0028024957577387492,0.003098425269126892
908,0.0035156806310017905,0.009259977340698243,0.00333747665087382,0.0028409488995869954,0.003140696883201599
909,0.003477025826772054,0.009249918460845948,0.0033453285694122316,0.002824518879254659,0.0031085064013799033
910,0.0035270790259043375,0.009264694054921469,0.0033402613798777262,0.0028521970907847086,0.00313833753267924
911,0.0035102713108062745,0.009239950180053712,0.003340985377629598,0.00286407212416331,0.0031167211135228476
912,0.003500156799952189,0.009253562291463216,0.0033490161101023355,0.0028557246923446656,0.0031385467449824016
913,0.003540944258371989,0.009260961214701335,0.003333190480868022,0.002813070019086202,0.003102957208951314
914,0.003532766103744507,0.009250071048736572,0.0033345619837443032,0.002893033027648926,0.0031338659922281902
915,0.003496543566385905,0.009244604110717774,0.0033531920115152996,0.0028851495186487833,0.0030922396977742512
916,0.0035070884227752686,0.009258418877919516,0.0033452026049296062,0.00284972349802653,0.0031473048528035483
917,0.0035063580671946207,0.009247659842173258,0.0033318938811620078,0.0028481521209081013,0.003093683123588562
918,0.0034990954399108888,0.009252512454986572,0.00333920955657959,0.002827659845352173,0.00317977249622345
919,0.0035093478361765545,0.009249889850616455,0.0033842615286509194,0.0028335140148798626,0.003174058198928833
920,0.0035205467542012534,0.00926825443903605,0.0033537944157918296,0.002846842805544535,0.0031454471747080484
921,0.003528377612431844,0.009298745791117351,0.0033328765630722046,0.0028266171614329022,0.003120590845743815
922,0.003538052241007487,0.009263148307800293,0.0033677264054616293,0.0028325406710306804,0.003134487271308899
923,0.0035170467694600424,0.009264498551686606,0.003330527941385905,0.0028299637635548908,0.0031264114379882814
924,0.003485302130381266,0.009263418515523274,0.003349415461222331,0.002859114209810893,0.0031394336620966592
925,0.0034998671213785806,0.009249690373738607,0.0033592645327250163,0.00279616375764211,0.0031365464131037396
926,0.003482950528462728,0.00924802541732788,0.0033447213967641195,0.0028246951103210447,0.003114925424257914
927,0.003476489782333374,0.00923568328221639,0.003331834077835083,0.002815052072207133,0.0031485990683237713
928,0.0035318680604298908,0.009248958428700766,0.0033616610368092854,0.00281069278717041,0.003071118990580241
929,0.0034893985589345296,0.009259090423583985,0.0033167203267415366,0.002850025494893392,0.0030981375773747764
930,0.0035173583030700686,0.009244993527730306,0.003366734186808268,0.0028464913368225096,0.003143924872080485
931,0.003505612214406331,0.009246092637379964,0.00335088849067688,0.002838580807050069,0.003104204535484314
932,0.0034902584552764892,0.009247995217641195,0.003346559206644694,0.0028169373671213787,0.003113571206728617
933,0.003594429095586141,0.00923876921335856,0.0033480707804361977,0.002857136130332947,0.003157894213994344
934,0.003500496546427409,0.0092607315381368,0.0033374158541361492,0.0028639056285222372,0.0031676598389943442
935,0.00350107471148173,0.009258041381835938,0.0033229756355285644,0.0028002580006917317,0.0031229043006896972
936,0.003490527073542277,0.009260777632395427,0.0033675273259480792,0.0028612192471822104,0.003114852706591288
937,0.0035207001368204754,0.009258099397023519,0.003340803782145182,0.002887575427691142,0.0032119349638621013
938,0.003489651282628377,0.009256006876627604,0.00339162548383077,0.002830217679341634,0.003128107190132141
939,0.0034798320134480794,0.009263302485148112,0.0033652683099110923,0.00282200555006663,0.0031163297096888226
940,0.003496431509653727,0.00925431728363037,0.0033235679070154826,0.0028120346864064535,0.003103158473968506
941,0.003492003281911214,0.009263420104980468,0.0033560375372568767,0.002897093892097473,0.0030969085295995077
942,0.003510944843292236,0.009253005186716715,0.0033497695128122964,0.0028181050221125284,0.0031510138511657714
943,0.0034894843896230063,0.009241909186045328,0.0033163567384084064,0.0028132667144139607,0.003119133710861206
944,0.003491885264714559,0.009251524607340494,0.0033419875303904215,0.00280416468779246,0.003083500862121582
945,0.0035235055287679037,0.00924055020014445,0.0033744688828786216,0.002876307765642802,0.003116099834442139
946,0.0035096665223439535,0.009260064760843912,0.0033281785249710083,0.002818965514500936,0.0031024940808614095
947,0.0034852667649586996,0.009261891841888428,0.003366756041844686,0.002811682025591532,0.003124005993207296
948,0.003486862579981486,0.009287532170613606,0.003372885783513387,0.00282068928082784,0.0031836905082066854
949,0.003491831620534261,0.009251208305358886,0.0033728925387064615,0.002820078134536743,0.003131644328435262
950,0.003491171995798747,0.009260060787200928,0.0033430294195810955,0.0028492546081542967,0.003147183855374654
951,0.0035382604598999026,0.009255142211914062,0.0033399589856465657,0.0028521635135014853,0.0031333190202713014
952,0.003516201972961426,0.00924789826075236,0.00333260973294576,0.002802658478418986,0.0031135207414627075
953,0.003474652369817098,0.009265553951263428,0.003335527578989665,0.002853048841158549,0.003099434773127238
954,0.0035015058517456053,0.00926033894220988,0.0033605670928955078,0.002803122599919637,0.0031164501110712687
955,0.0034696892897288006,0.009247534275054932,0.0033360902468363442,0.0028003811836242675,0.00313820739587148
956,0.0035063389937082926,0.009255286852518717,0.0033112456401189166,0.002802636822064718,0.003120357592900594
957,0.0034795061747233073,0.009279990990956624,0.0033256085713704426,0.00283534049987793,0.00311457097530365
958,0.003487693468729655,0.009239884217580159,0.003343860308329264,0.0028092612822850547,0.003131891886393229
959,0.0034985923767089843,0.009264652729034423,0.003346097469329834,0.002851707935333252,0.0031801547606786092
960,0.0034764532248179117,0.009253632227579753,0.003331976930300395,0.002847399910291036,0.0031156319379806517
961,0.003481520414352417,0.009255116780598958,0.00334145983060201,0.0028430237372716266,0.0030986138184865317
962,0.0034726421038309735,0.009256230990091959,0.003338417609532674,0.002833300232887268,0.003130438526471456
963,0.0034944498538970947,0.009246075948079427,0.0033247933785120645,0.002842558224995931,0.0031862813234329224
964,0.00355852206548055,0.009277361234029134,0.003353684345881144,0.0028384733200073242,0.003067684769630432
965,0.0034821033477783203,0.009261670907338461,0.00333422064781189,0.0028480970859527588,0.0031170489390691123
966,0.0034866273403167725,0.009258732000986735,0.003354883591334025,0.0028392932812372844,0.003110251824061076
967,0.003474455277125041,0.009255059560139974,0.003348270654678345,0.002820900281270345,0.0031342838207880654
968,0.003484968344370524,0.009241425196329752,0.00333532174428304,0.0028106516599655153,0.0031095186869303385
969,0.0034706374009450276,0.00925072431564331,0.0033873446782430013,0.0028129456440607707,0.003091371456782023
970,0.003470242420832316,0.00924690802892049,0.0033201493819554648,0.00282801886399587,0.0031203718980153403
971,0.0034892427921295165,0.009247301419576009,0.0033402510484059652,0.0028249762455622354,0.003130874832471212
972,0.0034790666898091636,0.009241592089335124,0.0033315251270929973,0.002819912036259969,0.0031409575541814167
973,0.003478630781173706,0.0092644468943278,0.003323658506075541,0.0028277119000752766,0.003145807186762492
974,0.003464710315068563,0.009257826805114746,0.003343969980875651,0.0028419144948323566,0.0031100032726923623
975,0.0034848737716674807,0.00924272060394287,0.00332597017288208,0.0028229759136835734,0.0031768745183944702
976,0.0034828726450602215,0.009255520502726237,0.003323105176289876,0.0028513443470001222,0.0030785046021143594
977,0.0034923473993937176,0.009281643231709798,0.003325729966163635,0.0028649469216664634,0.003149543007214864
978,0.003479173978169759,0.009272456963857015,0.003355652093887329,0.002816467086474101,0.0032165318727493284
979,0.0034770341714223225,0.009257110754648844,0.0033338081836700438,0.0028398611148198446,0.0030749823649724325
980,0.003491361141204834,0.009243696530659994,0.0033098594347635906,0.00282852033774058,0.0031407966216405233
981,0.0034723957379659016,0.009244004090627034,0.0033102524280548096,0.0027871729930241903,0.0031060383717219035
982,0.0034956427415211997,0.009249862035115559,0.003371741771697998,0.002798052430152893,0.0031100696325302123
983,0.0034745208422342936,0.009271291097005209,0.003364580472310384,0.0028679160277048747,0.003100086251894633
984,0.003485200802485148,0.009242505232493082,0.0033330609401067096,0.0028042467435201008,0.0031443893909454345
985,0.0035137287775675458,0.009264002641042074,0.0033087629079818727,0.0028447429339090984,0.003112854758898417
986,0.003483054240544637,0.009248828887939453,0.003336251179377238,0.0027938010295232136,0.0031358516216278077
987,0.00349317193031311,0.009248365561167399,0.003352640469868978,0.0027835613489151003,0.003118193546930949
988,0.003476236661275228,0.009255046844482423,0.0033294280370076497,0.0028182234366734824,0.0031095643838246665
989,0.0035042122999827067,0.009256822268168131,0.0034307932853698733,0.0028588730096817017,0.003078416387240092
990,0.0035138837496439617,0.009265500704447429,0.0034740173816680906,0.0028101404507954917,0.003142098784446716
991,0.0034614002704620363,0.009286704063415528,0.003441697359085083,0.002800694704055786,0.0031083699067433676
992,0.003481326103210449,0.009256313641866049,0.003322189251581828,0.002813332478205363,0.0030996322631835936
993,0.003482631842295329,0.009274311860402425,0.0033283068736394248,0.0028269362449645998,0.0030881051222483315
994,0.003464531898498535,0.009241148630777995,0.0031625348329544067,0.0028317177295684812,0.003130601445833842
995,0.003475239276885986,0.0092498517036438,0.003086997469266256,0.0028216759363810223,0.0031180232763290405
996,0.0034616061051686606,0.009251093864440918,0.0030423484245936075,0.0028439432382583616,0.003146929343541463
997,0.0034566410382588703,0.00927656094233195,0.002953750491142273,0.0028257010380427043,0.0031131571531295777
998,0.003471000591913859,0.009246412118275961,0.002758547266324361,0.002832860549290975,0.003135188817977905
999,0.0034738242626190185,0.009280851682027181,0.002776755889256795,0.0027949645121892294,0.003113826314608256
