,2,3,4,5,6
0,10.480248209635416,2.304808349609375,1.1631116739908853,2.922518310546875,2.2057234700520834
1,3.9894645182291666,1.6262704467773437,0.5981877136230469,3.037896931966146,0.49229649861653646
2,2.1319047037760415,1.1823689778645834,0.40587257385253905,2.009795939127604,0.3993696594238281
3,4.476385091145834,0.8652680460611979,0.40036244710286456,0.6896346028645833,0.3934051259358724
4,5.933726399739584,0.6697445170084635,0.4045391337076823,0.4470542399088542,0.3967124938964844
5,4.86919677734375,0.5566474405924479,0.39367988586425784,0.40938008626302086,0.39263079325358075
6,3.094241943359375,0.48969884236653644,0.4014154052734375,0.410974375406901,0.3964638519287109
7,1.8441436767578125,0.4314051818847656,0.40088127136230467,0.40051747639973956,0.39566429138183595
8,1.0848646036783853,0.4325563557942708,0.39775039672851564,0.39790354410807294,0.4026862080891927
9,0.7147493998209635,0.4721497090657552,0.4029551951090495,0.39865626017252603,0.3923138682047526
10,0.4686284383138021,0.4205963134765625,0.3966158803304036,0.3954729715983073,0.40000284830729166
11,0.43587855021158856,0.46773529052734375,0.39831143697102867,0.4027740732828776,0.39583816528320315
12,0.42103970845540367,0.43801737467447915,0.3918446095784505,0.397650883992513,0.3979051462809245
13,0.3882547760009766,0.4448293050130208,0.39856040954589844,0.3980198669433594,0.4040443166097005
14,0.40018463134765625,0.43882120768229166,0.39826993306477865,0.4027583312988281,0.3967763519287109
15,0.40519195556640625,0.40968854268391924,0.40126973470052085,0.39636260986328126,0.3955445607503255
16,0.3880588531494141,0.45399220784505206,0.3929808298746745,0.39946985880533853,0.3946166229248047
17,0.4018010457356771,0.44046290079752604,0.4003878021240234,0.399478276570638,0.39898282368977867
18,0.3923846435546875,0.40870073954264324,0.3974558766682943,0.40518524169921877,0.3949755605061849
19,0.3974224344889323,0.42806859334309894,0.40280804951985677,0.39514673868815103,0.396510009765625
20,0.395924555460612,0.3994163513183594,0.39291770935058595,0.40075881958007814,0.39975563049316404
21,0.3934727986653646,0.42936472574869794,0.3947843933105469,0.399277089436849,0.3950311279296875
22,0.3975457509358724,0.43138814290364585,0.40634124755859374,0.39409525553385416,0.39796913146972657
23,0.4004002888997396,0.4084751892089844,0.3978124745686849,0.39971532185872394,0.4073882548014323
24,0.39665852864583334,0.3932039388020833,0.40529073079427086,0.3992130279541016,0.3944222005208333
25,0.39601295471191406,0.3960887654622396,0.3952254231770833,0.3976954905192057,0.3976779429117839
26,0.39823623657226564,0.3927702840169271,0.39936024983723956,0.39828648885091145,0.3975116729736328
27,0.38928927103678385,0.39315333048502604,0.3956786092122396,0.3989446512858073,0.4023399353027344
28,0.4159625498453776,0.40492167154947917,0.4083082326253255,0.39612841288248696,0.39471412658691407
29,0.4000818634033203,0.3927589162190755,0.39704846700032553,0.4001214090983073,0.3988882954915365
30,0.40271718343098956,0.3963983154296875,0.3991083780924479,0.4034361775716146,0.40193771362304687
31,0.3978446706136068,0.3947443135579427,0.4096847279866536,0.4023474375406901,0.40357439676920576
32,0.398298085530599,0.39798789978027344,0.39954182942708333,0.40383163452148435,0.39738616943359373
33,0.40379191080729165,0.3974177805582682,0.39822530110677085,0.40070945739746094,0.3964463551839193
34,0.40120735168457033,0.3945440928141276,0.3974317932128906,0.40080853780110676,0.39741750081380206
35,0.4035309346516927,0.39732388814290365,0.4012362670898437,0.4000828552246094,0.41585779825846353
36,0.3890453592936198,0.39944691975911456,0.3981466420491536,0.39754051208496094,0.40106923421223956
37,0.40466105143229164,0.39416023254394533,0.3960803731282552,0.4027569325764974,0.40540878295898436
38,0.3931660715738932,0.4035783386230469,0.4026740010579427,0.39915812174479165,0.3948783874511719
39,0.3964623006184896,0.393716303507487,0.4020855204264323,0.3956554921468099,0.4002532958984375
40,0.39677322387695313,0.3991478983561198,0.40803329467773436,0.4032786814371745,0.39544270833333334
41,0.41701690673828123,0.3972637430826823,0.39652758280436196,0.3962615966796875,0.41500373840332033
42,0.4085249328613281,0.3995263671875,0.3980288950602214,0.3977012888590495,0.406208750406901
43,0.3982391103108724,0.395943603515625,0.4040144856770833,0.39939832051595053,0.3930304718017578
44,0.3973362731933594,0.39393102010091147,0.39642962137858073,0.4022594706217448,0.402573979695638
45,0.40242273966471354,0.3968473815917969,0.40626551310221354,0.394600575764974,0.40389572143554686
46,0.3992789713541667,0.39992632548014323,0.415919189453125,0.40106211344401044,0.404246571858724
47,0.3915411631266276,0.39721878051757814,0.39670318603515625,0.3979346466064453,0.4119803110758464
48,0.3963627115885417,0.39851038614908857,0.3990850067138672,0.3939180501302083,0.40895772298177085
49,0.3976092274983724,0.3991364542643229,0.4070776112874349,0.4006520843505859,0.40040390014648436
50,0.42905431111653647,0.39423520406087237,0.39999682108561196,0.3984022776285807,0.39783838907877606
51,0.4042863464355469,0.4039871724446615,0.39928230285644534,0.39617876688639325,0.403187510172526
52,0.3944226837158203,0.3986027018229167,0.4099286905924479,0.3996387736002604,0.40701004028320314
53,0.40853973388671877,0.3951862080891927,0.3930002848307292,0.3994873046875,0.3961773935953776
54,0.40738960266113283,0.40104891459147135,0.41516512552897133,0.399089101155599,0.41220662434895833
55,0.40706881205240886,0.3960914103190104,0.40868606567382815,0.3984668223063151,0.414808832804362
56,0.40300694783528646,0.4001308186848958,0.3970385233561198,0.39925511678059894,0.4030098470052083
57,0.40651893615722656,0.397748057047526,0.4008648173014323,0.40113136291503904,0.42879679361979167
58,0.39226771036783853,0.3966465504964193,0.40492340087890627,0.3978649648030599,0.3975168609619141
59,0.4160126749674479,0.3967795817057292,0.42028368631998697,0.3996109263102214,0.4089488983154297
60,0.40380116780598957,0.39516428629557293,0.4198101298014323,0.3997351328531901,0.3937073008219401
61,0.40936589558919273,0.40019503275553386,0.40165130615234373,0.40345609029134116,0.41262613932291664
62,0.39925066630045575,0.39554313659667967,0.39999961853027344,0.4012607574462891,0.40631543477376303
63,0.40786130269368487,0.3971827443440755,0.4097425587972005,0.39904680887858074,0.4111974334716797
64,0.402672856648763,0.39788297017415364,0.4090899403889974,0.39617777506510415,0.40764320373535157
65,0.4154748026529948,0.398968022664388,0.39959704081217445,0.397031987508138,0.40759056091308593
66,0.3991485595703125,0.39720845540364585,0.41257367451985677,0.4021746063232422,0.4025221506754557
67,0.4118701426188151,0.3975640360514323,0.3939037831624349,0.3989523315429688,0.4247473907470703
68,0.40654225667317706,0.394143549601237,0.4137914021809896,0.3985711161295573,0.39439966837565105
69,0.4439998372395833,0.39577784220377604,0.41004056294759117,0.39889678955078123,0.4125901285807292
70,0.41824971516927084,0.3996881357828776,0.40003074645996095,0.401976801554362,0.4100273640950521
71,0.39898844401041667,0.39911376953125,0.41208330790201825,0.3975889841715495,0.4308100891113281
72,0.4079533131917318,0.3938252258300781,0.4055322519938151,0.3957453409830729,0.3988187917073568
73,0.41767402648925783,0.40052729288736977,0.4117974599202474,0.40585039774576825,0.41539970397949216
74,0.4090796407063802,0.398253173828125,0.4197071329752604,0.3980266571044922,0.41859110514322917
75,0.41053838094075523,0.3975775909423828,0.41272865295410155,0.40071306864420575,0.4014831797281901
76,0.40211079915364584,0.3965693664550781,0.39529884338378907,0.40181109110514324,0.3974464416503906
77,0.4298705546061198,0.39813428243001303,0.42966761271158854,0.39700480143229167,0.4181458536783854
78,0.4098995208740234,0.39539410909016925,0.4066568756103516,0.3967937723795573,0.41174112955729164
79,0.41862177530924477,0.3985907745361328,0.4032372283935547,0.39998794555664063,0.399253184000651
80,0.419961675008138,0.3973597462972005,0.4195023854573568,0.40388692220052086,0.41690844217936196
81,0.4496124776204427,0.39895149230957033,0.40820020039876304,0.4133696492513021,0.42770304361979167
82,0.4151162974039714,0.39666844685872393,0.40510342915852865,0.39523854573567707,0.4310460408528646
83,0.40626269022623696,0.3991695404052734,0.4071366882324219,0.3982604471842448,0.41525177001953123
84,0.42481107076009117,0.39560147603352863,0.40798207600911457,0.4084374237060547,0.40542455037434894
85,0.4155674489339193,0.39990262349446615,0.4140979258219401,0.4100903065999349,0.41040349324544273
86,0.4195598856608073,0.4039728037516276,0.4102613576253255,0.40185750325520836,0.40443565368652346
87,0.3990241495768229,0.3985540262858073,0.4036980438232422,0.41240331013997394,0.4204010009765625
88,0.42809112548828127,0.40132540384928383,0.3976819356282552,0.3974603017171224,0.4292339579264323
89,0.4109363301595052,0.396440912882487,0.3999149576822917,0.40586502075195313,0.4341063944498698
90,0.4086474355061849,0.40003173828125,0.40594395955403645,0.41193575541178384,0.4323398844401042
91,0.4071267445882161,0.4018822733561198,0.40774449666341145,0.41269076029459634,0.42007453918457033
92,0.3969225311279297,0.39597185770670573,0.40185704549153645,0.40353719075520833,0.43853418986002607
93,0.40105003356933594,0.39818064371744794,0.40325861612955727,0.40847437540690107,0.40809397379557294
94,0.40471417744954424,0.3957029724121094,0.3974454752604167,0.41178202311197915,0.40721158345540365
95,0.4323704020182292,0.39921956380208334,0.40270062764485676,0.4174930572509766,0.43204727172851565
96,0.41503148396809897,0.398927001953125,0.40143267313639325,0.4120183817545573,0.4488097635904948
97,0.4283227030436198,0.39865669250488284,0.4093784586588542,0.40162915547688804,0.4096989949544271
98,0.39976534525553387,0.3964308929443359,0.40532211303710936,0.414171625773112,0.42603431701660155
99,0.4054463958740234,0.39980448404947916,0.41885289510091145,0.4108632405598958,0.4602143351236979
100,0.4542973327636719,0.39913139343261717,0.4107605234781901,0.4013429260253906,0.5085316975911458
101,0.42248730977376303,0.4008143107096354,0.4013372039794922,0.3942615254720052,0.42608614603678385
102,0.48924850463867187,0.39642611185709636,0.4026419576009115,0.40444091796875,0.4097832743326823
103,0.41925392150878904,0.40023356119791664,0.3995102945963542,0.4134265899658203,0.40421068827311196
104,0.40887532552083333,0.39761385599772137,0.4247135162353516,0.4061433664957682,0.44075703938802085
105,0.41878936767578123,0.3954995473225911,0.39739051818847654,0.40721575419108075,0.457315673828125
106,0.39953450520833333,0.40127515157063803,0.42165636698404946,0.3999744415283203,0.42692972819010416
107,0.39882720947265626,0.3973810831705729,0.4033840179443359,0.4019964599609375,0.40489189147949217
108,0.4151128387451172,0.40029162089029946,0.41123929341634113,0.41095906575520835,0.44762649536132815
109,0.4255418650309245,0.39741170247395835,0.396326166788737,0.4145464579264323,0.43747426350911456
110,0.41734588623046875,0.39966524759928385,0.4050462849934896,0.40906944274902346,0.43120630900065104
111,0.41801856994628905,0.39870450337727864,0.4112468973795573,0.4083568064371745,0.43511311848958334
112,0.4087262725830078,0.3971710205078125,0.40354891459147135,0.41012621561686197,0.4084142303466797
113,0.3988594818115234,0.39584737141927084,0.401688969930013,0.4573445638020833,0.4696026102701823
114,0.42716389973958335,0.39796722412109375,0.3942578633626302,0.43120402018229165,0.411419677734375
115,0.39950724283854167,0.4012493133544922,0.4241739908854167,0.42601735432942706,0.4127257537841797
116,0.3984297434488932,0.3974601491292318,0.3993040974934896,0.4365922037760417,0.48225977579752605
117,0.4242979176839193,0.39765294392903644,0.4106939697265625,0.40557281494140623,0.42072415669759117
118,0.39109603881835936,0.3967552693684896,0.4180020650227865,0.40987719217936197,0.4217335764567057
119,0.3972698974609375,0.40013717651367187,0.3957684326171875,0.47426528930664064,0.41556699117024737
120,0.4047192637125651,0.40014808654785156,0.40709668477376304,0.4184698740641276,0.40752733866373697
121,0.42596725463867186,0.39777203877766926,0.4105102793375651,0.4079053243001302,0.4627294413248698
122,0.4059485117594401,0.40070869445800783,0.40948722839355467,0.4064905802408854,0.41544960021972654
123,0.4003442637125651,0.39991851806640627,0.42404523213704426,0.4453570048014323,0.40388689676920575
124,0.43634511311848956,0.3962793986002604,0.4011677042643229,0.4178743998209635,0.42431462605794273
125,0.4036907196044922,0.40224754333496093,0.39979049682617185,0.4024375661214193,0.4130022684733073
126,0.46110031127929685,0.3984326426188151,0.42432965596516925,0.4503742980957031,0.42536333719889324
127,0.4132664489746094,0.39797205607096353,0.40552708943684895,0.41933985392252604,0.45730143229166664
128,0.39980051676432293,0.3993939717610677,0.4064536539713542,0.41183008829752604,0.422567621866862
129,0.4197358194986979,0.39512926737467446,0.3968556722005208,0.41224817911783856,0.40142252604166667
130,0.40589500427246095,0.4010217030843099,0.3975237274169922,0.40884689331054686,0.45609522501627603
131,0.4029310862223307,0.39774014790852863,0.3986210123697917,0.39824846903483074,0.40312034606933594
132,0.4210259501139323,0.3985692087809245,0.4027738444010417,0.39741127014160155,0.5195896911621094
133,0.43227081298828124,0.3994901784261068,0.39397880554199216,0.4026773834228516,0.4215448506673177
134,0.41051671346028645,0.4013012949625651,0.4107975260416667,0.39536270141601565,0.46913345336914064
135,0.41140345255533856,0.39991923014322917,0.40494990030924477,0.4227971394856771,0.44719243367513023
136,0.43044637044270834,0.3999769846598307,0.4008924865722656,0.42503379821777343,0.4381067403157552
137,0.4535002136230469,0.39817476908365884,0.3977985636393229,0.41852663675944013,0.4410004170735677
138,0.42095657348632814,0.3972203826904297,0.4048350779215495,0.4083726501464844,0.41211382548014325
139,0.42641886393229167,0.3953514099121094,0.40130513509114585,0.4409123738606771,0.4488763936360677
140,0.3996288045247396,0.3948317464192708,0.3998269907633464,0.4091327921549479,0.41305531819661456
141,0.4347503662109375,0.3959497324625651,0.4077936045328776,0.4141361745198568,0.42423919677734373
142,0.4079273732503255,0.39900591532389323,0.41644447326660156,0.4078821563720703,0.43112523396809893
143,0.4534162394205729,0.39839464823404946,0.40800328572591144,0.4044087473551432,0.44842041015625
144,0.41217483520507814,0.3974754079182943,0.3991821797688802,0.43429234822591145,0.47143798828125
145,0.3991652170817057,0.40000267028808595,0.4196268971761068,0.40504536946614583,0.4219525400797526
146,0.4055042521158854,0.40014124552408853,0.4234263102213542,0.4096676127115885,0.4019865417480469
147,0.40444709777832033,0.3988465372721354,0.40129549662272135,0.3967956288655599,0.4088370005289714
148,0.40428248087565105,0.3966327412923177,0.4193158467610677,0.393297119140625,0.38987988789876304
149,0.4169953409830729,0.3983812204996745,0.4037572224934896,0.408072026570638,0.2903152211507161
150,0.40222819010416666,0.40283363342285156,0.4072026062011719,0.4179150390625,0.1918548838297526
151,0.3973698933919271,0.39874244689941407,0.40536041259765626,0.4310988362630208,0.19319466908772787
152,0.41610560099283855,0.3987860107421875,0.3743246459960938,0.41333788553873696,0.2216381581624349
153,0.4156512959798177,0.39660596211751303,0.36904619852701825,0.4251819610595703,0.1984017817179362
154,0.4117047119140625,0.39685407002766926,0.35959457397460937,0.4130389912923177,0.1880341593424479
155,0.39826978047688805,0.3981388854980469,0.3452406819661458,0.4124559529622396,0.2711534118652344
156,0.3985176086425781,0.3975741577148437,0.3574546559651693,0.3993395233154297,0.23216163635253906
157,0.43992833455403646,0.39772666931152345,0.36690971374511716,0.4207462310791016,0.2262427012125651
158,0.4057916768391927,0.40193094889322917,0.39031598409016927,0.4172607930501302,0.23113639831542968
159,0.4373214213053385,0.40340181986490886,0.35286905924479167,0.4330915832519531,0.2170263671875
160,0.43234186808268227,0.40214093526204425,0.3558110809326172,0.4476917521158854,0.27594329833984377
161,0.43258524576822915,0.3975246175130208,0.2616663106282552,0.40893658955891926,0.20475074768066406
162,0.3957373046875,0.3999138387044271,0.1996569061279297,0.41551025390625,0.1916164525349935
163,0.4067925771077474,0.398809814453125,0.19400384267171225,0.40397677103678387,0.22659146626790364
164,0.4101984151204427,0.40116193135579425,0.21476043701171876,0.3913134765625,0.2009796396891276
165,0.4104616038004557,0.39974344889322916,0.17966453552246095,0.41841832478841146,0.25493977864583334
166,0.4393917338053385,0.4007275644938151,0.1896174748738607,0.39439483642578127,0.1982012430826823
167,0.41290674845377606,0.39771855672200523,0.21694803873697915,0.4131841278076172,0.22727317810058595
168,0.4209203338623047,0.39620564778645834,0.21327332814534505,0.3974156697591146,0.21533851623535155
169,0.44530746459960935,0.3969734446207682,0.18521238962809244,0.4123529561360677,0.25414708455403645
170,0.4220387268066406,0.39799886067708334,0.20086575826009115,0.4013744862874349,0.2555889638264974
171,0.4001988728841146,0.39937838236490886,0.1940451685587565,0.41095354715983073,0.20009864807128908
172,0.40256256103515625,0.39462010701497396,0.20245073954264323,0.42305188496907553,0.21659884134928387
173,0.4154887135823568,0.39872543334960936,0.19108882904052735,0.41596160888671874,0.19773555755615235
174,0.41153284708658855,0.39800387064615883,0.21362210591634115,0.40720082600911456,0.19575487772623698
175,0.43244150797526043,0.39501625061035156,0.23865091959635418,0.4050250244140625,0.1941509755452474
176,0.44000325520833333,0.3962037404378255,0.20588689168294272,0.41274261474609375,0.19728052775065105
177,0.39976852416992187,0.39713111877441404,0.22484875996907552,0.401375478108724,0.1986595408121745
178,0.40288719177246096,0.40219767252604166,0.18203509012858074,0.40495160420735676,0.21507469177246094
179,0.4046875508626302,0.39722569783528644,0.2088644790649414,0.39971842447916667,0.19704825083414715
180,0.39044349670410156,0.39552162170410154,0.21662727355957032,0.40444422403971353,0.24520078023274738
181,0.42184293111165366,0.39885391235351564,0.20948758443196613,0.40801803588867186,0.21772616068522135
182,0.40687886555989583,0.3989958190917969,0.19456134796142577,0.4098037974039714,0.21910532633463542
183,0.41321985880533857,0.4000884501139323,0.19288068135579428,0.41228525797526044,0.20453697204589844
184,0.4136893208821615,0.39978673299153644,0.2028018315633138,0.39708577473958334,0.20795787811279298
185,0.4066917419433594,0.3965037536621094,0.2468659210205078,0.40351786295572917,0.24869712829589843
186,0.4126093546549479,0.3989312998453776,0.20001416524251303,0.40815831502278643,0.2038740921020508
187,0.44770355224609376,0.3986351521809896,0.2055454126993815,0.3982257843017578,0.2355311075846354
188,0.44442606608072915,0.4002380625406901,0.19642901102701824,0.4167522939046224,0.1894033686319987
189,0.4219616953531901,0.4017832692464193,0.1983395258585612,0.41030194600423175,0.21226918538411457
190,0.4189104970296224,0.39871851603190106,0.19593373616536458,0.40722607930501303,0.26739039103190104
191,0.4018316904703776,0.39676951090494794,0.20022577921549478,0.45203328450520835,0.25031394958496095
192,0.4167804209391276,0.4013020579020182,0.19273880004882812,0.4050180053710937,0.212618408203125
193,0.43993306477864585,0.39994649251302083,0.22759770711263022,0.41564969380696615,0.28986244201660155
194,0.40030614217122396,0.3962212880452474,0.18822344462076823,0.4109649403889974,0.23096364339192707
195,0.4008985392252604,0.3983373260498047,0.20000480651855468,0.4098710632324219,0.2064639663696289
196,0.39652725219726564,0.395677973429362,0.19421249389648437,0.4117346445719401,0.2110751215616862
197,0.4093157450358073,0.39831387837727866,0.19562235514322918,0.4002966562906901,0.27896512349446617
198,0.40794024149576824,0.40183977762858075,0.21737523396809896,0.4403624471028646,0.20073702494303386
199,0.4393092346191406,0.3939844512939453,0.20621775309244791,0.4188846588134766,0.22527290344238282
200,0.43763758341471354,0.39725626627604166,0.21430318196614584,0.40840705871582034,0.23564013163248698
201,0.4155326080322266,0.39866345723470054,0.1960457992553711,0.4004125467936198,0.24102175394694011
202,0.4357819112141927,0.39836522420247394,0.19476534525553385,0.3953697204589844,0.2657383728027344
203,0.45185012817382814,0.4016894276936849,0.2191089630126953,0.4168576812744141,0.19907413482666014
204,0.40330294291178387,0.399336675008138,0.18887200673421223,0.3988151550292969,0.19991202036539713
205,0.405045166015625,0.3992540995279948,0.19362389882405598,0.42707041422526043,0.20346232096354167
206,0.42741734822591143,0.39975476582845054,0.18829237620035807,0.41906216939290364,0.2274217987060547
207,0.44349380493164064,0.4007696787516276,0.18726984659830728,0.3952210744222005,0.2249151611328125
208,0.40438151041666665,0.40004069010416665,0.28155695597330727,0.41440266927083336,0.20633313496907552
209,0.39350367228190103,0.40036059061686197,0.2165252939860026,0.4050426737467448,0.22052937825520832
210,0.4205188751220703,0.3948137664794922,0.22072781880696615,0.39685218811035156,0.22621246337890624
211,0.4271432495117187,0.39860992431640624,0.19858318328857422,0.397655766805013,0.20275914510091145
212,0.43781463623046873,0.39904792785644533,0.20118424733479817,0.42011957804361977,0.23131568908691405
213,0.46198766072591146,0.3990295918782552,0.19151749928792317,0.4253549448649089,0.24163279215494793
214,0.3929199981689453,0.3995042928059896,0.1980365753173828,0.4338720194498698,0.19022215525309244
215,0.4350810241699219,0.398542963663737,0.20339675903320312,0.4289462280273437,0.19750436147054037
216,0.4069091796875,0.3970540364583333,0.24179684956868489,0.41286224365234375,0.19612777709960938
217,0.40594716389973956,0.4018445078531901,0.2012037150065104,0.3934100850423177,0.1956231180826823
218,0.4387604268391927,0.3979908498128255,0.18262432098388673,0.1998129399617513,0.23413482666015625
219,0.4746051025390625,0.4010787709554036,0.23817769368489583,0.2280066172281901,0.2041955312093099
220,0.4087999216715495,0.3981383005777995,0.18406656901041665,0.20478404998779298,0.18003274281819662
221,0.4199077860514323,0.39814125061035155,0.21889177958170572,0.20058024088541668,0.27985595703125
222,0.42622879028320315,0.4003490447998047,0.21066490173339844,0.19574873606363932,0.2257525889078776
223,0.48893290201822914,0.3980053202311198,0.2006396230061849,0.20438690185546876,0.22438649495442708
224,0.4267273457845052,0.3975135548909505,0.18809038798014324,0.22899152119954427,0.21098941802978516
225,0.40429791768391926,0.3959315236409505,0.22255193074544272,0.19418575286865233,0.21342480977376302
226,0.4112976328531901,0.39875353495279947,0.1998677190144857,0.1973951466878255,0.22952486673990885
227,0.42946940104166664,0.3977532450358073,0.18986841837565105,0.18334627787272134,0.24782218933105468
228,0.413099848429362,0.39791300455729167,0.2434143575032552,0.19375731150309244,0.19459322611490884
229,0.41216153462727867,0.3977065785725911,0.21472841898600262,0.20045542399088542,0.20483651479085285
230,0.4274304707845052,0.39891695658365883,0.22399742126464844,0.20336098988850912,0.19233142852783203
231,0.43590967814127607,0.39617286682128905,0.20614869435628255,0.19813218434651692,0.2431153615315755
232,0.4238903554280599,0.3965759531656901,0.2024236806233724,0.2618406168619792,0.23221481323242188
233,0.47673380533854165,0.4001917012532552,0.20287041982014975,0.218914794921875,0.2007910664876302
234,0.4031360371907552,0.39721781412760415,0.20482908884684245,0.1979729970296224,0.19530272165934245
235,0.4432428995768229,0.39656000773111977,0.19965320587158203,0.19072540283203124,0.24922467549641927
236,0.4042443084716797,0.39793685913085936,0.20327688852945963,0.19573169708251953,0.21320172627766928
237,0.4034735107421875,0.4003465016682943,0.19920822143554687,0.19741355895996093,0.2278436533610026
238,0.43446873982747397,0.3968061065673828,0.19003419240315755,0.23359731038411458,0.2013170115152995
239,0.43232925415039064,0.3980908457438151,0.18855487823486328,0.20327953338623048,0.2404931131998698
240,0.41847803751627605,0.3991461944580078,0.22093246459960938,0.20387369791666668,0.19273333231608072
241,0.4204621378580729,0.3984967295328776,0.22283978780110678,0.20083665211995444,0.21065410614013672
242,0.4346234639485677,0.3969930267333984,0.2096816380818685,0.2073388671875,0.20492670694986978
243,0.4202843221028646,0.3980396270751953,0.2010870107014974,0.21160166422526042,0.21101331075032553
244,0.4202642822265625,0.3962389628092448,0.22327351888020833,0.21893681844075522,0.21042985280354817
245,0.38765892028808596,0.39466512044270835,0.2278740946451823,0.21220062255859376,0.1899432627360026
246,0.40242411295572916,0.4023188273111979,0.2141425323486328,0.18836659749348958,0.20862934112548828
247,0.41303370157877606,0.3984893290201823,0.2173212432861328,0.18865533192952474,0.2316803487141927
248,0.44467605590820314,0.3959309641520182,0.19918055216471353,0.18954363505045574,0.21861071268717447
249,0.4011307779947917,0.3976681518554688,0.190179812113444,0.19314558664957682,0.2101019032796224
250,0.39507253011067706,0.3981404113769531,0.19858033498128255,0.23996701558430988,0.22586130777994792
251,0.4081676991780599,0.39860071818033854,0.20796000162760417,0.20755037943522137,0.2256604512532552
252,0.40206731160481773,0.3998224131266276,0.19176752726236979,0.24109586079915366,0.20359315236409506
253,0.4037079874674479,0.39805208841959633,0.1998319371541341,0.21354174296061199,0.20416528065999348
254,0.4270702616373698,0.3955066935221354,0.2039022954305013,0.1940119425455729,0.24018381754557291
255,0.43189107259114584,0.40139376322428383,0.20514312744140625,0.19108943939208983,0.19053282419840495
256,0.4253393046061198,0.3965338134765625,0.21772232055664062,0.20204236348470053,0.24810516357421875
257,0.4025372314453125,0.39848505655924477,0.19497315724690756,0.21083333333333334,0.21081956227620444
258,0.42061144510904946,0.3993585205078125,0.2230945078531901,0.18433775583902995,0.2120409647623698
259,0.4329310099283854,0.3993743642171224,0.22246716817220052,0.19732905069986978,0.20006385803222657
260,0.413725102742513,0.3995442454020182,0.20490183512369792,0.22636708577473957,0.20115562438964843
261,0.4533904520670573,0.39561485290527343,0.1910131581624349,0.18724037170410157,0.2090570068359375
262,0.4153235117594401,0.3971953328450521,0.22081779479980468,0.19450860341389975,0.2575568389892578
263,0.41419891357421873,0.39906789143880206,0.1910985310872396,0.20093340555826822,0.18089070638020832
264,0.4412574768066406,0.4002250417073568,0.20861670176188152,0.20758427937825522,0.2133014933268229
265,0.40839647928873696,0.3975984700520833,0.20278528849283853,0.1932299296061198,0.21149239857991536
266,0.40333379109700523,0.4002043660481771,0.1932716751098633,0.22169527689615887,0.2103844960530599
267,0.4142247263590495,0.39538981119791666,0.18945672353108725,0.22430717468261718,0.21502769470214844
268,0.501759033203125,0.3960020955403646,0.20243228912353517,0.19575276692708332,0.22311472574869792
269,0.47024093627929686,0.3966765340169271,0.21048690795898437,0.20335192362467447,0.1869122314453125
270,0.4608226013183594,0.3979511260986328,0.20698253631591798,0.20090496063232421,0.22542737325032552
271,0.4870257059733073,0.39783103942871095,0.2376348622639974,0.20685161590576173,0.2516334279378255
272,0.41584574381510414,0.4004553985595703,0.1826738739013672,0.2228972880045573,0.23224418640136718
273,0.4151404062906901,0.396705322265625,0.19704762776692708,0.21564160664876303,0.20150581359863282
274,0.4390650431315104,0.39983538309733074,0.19161491394042968,0.19946336110432944,0.20852158864339193
275,0.4085163879394531,0.4005000305175781,0.21844408671061197,0.1924355443318685,0.19646203358968098
276,0.41160380045572914,0.39528531392415367,0.18088768005371095,0.1974988555908203,0.22135360717773436
277,0.4240098571777344,0.3998677062988281,0.20732210795084635,0.20412489573160808,0.23953646341959636
278,0.42456194559733074,0.3964722696940104,0.20939661661783854,0.19174901326497396,0.19483019510904948
279,0.3882116953531901,0.3942501831054688,0.21035414377848308,0.20790125528971354,0.22670679728190105
280,0.4057895660400391,0.3998352305094401,0.1966848373413086,0.20120816548665366,0.2024981689453125
281,0.41269668579101565,0.4010045878092448,0.20736759185791015,0.20659310658772786,0.18566752115885415
282,0.40332112630208333,0.40017308553059894,0.2221265411376953,0.19234076182047527,0.20503861745198568
283,0.4212830607096354,0.3976170603434245,0.248714599609375,0.1932794189453125,0.24789286295572915
284,0.40955164591471355,0.3973629760742188,0.22400342305501303,0.2073044967651367,0.22379684448242188
285,0.41143091837565104,0.398060302734375,0.2051489003499349,0.20631380716959635,0.22343243916829428
286,0.4386548360188802,0.39843104044596356,0.19802865346272785,0.2012748082478841,0.23553970336914062
287,0.4107130940755208,0.39770703633626303,0.19009292602539063,0.2184069569905599,0.2047248331705729
288,0.4250648498535156,0.3995465596516927,0.20214509328206381,0.2087713623046875,0.23431569417317707
289,0.4071755218505859,0.3989832560221354,0.20651604970296225,0.23320851643880208,0.21420613606770833
290,0.4217188262939453,0.3958009592692057,0.194916623433431,0.19790772755940755,0.228902587890625
291,0.4092337290445964,0.39899559020996095,0.19185365041097005,0.1884860356648763,0.21692042032877604
292,0.4136164347330729,0.3997112528483073,0.21327088673909506,0.19855354309082032,0.21912501017252603
293,0.42922449747721353,0.39587114969889325,0.19339405059814452,0.1950238037109375,0.22616381327311197
294,0.4299684143066406,0.3980854034423828,0.19922618865966796,0.19121172587076823,0.22441861470540364
295,0.42790629069010416,0.3964236958821615,0.20720362345377605,0.22673451741536457,0.23259256998697916
296,0.3912689463297526,0.3973255157470703,0.19475179036458334,0.19578707377115886,0.22731249491373698
297,0.46019617716471356,0.3996026611328125,0.19541431427001954,0.208466428120931,0.19665252685546875
298,0.40042371114095054,0.39822395324707033,0.18517274220784505,0.20970447540283202,0.20101910909016926
299,0.4071268971761068,0.39501228332519533,0.19927237192789712,0.19917680104573568,0.20563941955566406
300,0.3922868347167969,0.3980799865722656,0.18765677134195963,0.1996008555094401,0.21242012023925783
301,0.4165197245279948,0.40178563435872394,0.20860216776529947,0.22482933044433595,0.2144915517171224
302,0.4104361979166667,0.39778480529785154,0.19258499145507812,0.18751463572184246,0.2562965901692708
303,0.4080334726969401,0.4000403594970703,0.2029233423868815,0.19866522471110026,0.21178234100341797
304,0.38664502461751304,0.3996116638183594,0.19464810689290366,0.21780550638834636,0.21060855865478514
305,0.42033935546875,0.39637837727864583,0.18731727600097656,0.19092288970947266,0.21888236999511718
306,0.40567774454752603,0.3989843241373698,0.17760430653889975,0.21066233317057292,0.19485880533854166
307,0.4055749766031901,0.39800748189290364,0.2409662119547526,0.19306256612141928,0.20137489318847657
308,0.4002407073974609,0.3989801025390625,0.20136539459228517,0.19735646565755208,0.24172503153483074
309,0.3915861002604167,0.39688758850097655,0.19279234568277995,0.22105005900065103,0.23802828470865886
310,0.4304954528808594,0.3998362477620443,0.19540982564290366,0.19989782969156902,0.1885433578491211
311,0.4093561553955078,0.39261934916178387,0.2391417694091797,0.18783138275146485,0.20142236073811848
312,0.4047454325358073,0.39898371378580727,0.2041543960571289,0.24072016398111978,0.19703669230143228
313,0.3953802490234375,0.39898028055826823,0.20024986267089845,0.19694661458333335,0.19691271464029947
314,0.4278042602539063,0.3998145548502604,0.21272434234619142,0.2012744649251302,0.2181708526611328
315,0.4274096171061198,0.39836585998535157,0.20163506825764974,0.19168155670166015,0.21822718302408853
316,0.4122082773844401,0.4002698008219401,0.20254294077555338,0.18777489980061848,0.2011802546183268
317,0.4515115356445312,0.3976255544026693,0.19061785380045573,0.1879672876993815,0.23012583414713542
318,0.39519185384114586,0.40083223978678384,0.23466512044270835,0.21121260325113933,0.20973517100016276
319,0.4272001647949219,0.3989766438802083,0.19142860412597656,0.22998186747233074,0.20550660451253255
320,0.4059770202636719,0.40115613301595054,0.20275054931640624,0.2485503133138021,0.2172496541341146
321,0.400834477742513,0.3981366221110026,0.19813575744628906,0.1921457290649414,0.2022710927327474
322,0.4318377176920573,0.398702392578125,0.22790334065755208,0.19367897033691406,0.22527099609375
323,0.40526763916015623,0.39782320658365883,0.18481248219807941,0.18647459665934243,0.21063056945800782
324,0.4010511016845703,0.3951099904378255,0.20278990427652996,0.1954329554239909,0.22805834452311197
325,0.4221019744873047,0.39605865478515623,0.1889134979248047,0.20087476094563803,0.2137401326497396
326,0.4141437276204427,0.403220469156901,0.1952691650390625,0.22219645182291667,0.21170060475667318
327,0.41028030395507814,0.398586908976237,0.19236671447753906,0.1979297637939453,0.26887730916341146
328,0.40689740498860677,0.4002647908528646,0.19278324127197266,0.18660292307535808,0.21401509602864582
329,0.450367685953776,0.39750823974609373,0.19005863189697267,0.18876934051513672,0.1965658950805664
330,0.413563486735026,0.3940226491292318,0.1897222646077474,0.20446329752604167,0.2355535888671875
331,0.439160410563151,0.3969316101074219,0.19773097991943359,0.20863216400146484,0.22376785278320313
332,0.3957647450764974,0.39685892740885415,0.20220250447591145,0.18939905802408855,0.1822302754720052
333,0.4126703643798828,0.40130836486816407,0.19198434193929037,0.20402551015218098,0.19655723571777345
334,0.41825655619303387,0.3930281321207682,0.19057603200276693,0.187080561319987,0.2082032521565755
335,0.42555323282877605,0.39842862447102867,0.19360125223795574,0.18888193766276043,0.21531702677408854
336,0.39986178080240886,0.395978749593099,0.20488335927327475,0.24932904561360678,0.23066487630208332
337,0.4388251241048177,0.3955946095784505,0.18872814178466796,0.21228260040283203,0.19343949635823568
338,0.4009784444173177,0.39942596435546873,0.23622113545735676,0.20323438008626302,0.20187063852945963
339,0.45635355631510416,0.39713961283365884,0.1910425821940104,0.18663758595784505,0.22282513936360676
340,0.4007830301920573,0.39925514221191405,0.18547125498453776,0.1925290807088216,0.23681653340657552
341,0.3943213653564453,0.40034568786621094,0.19971654256184895,0.20344247182210287,0.20885574340820312
342,0.39633374532063803,0.40020118713378905,0.19398127237955728,0.1910172398885091,0.2154908243815104
343,0.4124612681070964,0.39634170532226565,0.18893404642740885,0.18582767486572266,0.20361710866292318
344,0.4250011952718099,0.39518898010253906,0.19401503245035806,0.19879135131835937,0.1997544225056966
345,0.44739023844401044,0.3971594746907552,0.19925259908040366,0.19262449900309245,0.2113271967569987
346,0.39627049763997396,0.3953020985921224,0.18765209197998048,0.20117879231770833,0.21654131571451823
347,0.4196710968017578,0.39828882853190106,0.18445327758789062,0.19650519053141277,0.2510875193277995
348,0.4574956258138021,0.398291498819987,0.23688006083170574,0.18762139638264974,0.19743451436360676
349,0.4134320068359375,0.40101295471191406,0.20025684356689452,0.2027651087443034,0.1913030242919922
350,0.41368659973144534,0.39801506042480467,0.21492121378580728,0.1977294413248698,0.2190423329671224
351,0.3998137919108073,0.39725512186686196,0.18216124216715496,0.19086293538411458,0.19898211161295573
352,0.43886057535807294,0.3953290812174479,0.18955612182617188,0.18726829528808595,0.19159042358398437
353,0.41958473205566404,0.3998561604817708,0.18669156392415365,0.2052407964070638,0.19577696482340495
354,0.42045377095540365,0.39935155232747394,0.1938189951578776,0.1780152638753255,0.23091278076171876
355,0.43716094970703123,0.3986272430419922,0.1948834737141927,0.18539249420166015,0.1993950653076172
356,0.40637763977050784,0.3993059285481771,0.23050127665201822,0.19446257273356118,0.2052536137898763
357,0.40765897115071614,0.39424893697102864,0.2135057830810547,0.1772170893351237,0.23955838521321615
358,0.4078233337402344,0.39722480773925783,0.19077255249023437,0.1767230478922526,0.2324408976236979
359,0.39427963256835935,0.39633336385091145,0.2005673599243164,0.1861548614501953,0.2106406275431315
360,0.42930836995442706,0.3976508585611979,0.18617315928141276,0.1844808578491211,0.19108938852945964
361,0.4173514302571615,0.3960040791829427,0.20173802693684895,0.1815630340576172,0.20087886810302735
362,0.40756378173828123,0.3971533711751302,0.20843367258707682,0.17856897989908854,0.1912238311767578
363,0.4206137847900391,0.4020958964029948,0.18399248758951822,0.17926821390787762,0.1945047124226888
364,0.414519526163737,0.3974769337972005,0.21672409057617187,0.18361412048339842,0.18893611907958985
365,0.4032403055826823,0.3977278900146484,0.2071290334065755,0.18017340342203775,0.22411664326985678
366,0.40823087056477864,0.39956209818522137,0.18323415120442707,0.17856943766276043,0.19897260030110678
367,0.42227989196777344,0.39617383321126304,0.19328172047932943,0.18480050404866535,0.21042495727539062
368,0.4239959462483724,0.39991923014322917,0.18770235697428386,0.17993768056233725,0.22502029418945313
369,0.42689239501953125,0.3974365997314453,0.18675819396972657,0.17505013783772785,0.19075152079264324
370,0.45348297119140624,0.3984258015950521,0.19617321014404296,0.1770593007405599,0.2150062306722005
371,0.4319635518391927,0.3998694101969401,0.1990287653605143,0.1804836654663086,0.21031365712483724
372,0.4304846700032552,0.3979792022705078,0.1954095458984375,0.17823786417643228,0.19458946228027343
373,0.4005060831705729,0.40072469075520833,0.2074706522623698,0.1763967514038086,0.2224053446451823
374,0.40979204813639325,0.3966619364420573,0.19017601013183594,0.1888999557495117,0.19108114878336588
375,0.417134043375651,0.40119491577148436,0.18825210571289064,0.17225494384765624,0.1867835235595703
376,0.39316678365071617,0.3989337666829427,0.19437650044759114,0.1743496322631836,0.20402690887451172
377,0.40457956949869794,0.3956580861409505,0.18939709981282551,0.17372000376383465,0.20079088846842447
378,0.42151379903157554,0.39882153828938804,0.208649533589681,0.19907808939615884,0.20931538899739582
379,0.4410359191894531,0.39748743693033856,0.19440076192220052,0.16710540771484375,0.20360040028889975
380,0.4045770009358724,0.3976478576660156,0.1937283198038737,0.19994898478190104,0.23719584147135417
381,0.4151245880126953,0.3983228047688802,0.18075935363769532,0.17044628143310547,0.22746004740397135
382,0.4557014465332031,0.39851648966471354,0.18530506134033203,0.16812252044677733,0.19849412282307943
383,0.43482696533203125,0.39900739034016924,0.18283790588378906,0.18854752858479817,0.19933924357096355
384,0.4086681874593099,0.39744873046875,0.206962890625,0.17348190307617187,0.2091440455118815
385,0.42162640889485675,0.39696729024251304,0.19476214090983074,0.1790468215942383,0.20105743408203125
386,0.4209443664550781,0.3979394022623698,0.19558170318603516,0.1721129099527995,0.19957192738850912
387,0.42966832478841144,0.39714686075846356,0.18916549682617187,0.17623767852783204,0.20191463470458984
388,0.42143280029296876,0.39741182963053384,0.18640555063883463,0.16743014017740884,0.250115966796875
389,0.44098434448242185,0.3981244150797526,0.18975569407145182,0.17345171610514323,0.1922903823852539
390,0.43698806762695314,0.40160741170247394,0.18367369333902994,0.18243245442708333,0.2006207275390625
391,0.3946837870279948,0.3945359802246094,0.18975887298583985,0.17929738362630207,0.19816369374593099
392,0.4231251017252604,0.4003024546305339,0.22688957214355468,0.17531293233235676,0.2160680389404297
393,0.4393525695800781,0.39813819885253904,0.21924769083658854,0.17457029978434244,0.24315928141276041
394,0.4494010925292969,0.3985260518391927,0.19563629150390624,0.18422173817952475,0.19733226776123047
395,0.4433184814453125,0.39821505228678383,0.19616867065429688,0.17317354838053386,0.20123987833658855
396,0.4583819580078125,0.39597638448079425,0.19082191467285156,0.17368548075358073,0.21035686492919922
397,0.4109434763590495,0.39927136739095054,0.19795449574788412,0.17945664723714191,0.20429391225179036
398,0.427538096110026,0.3980258941650391,0.19132306416829428,0.1695429484049479,0.19458747863769532
399,0.43626429239908854,0.39842989603678386,0.1967247772216797,0.20220668792724608,0.21434611002604168
400,0.44289382934570315,0.39808512369791665,0.21370689392089845,0.19461524963378907,0.2205791727701823
401,0.42613362630208335,0.3998081461588542,0.18232921600341798,0.16966595967610676,0.20580303192138671
402,0.40815594991048176,0.39649429321289065,0.19867070515950522,0.18179656982421874,0.1972949981689453
403,0.4040953572591146,0.40024091084798175,0.18326536814371744,0.18018090565999348,0.21371302286783855
404,0.46400355021158857,0.3990160115559896,0.19133206685384116,0.19041063944498698,0.19888112386067708
405,0.4131617228190104,0.39591634114583335,0.18914454142252604,0.1908088175455729,0.19732579549153645
406,0.4424773661295573,0.399983164469401,0.19577134450276693,0.1792187245686849,0.19315512339274088
407,0.42205609639485675,0.39592948913574216,0.21785255432128905,0.16936884562174478,0.1983069101969401
408,0.4007074483235677,0.3996935780843099,0.2018636194864909,0.20056360880533855,0.1900705337524414
409,0.41915677388509115,0.39586463928222654,0.20397944132486978,0.18404558817545572,0.1929575475056966
410,0.41396085103352864,0.3999566396077474,0.19829978942871093,0.17082576751708983,0.19965590159098306
411,0.4524202982584635,0.40074429829915365,0.19046310424804688,0.1834779103597005,0.2230694325764974
412,0.4181504821777344,0.40151967366536456,0.18154102325439453,0.16519163767496745,0.20577583312988282
413,0.4174092356363932,0.39827743530273435,0.19497028350830078,0.18502667744954426,0.19274901072184245
414,0.4192248789469401,0.39977625528971356,0.18241771697998047,0.17699790954589845,0.20476566314697264
415,0.48622039794921873,0.3946190134684245,0.19366554260253907,0.18319745381673178,0.2245928955078125
416,0.4110710144042969,0.3948040008544922,0.18401758829752604,0.1885233688354492,0.19694964090983072
417,0.4287762959798177,0.39805262247721357,0.18051132202148437,0.16782779693603517,0.19227447509765624
418,0.40193283081054687,0.39686314900716146,0.18504385630289713,0.1753782018025716,0.22309961954752605
419,0.4525934346516927,0.39829381306966144,0.18974623362223308,0.1784420394897461,0.21555674235026043
420,0.41770757039388023,0.399408213297526,0.1958813730875651,0.1837819290161133,0.19000732421875
421,0.47567596435546877,0.39910545349121096,0.18688866933186848,0.16536357879638672,0.190831298828125
422,0.4235327402750651,0.3963957722981771,0.20313921610514324,0.17297981262207032,0.1920623016357422
423,0.39137504577636717,0.3981281534830729,0.20956993103027344,0.1836968994140625,0.23341527303059895
424,0.4479021199544271,0.3997799173990885,0.2254827626546224,0.18300895690917968,0.20194353739420573
425,0.4014397684733073,0.4000201416015625,0.20822943369547525,0.1831618881225586,0.1905281194051107
426,0.40231580098470054,0.3995628611246745,0.20485970815022786,0.16981639862060546,0.19646855672200522
427,0.40342725118001305,0.39487986246744794,0.2125152079264323,0.171395263671875,0.20326651255289713
428,0.45153971354166667,0.3995717112223307,0.18969072977701823,0.17700691223144532,0.21846524556477864
429,0.4151537322998047,0.39586224873860676,0.18667664845784504,0.17556715647379556,0.2372046661376953
430,0.4237956746419271,0.3959295654296875,0.21093111673990886,0.18040379842122395,0.2113705317179362
431,0.4045483144124349,0.39880874633789065,0.19649585723876953,0.17771531422932943,0.19145315806070964
432,0.4027594502766927,0.3977193959554036,0.18784905751546224,0.1755931599934896,0.21111100514729816
433,0.4045093536376953,0.3987316131591797,0.19116254170735678,0.1887969716389974,0.20420841217041016
434,0.4166905975341797,0.39674405415852865,0.2014585876464844,0.17831029256184897,0.22707511901855468
435,0.43352335611979165,0.39634691874186195,0.18158682505289714,0.17927722930908202,0.28160911560058594
436,0.4441356404622396,0.40042500813802084,0.1868028132120768,0.16975797017415364,0.19402383168538412
437,0.4115549977620443,0.39895960489908855,0.1979192097981771,0.169219118754069,0.22983355204264322
438,0.41857711791992186,0.39411903381347657,0.19261474609375,0.1959747568766276,0.24661412556966145
439,0.4038136800130208,0.39568763732910156,0.21030110677083333,0.17941205342610678,0.20204461415608724
440,0.43582987467447915,0.39700477600097656,0.19639193216959636,0.20613683064778646,0.21060407002766926
441,0.4415556335449219,0.39925760904947916,0.18989360809326172,0.16302831013997396,0.23109731038411457
442,0.4238384755452474,0.3977702840169271,0.19109397888183594,0.18041632334391275,0.21378138224283855
443,0.4434265645345052,0.3922795613606771,0.18600276947021485,0.1854641596476237,0.23059104919433593
444,0.4006260681152344,0.3985202026367187,0.19225446065266927,0.17285633087158203,0.1955560048421224
445,0.4016595967610677,0.39853612263997396,0.18386422475179037,0.18992458343505858,0.19298548380533853
446,0.4078146616617839,0.3980371348063151,0.18413431803385416,0.2030862553914388,0.183817990620931
447,0.4160487620035807,0.39708826700846356,0.1989910125732422,0.19720343271891275,0.20079718271891275
448,0.3969221496582031,0.39932825724283855,0.19075036366780598,0.17206116994222007,0.20196735382080078
449,0.4099008178710937,0.39443260192871094,0.1912881088256836,0.2083285903930664,0.20343856811523436
450,0.41518892923990885,0.3960780334472656,0.21955843607584635,0.1951947530110677,0.20458085378011068
451,0.4136780802408854,0.39832962036132813,0.20119614919026693,0.18371719360351563,0.2102087148030599
452,0.40522300720214843,0.39882891337076826,0.190984369913737,0.1742808151245117,0.19538814544677735
453,0.4458200073242187,0.4031541442871094,0.19981473286946613,0.18185302734375,0.21667686462402344
454,0.4362864176432292,0.39656962076822916,0.19599750518798828,0.17697176615397137,0.20908480326334636
455,0.43522618611653646,0.3993841807047526,0.20119766235351563,0.1825092569986979,0.2052803421020508
456,0.4241796366373698,0.39858477274576826,0.1889154815673828,0.17526129404703775,0.19962254842122396
457,0.4050521087646484,0.39725496927897136,0.1898797861735026,0.20071999867757162,0.18658607482910156
458,0.43825414021809894,0.3963024393717448,0.20859634399414062,0.17247350056966146,0.20985427856445313
459,0.4142003885904948,0.39485493977864583,0.18389344533284505,0.17424784342447916,0.2001838175455729
460,0.4131566111246745,0.39505696614583335,0.2029256057739258,0.18590059916178386,0.19613473256429037
461,0.4227660369873047,0.3943952433268229,0.19070354461669922,0.16922096252441407,0.20020064036051433
462,0.42502334594726565,0.40025115966796876,0.1885686747233073,0.16890551249186198,0.2101736577351888
463,0.4325896199544271,0.39820460001627606,0.1950766372680664,0.16964532216389974,0.18912089029947918
464,0.39953300476074216,0.3969452921549479,0.17657033284505208,0.17865712483723958,0.19099721272786457
465,0.46341272989908855,0.3960795338948568,0.2154772694905599,0.19601033528645834,0.19986137390136718
466,0.4327356465657552,0.39910875956217445,0.18420790354410807,0.18686389923095703,0.18347092946370444
467,0.44089436848958335,0.3982086690266927,0.18885978698730468,0.17821028391520183,0.19746012369791666
468,0.439017588297526,0.3976815287272135,0.18764359792073568,0.21257967631022134,0.1876221720377604
469,0.42010409037272134,0.4024234263102214,0.1868280537923177,0.18333700815836587,0.20781912485758464
470,0.41000055948893227,0.39591211954752603,0.18739359537760417,0.1828886413574219,0.20100622812906901
471,0.4614794413248698,0.4005716705322266,0.20513467152913412,0.1848680623372396,0.21434661865234375
472,0.4262683614095052,0.39820322672526043,0.19308425903320312,0.23708714803059897,0.22088205973307293
473,0.4772404479980469,0.4013798522949219,0.20653592427571615,0.19006454467773437,0.2017618687947591
474,0.4255446624755859,0.3957065836588542,0.18943575541178384,0.1945900599161784,0.19377895355224609
475,0.39699061075846354,0.39449200948079427,0.1950869115193685,0.1858998743693034,0.2247748057047526
476,0.4283976745605469,0.3968396250406901,0.20243040720621744,0.2033739725748698,0.22198781331380207
477,0.41571111043294273,0.39738568623860676,0.19978163401285806,0.17947078704833985,0.2058444849650065
478,0.42349576314290366,0.39945088704427084,0.18468794504801433,0.18873533884684246,0.19726398468017578
479,0.4569739786783854,0.4004011789957682,0.20319655100504558,0.1776999028523763,0.18588609059651692
480,0.39955942789713544,0.3969822438557943,0.2063524881998698,0.1733802541097005,0.19122062683105467
481,0.4070897928873698,0.39598052978515624,0.1794323221842448,0.1821573257446289,0.20901549021402996
482,0.3339142354329427,0.39896217346191404,0.18327384948730469,0.17929055531819663,0.22006266276041667
483,0.20339216868082682,0.3984891001383464,0.1885886510213216,0.17175654093424478,0.19951267242431642
484,0.20172760009765625,0.3970310211181641,0.18823153177897137,0.17823190053304036,0.2460009511311849
485,0.1844941202799479,0.39559288024902345,0.18776780446370442,0.178231684366862,0.20553372701009115
486,0.19571937561035158,0.39585245768229166,0.19482014973958334,0.17135674794514974,0.20369977315266927
487,0.21298067728678385,0.3944812774658203,0.1817494837443034,0.20337796529134114,0.2140185801188151
488,0.19720240275065104,0.4002416229248047,0.19425056457519532,0.18447869618733723,0.19150004069010418
489,0.2026596959431966,0.3941277058919271,0.1936795171101888,0.18165593465169272,0.2496233876546224
490,0.21166554768880208,0.40013509114583334,0.19797677357991536,0.18776785532633464,0.1994327163696289
491,0.19357980092366536,0.3963436635335286,0.19839908599853515,0.17914943695068358,0.1864190673828125
492,0.1936376698811849,0.40187660217285154,0.20155125935872395,0.17419629414876303,0.2149053700764974
493,0.20287784576416015,0.39923255920410156,0.19786671956380208,0.16567901611328126,0.18971810658772786
494,0.19636617024739583,0.40023208618164063,0.2067288080851237,0.1764052708943685,0.19452842712402343
495,0.1919975789388021,0.3985645039876302,0.17863306681315105,0.17856058756510418,0.19963839213053386
496,0.2115548833211263,0.4042871602376302,0.21103617350260417,0.193367182413737,0.18715067545572917
497,0.18840521494547527,0.4023705291748047,0.21478622436523437,0.17107149759928386,0.20123189290364582
498,0.19423333485921224,0.4011681874593099,0.19793745676676433,0.1865429433186849,0.20343908945719402
499,0.19069741566975912,0.39445337931315105,0.1929742177327474,0.19185595194498697,0.19682236989339194
500,0.1932944615681966,0.398311284383138,0.1940946324666341,0.1870900853474935,0.19120990753173828
501,0.18707049051920574,0.4063556925455729,0.17993309020996093,0.17541516621907552,0.19038799285888672
502,0.20317710876464845,0.39660446166992186,0.21617874145507812,0.1857314936319987,0.23498046875
503,0.2018166224161784,0.4003588358561198,0.20151742299397787,0.18027774810791017,0.20061538696289063
504,0.19431649525960287,0.39462671915690106,0.18343096415201823,0.18793009440104166,0.1982278315226237
505,0.21507494608561198,0.39603708902994794,0.1857679239908854,0.19340020497639973,0.2170508066813151
506,0.20771461486816406,0.3974021657307943,0.19751631418863932,0.18659008026123047,0.21503471374511718
507,0.22232276916503907,0.39282198588053385,0.20304879506429035,0.18061965942382813,0.1969140370686849
508,0.18816033681233724,0.39535377502441404,0.1878473663330078,0.19339117685953777,0.20256417592366535
509,0.20537768046061197,0.4002465311686198,0.20625564575195313,0.1766039784749349,0.19407272338867188
510,0.18868162790934245,0.39662404378255206,0.18569264729817708,0.17604108174641928,0.19779801686604817
511,0.1961151123046875,0.39569417317708333,0.18683167775472007,0.1775962193806966,0.22284581502278647
512,0.20762125651041666,0.3931579081217448,0.18834971110026041,0.19296634674072266,0.2003280258178711
513,0.1931659952799479,0.40304896036783855,0.18275521596272787,0.18102659861246745,0.19452720642089844
514,0.2216802724202474,0.4066394551595052,0.191290766398112,0.21307238260904948,0.2063677724202474
515,0.21066299438476563,0.3940186055501302,0.2011538569132487,0.18432660420735678,0.18839829762776691
516,0.19265625,0.402180430094401,0.20160107930501303,0.17530705769856772,0.18875410715738933
517,0.2054129155476888,0.39467544555664064,0.2142876434326172,0.18319755554199219,0.18998050689697266
518,0.21530293782552085,0.4025845082600911,0.20948623657226562,0.19046234130859374,0.19301573435465494
519,0.2025532658894857,0.40178985595703126,0.1925085194905599,0.17585458119710287,0.19198040008544923
520,0.20337085723876952,0.40597862243652344,0.20383441925048829,0.17166704813639322,0.2090735117594401
521,0.20196876525878907,0.4023455556233724,0.21874727884928385,0.1823599116007487,0.1876238759358724
522,0.20845357259114583,0.39660736083984377,0.20342976888020833,0.21708348592122395,0.20151378631591796
523,0.21746164957682293,0.39479281107584635,0.21679428100585937,0.18387559254964192,0.20517054239908855
524,0.18736830393473308,0.40152969360351565,0.18029982248942059,0.18057325998942056,0.20030513763427735
525,0.19988605499267578,0.399337158203125,0.1883543904622396,0.1743500518798828,0.2132036844889323
526,0.20153560638427734,0.39528841654459634,0.1931588872273763,0.19553858439127605,0.21169750213623048
527,0.23678393046061197,0.39421483357747394,0.19511199951171876,0.18574957529703776,0.19663843790690105
528,0.2020630137125651,0.39610145568847654,0.17927135467529298,0.19381314595540364,0.19449661254882813
529,0.23505167643229166,0.4021056874593099,0.1953426996866862,0.16725997924804686,0.19599390665690103
530,0.18684157053629558,0.40165700276692706,0.19286354064941405,0.16855332692464192,0.21884963989257813
531,0.2052072270711263,0.3980955505371094,0.18876567840576172,0.18259419759114584,0.1968726603190104
532,0.18307701110839844,0.3969787343343099,0.21171902974446616,0.17530377705891928,0.18861957550048827
533,0.19668501536051433,0.39533610026041666,0.19342948913574218,0.17731624603271484,0.21850723266601563
534,0.19404004414876302,0.3999554189046224,0.20342854817708333,0.19069988250732423,0.23632977803548177
535,0.20623517354329426,0.4026372782389323,0.19566112518310547,0.1793722152709961,0.2160047403971354
536,0.2459234619140625,0.39598223368326824,0.18476402282714843,0.1871535619099935,0.19354838053385418
537,0.2043238576253255,0.3950372568766276,0.1869864018758138,0.18055161794026692,0.20501459757486978
538,0.1848361841837565,0.401971689860026,0.204332275390625,0.1635865529378255,0.1924489466349284
539,0.2065703837076823,0.3975649007161458,0.18387688954671225,0.1836090850830078,0.19351420084635418
540,0.1953503672281901,0.39087415059407554,0.20257784525553385,0.1868334452311198,0.20927841186523438
541,0.18799532572428385,0.3951500701904297,0.19234514872233072,0.21546829223632813,0.21987709045410156
542,0.19877520243326824,0.39727338155110675,0.1918966293334961,0.20086358388264974,0.19561553955078126
543,0.1843536376953125,0.4046202850341797,0.18206921895345052,0.19626234690348307,0.19052225748697918
544,0.20194994608561198,0.3976294962565104,0.19238943735758463,0.195609868367513,0.20269236246744793
545,0.20480443318684896,0.3967432149251302,0.20613914489746094,0.1834611384073893,0.21586868286132813
546,0.20241036732991535,0.40178721110026044,0.18120096842447916,0.21646123250325522,0.2178160858154297
547,0.20020286560058595,0.3925452168782552,0.21858258565266928,0.17450291951497396,0.20317181905110676
548,0.1981540298461914,0.40329689025878906,0.1777842076619466,0.1702530288696289,0.1993700408935547
549,0.1919490687052409,0.39681526184082033,0.20130107879638673,0.180321782430013,0.1992156219482422
550,0.17918345133463542,0.39888689676920575,0.18124317169189452,0.17957263946533203,0.20167619069417317
551,0.1935336430867513,0.3968565622965495,0.20857837677001953,0.16841089884440105,0.19427056630452474
552,0.21901278177897135,0.4067254638671875,0.1943338139851888,0.22867525736490885,0.21170305887858074
553,0.19635013580322266,0.3939476013183594,0.19220863342285155,0.17131553649902342,0.21610595703125
554,0.19671510060628256,0.4045385233561198,0.18885452270507813,0.18085408528645833,0.20685227711995444
555,0.19438372294108072,0.3969527180989583,0.20216478983561198,0.1791650390625,0.19815518697102866
556,0.20045342763264973,0.3955822245279948,0.19019462585449218,0.19760218302408855,0.18937604268391928
557,0.1999155044555664,0.4050990041097005,0.20640121459960936,0.1894219716389974,0.19499093373616536
558,0.22509526570638022,0.3939589691162109,0.21979324340820314,0.16800860087076822,0.20311392466227213
559,0.19031169891357422,0.39690722147623697,0.18240477244059244,0.1783624013264974,0.206450564066569
560,0.20015242258707683,0.39964736938476564,0.21699427286783854,0.1788282903035482,0.1856009292602539
561,0.20248774210611978,0.39683631896972654,0.21593098958333334,0.17586400349934897,0.20415847778320312
562,0.1953460693359375,0.39854349772135417,0.19118578592936197,0.19398785909016927,0.2038254928588867
563,0.1972472635904948,0.39413955688476565,0.2066442108154297,0.17615010579427084,0.19583207448323567
564,0.1895433807373047,0.39522979736328123,0.23150296529134115,0.17513749440511067,0.20773949940999348
565,0.1984347915649414,0.3988564809163411,0.20989524841308593,0.1709317143758138,0.20976118723551432
566,0.22763323465983074,0.39258008321126303,0.23776944478352866,0.17043045043945312,0.1876585261027018
567,0.22448832194010418,0.4040556844075521,0.21400690714518228,0.1927545166015625,0.20704600016276042
568,0.1842088190714518,0.40130457560221355,0.18949446360270183,0.19346800486246746,0.20395884195963543
569,0.20661251068115236,0.39527674357096354,0.20091559092203776,0.16990132649739584,0.2241869354248047
570,0.19231825510660808,0.39602574666341145,0.22139180501302083,0.17581862131754558,0.18887466430664063
571,0.20000779469807942,0.3999733734130859,0.20385953267415366,0.17066514333089192,0.19760472615559896
572,0.20849026997884115,0.4105563608805339,0.18964248657226562,0.17644208272298176,0.2078240966796875
573,0.2014025624593099,0.3964907836914062,0.1945202382405599,0.20542699178059895,0.19038274129231772
574,0.2043860117594401,0.4006828308105469,0.19875811258951823,0.21345560709635417,0.20132371266682944
575,0.1852474594116211,0.4018773396809896,0.2127659225463867,0.22693702697753906,0.19567640940348308
576,0.190120480855306,0.3919862365722656,0.1887994130452474,0.1701535161336263,0.1993856938680013
577,0.1876086171468099,0.3947857920328776,0.18532630920410156,0.17289615631103517,0.20899932861328124
578,0.21028236389160157,0.4008532460530599,0.1983108647664388,0.17209912618001302,0.2042237345377604
579,0.23427284240722657,0.3953318786621094,0.18876504262288413,0.17192131042480469,0.18860850016276043
580,0.20848861694335938,0.39832921346028644,0.19123157501220703,0.173662109375,0.2020083491007487
581,0.2126662572224935,0.3954884338378906,0.18769369761149088,0.17967578887939453,0.18503518422444662
582,0.19418172200520833,0.400353266398112,0.19074086507161458,0.16200921376546223,0.22072603861490886
583,0.19277725219726563,0.39274683634440105,0.19324649810791017,0.17248799641927084,0.20010299682617189
584,0.18207762400309244,0.4019335174560547,0.22274520874023437,0.18203289031982423,0.1825
585,0.1930772908528646,0.4000207773844401,0.23137036641438802,0.18966907501220703,0.2143145751953125
586,0.20705821990966797,0.4009211222330729,0.22749409993489583,0.18419445037841797,0.20148213704427084
587,0.22344029744466146,0.3990521494547526,0.20590590159098307,0.18369110107421874,0.24653104146321614
588,0.19244725545247396,0.3965279134114583,0.22950169881184895,0.191685422261556,0.20080832163492837
589,0.2150469207763672,0.3935066477457682,0.19346104939778647,0.17372315724690754,0.19326825459798178
590,0.22231918334960937,0.39774734497070313,0.20265675862630209,0.1755507787068685,0.1993967056274414
591,0.21283892313639322,0.39960118611653644,0.20198838551839193,0.18759732564290366,0.22233729044596354
592,0.17667733510335287,0.39342501322428386,0.18195817311604817,0.1743213907877604,0.21735379536946614
593,0.19503548940022786,0.39314804077148435,0.1957693354288737,0.19294888814290365,0.2232122548421224
594,0.20779977162679036,0.3973315684000651,0.20834190368652344,0.17689708709716798,0.21660230000813802
595,0.19455329895019532,0.39796661376953124,0.2008070755004883,0.17945339202880858,0.20108409881591796
596,0.19013483683268229,0.39612803141276043,0.18790676116943358,0.17097904205322265,0.20195086161295572
597,0.21202271779378254,0.40276692708333334,0.20542972564697265,0.19161844889322915,0.2007705052693685
598,0.21042877197265625,0.392947514851888,0.19706868489583335,0.2054569625854492,0.20908405303955077
599,0.18788912455240886,0.4027703603108724,0.18680384318033855,0.18354209899902343,0.1924721145629883
600,0.18754044850667317,0.3958864593505859,0.24079572041829428,0.18025351206461587,0.19457982381184896
601,0.19815780639648437,0.40210461934407554,0.17802942911783853,0.1821557871500651,0.1913161087036133
602,0.19643936157226563,0.40604827880859373,0.2014235560099284,0.19713451385498046,0.20469739278157553
603,0.2084140650431315,0.3926796468098958,0.1964201863606771,0.18994925181070962,0.2042108408610026
604,0.21616254170735677,0.39523381551106773,0.19623849232991536,0.18092816670735676,0.19564551035563152
605,0.19460046132405598,0.39682039896647137,0.2129030736287435,0.18123284657796224,0.19372121175130208
606,0.1996616490681966,0.4036384582519531,0.18853956858317059,0.19164745330810548,0.20985861460367838
607,0.20541277567545574,0.3943389892578125,0.18422359466552735,0.17325960795084636,0.20025369008382163
608,0.19151545206705728,0.40174425760904947,0.19337437947591146,0.18202791849772135,0.1987827428181966
609,0.21905860900878907,0.39670801798502603,0.19904632568359376,0.17089401245117186,0.2296429951985677
610,0.20089522043863933,0.4026078796386719,0.19216997782389322,0.16364367167154947,0.1918397903442383
611,0.1879909896850586,0.4005680592854818,0.1871676762898763,0.1923174540201823,0.1969897206624349
612,0.2351966094970703,0.3984947713216146,0.18344322204589844,0.16894816080729166,0.23119717915852864
613,0.18598711649576824,0.3967100270589193,0.18027493794759114,0.20445027669270832,0.19718463897705077
614,0.18789629618326822,0.3939555358886719,0.2061050796508789,0.17932357788085937,0.21251527150472005
615,0.20697752634684244,0.39820795694986977,0.19860122680664063,0.16722910563151042,0.19855589548746744
616,0.20328781127929688,0.3959599812825521,0.20680349985758464,0.1757799530029297,0.1915774663289388
617,0.19861251831054688,0.4013807423909505,0.20508870442708332,0.19268165588378905,0.20027786254882812
618,0.2121208953857422,0.3956831614176432,0.18876276652018228,0.1825437037150065,0.20114064534505208
619,0.1808962376912435,0.398682861328125,0.21708951314290365,0.18390210469563803,0.2017796834309896
620,0.18323193868001303,0.40280555725097655,0.19495676676432291,0.17531213124593098,0.20663823445638022
621,0.22170979817708333,0.4110015869140625,0.18947133382161457,0.18237406412760418,0.2215869903564453
622,0.23508440653483073,0.4021538798014323,0.2059881083170573,0.18614901224772135,0.20125200907389323
623,0.23474026997884115,0.40084866841634115,0.17906719207763672,0.16470043182373048,0.194921875
624,0.21874478658040364,0.3930635833740234,0.22746495564778646,0.18450668334960937,0.20374305725097655
625,0.19243457794189453,0.39784927368164064,0.19027292887369793,0.16659315745035808,0.20483174641927082
626,0.19558815002441407,0.3987823486328125,0.25169039408365884,0.16428656260172525,0.2090786870320638
627,0.2068582026163737,0.40065935770670574,0.20216602325439453,0.17168423970540364,0.20863994598388672
628,0.19573259989420572,0.40546340942382814,0.19302808125813803,0.17159341176350912,0.20483641306559244
629,0.20794330596923827,0.3974125417073568,0.19135704040527343,0.1854284413655599,0.2111111831665039
630,0.19245711008707683,0.4063543446858724,0.24122833251953124,0.23171371459960938,0.18581740061442056
631,0.1858790715535482,0.3888829040527344,0.20741172790527343,0.1988739013671875,0.1941420873006185
632,0.18808452606201173,0.401250966389974,0.19650385538736978,0.17901162465413412,0.21442171732584636
633,0.19035938262939453,0.39425633748372396,0.18732652028401692,0.236138432820638,0.18947199503580728
634,0.18672623952229817,0.4010416666666667,0.18347759246826173,0.21083268483479817,0.1943980916341146
635,0.18603444417317708,0.3903662872314453,0.19796588897705078,0.17859249114990233,0.19362871805826823
636,0.19455337524414062,0.39667828877766925,0.18998008728027344,0.16622220357259115,0.20101142883300782
637,0.1884461212158203,0.39625389099121094,0.18662720998128254,0.228790283203125,0.19388240814208985
638,0.24444923400878907,0.40065821329752604,0.20550933837890625,0.19223079681396485,0.2036119842529297
639,0.21337921142578126,0.40011505126953123,0.19612447102864583,0.16424241383870442,0.19156639099121095
640,0.1983969243367513,0.3897252655029297,0.21136522928873697,0.1807558059692383,0.20172922770182292
641,0.19359654744466145,0.3936182149251302,0.18931718190511068,0.19171882629394532,0.18463624318440755
642,0.1879546356201172,0.40105761210123697,0.19677271525065104,0.17153499603271485,0.19566176096598306
643,0.20610307057698568,0.40759778340657554,0.2070522689819336,0.1801581573486328,0.21450782775878907
644,0.19917708079020183,0.4088556416829427,0.18112262725830078,0.19021774291992188,0.18729307810465495
645,0.20522706349690756,0.40223358154296873,0.18829776763916015,0.19077537536621095,0.23726109822591146
646,0.19165618896484374,0.39596321105957033,0.18535550435384116,0.17071520487467448,0.20731099446614584
647,0.199915288289388,0.39754717508951826,0.20891400655110678,0.19055304209391277,0.19639347076416017
648,0.1969119135538737,0.3976197306315104,0.21627703348795574,0.1730355962117513,0.21444585164388022
649,0.1862954076131185,0.39658973693847654,0.19628023783365886,0.1843688456217448,0.20827049255371094
650,0.19784468332926433,0.40374916076660156,0.19111534118652343,0.17694623311360677,0.18724013010660806
651,0.18998883565266927,0.40981122334798176,0.19571915944417317,0.15973504384358725,0.20144892374674478
652,0.18889122009277343,0.391396230061849,0.18920059204101564,0.16516302744547526,0.19528555552164714
653,0.21705853780110676,0.3982521311442057,0.18805559794108073,0.1945311991373698,0.19344702402750652
654,0.19805411020914712,0.39445398966471357,0.1909553654988607,0.16008567810058594,0.224110107421875
655,0.1887574259440104,0.3956770324707031,0.1917718251546224,0.17528519948323568,0.2063730239868164
656,0.2078476842244466,0.4061505126953125,0.20766681671142578,0.17756617228190105,0.1903476079305013
657,0.20501581827799478,0.4000294748942057,0.20740097045898437,0.1590350850423177,0.22411209106445312
658,0.20098106384277345,0.40506215413411456,0.18200939178466796,0.18687792460123698,0.19346178690592447
659,0.231173578898112,0.40548133850097656,0.18847760518391926,0.17995132446289064,0.21087718963623048
660,0.19439052581787108,0.39241180419921873,0.19735416412353515,0.16867647806803385,0.19309183756510417
661,0.20583847045898437,0.39777333577473956,0.1772960154215495,0.17140944163004557,0.21912071228027344
662,0.19599430084228517,0.39977684020996096,0.20192337036132812,0.18411930084228514,0.20807268778483073
663,0.19782685597737631,0.40662755330403644,0.17479633331298827,0.18981346130371093,0.2010759989420573
664,0.21208136240641276,0.39566520690917967,0.19289525349934897,0.19058228810628255,0.21115376790364584
665,0.1972283426920573,0.39274342854817706,0.18774471282958985,0.17006716410319012,0.20934088389078775
666,0.19911272684733072,0.40420445760091145,0.19058135986328126,0.20593756357828777,0.1993844477335612
667,0.1910894521077474,0.40213681538899737,0.21429115295410156,0.1693994903564453,0.2031084187825521
668,0.18184860229492186,0.39171844482421875,0.19537078857421875,0.17289878845214843,0.1841290537516276
669,0.20976206461588542,0.41118637084960935,0.19093835194905598,0.21432164510091145,0.20707494099934895
670,0.2049856694539388,0.39627415974934893,0.19203201293945313,0.17850293477376303,0.1840460459391276
671,0.21741678873697917,0.3962458801269531,0.19346312204996743,0.17656969706217449,0.20375929514567057
672,0.20112780253092447,0.39356099446614584,0.205693842569987,0.1707019805908203,0.1942482376098633
673,0.18827865600585938,0.4020792897542318,0.19496346791585287,0.18342203776041666,0.20409205118815105
674,0.19091190338134767,0.3927721150716146,0.19084690093994142,0.17256473541259765,0.2131804402669271
675,0.20752768198649088,0.4029370371500651,0.2187694803873698,0.16852255503336588,0.2220013427734375
676,0.20288742065429688,0.3989555867513021,0.1883823013305664,0.1819399388631185,0.19950533548990884
677,0.24488805135091146,0.3953338114420573,0.20487018585205077,0.17086025238037109,0.2088762410481771
678,0.18155498504638673,0.4038500467936198,0.1985232416788737,0.18046656290690105,0.19158724466959634
679,0.190067507425944,0.40055277506510417,0.2089907964070638,0.18056830088297526,0.20156566619873048
680,0.2107404581705729,0.39845855712890627,0.20506558736165365,0.18246908823649088,0.20829544067382813
681,0.19520764668782553,0.39642923990885415,0.21967394510904947,0.16887677510579427,0.20436861673990886
682,0.195338986714681,0.4144947052001953,0.2092807642618815,0.20089359283447267,0.20967946370442708
683,0.2395397440592448,0.42678146362304686,0.19173840840657552,0.17329514821370443,0.17968770345052085
684,0.19060934702555338,0.39911176045735675,0.24479972839355468,0.17259517669677735,0.19934532165527344
685,0.18338695526123047,0.4125646464029948,0.19435765584309897,0.17097237904866536,0.2091503143310547
686,0.1957586415608724,0.399702885945638,0.18243221282958985,0.17543617248535157,0.22226646423339844
687,0.19743090311686198,0.4037249247233073,0.22428863525390624,0.17876391092936197,0.20081957499186198
688,0.18677682240804036,0.3950976308186849,0.18903677622477214,0.1677666982014974,0.20575565338134766
689,0.1948852284749349,0.4117426045735677,0.2136279296875,0.17989476521809897,0.2067880121866862
690,0.21778696695963543,0.40201319376627603,0.24246627807617188,0.2073403803507487,0.22165303548177084
691,0.18849409739176431,0.3990435791015625,0.19386483510335287,0.19235054016113282,0.1898407491048177
692,0.22419509887695313,0.3989604187011719,0.25464764912923177,0.18350194295247396,0.18890153249104819
693,0.22754399617513021,0.3956170145670573,0.20199024200439453,0.18640026092529297,0.1848003387451172
694,0.1972356669108073,0.40013791402180987,0.1971112569173177,0.1644967778523763,0.22100914001464844
695,0.21523348490397134,0.41929634094238283,0.18225354512532552,0.1735225550333659,0.1933621342976888
696,0.21486096700032553,0.3948741404215495,0.21492660522460938,0.17278002421061198,0.18636107126871745
697,0.2093191401163737,0.3952220662434896,0.189300168355306,0.1700494384765625,0.18454532623291015
698,0.20090274810791015,0.3958969879150391,0.19040297190348307,0.16582544962565104,0.1955427042643229
699,0.18812676747639975,0.39679494222005207,0.18511873881022137,0.18155094146728515,0.20106592814127605
700,0.2065842310587565,0.40799657185872396,0.1768005625406901,0.19530773162841797,0.21001304626464845
701,0.21293641408284505,0.3992313130696615,0.18809013366699218,0.16125179290771485,0.2130952835083008
702,0.18781453450520832,0.3948188781738281,0.22636978149414064,0.19178277333577473,0.1947294616699219
703,0.195997314453125,0.40893091837565104,0.18012449900309244,0.21064736684163413,0.21740211486816408
704,0.18292388916015626,0.4082969665527344,0.18085803985595703,0.17522401173909505,0.19632915496826173
705,0.1941016896565755,0.39801244099934896,0.18930040995279948,0.1836907704671224,0.18815130869547525
706,0.2177118428548177,0.403919932047526,0.17873823801676433,0.18982157389322918,0.19456710815429687
707,0.1905250930786133,0.40312889099121096,0.1895220438639323,0.17171363830566405,0.19032142639160157
708,0.1853704325358073,0.3916876220703125,0.1785185114542643,0.17915630340576172,0.2054269536336263
709,0.19221571604410806,0.40834208170572917,0.20825213114420574,0.17608872731526692,0.19592168172200522
710,0.20434613545735678,0.3948988087972005,0.18123175303141276,0.17614059448242186,0.203710199991862
711,0.1890860875447591,0.3950494384765625,0.19484915415445964,0.16789738972981771,0.2128257369995117
712,0.19475861867268882,0.3980371602376302,0.2206958516438802,0.17554917653401692,0.2008788808186849
713,0.18447725931803385,0.40956639607747397,0.19476332346598307,0.18301397959391277,0.1955020014444987
714,0.1886681620279948,0.404367192586263,0.19866316477457682,0.19123411814371744,0.2028777313232422
715,0.19956873575846354,0.3972843933105469,0.19003838857014974,0.21595237731933595,0.1974258550008138
716,0.18917261759440104,0.41933611551920574,0.2200243123372396,0.16964730580647785,0.20389617919921876
717,0.2021691640218099,0.3967455037434896,0.1908767318725586,0.19437583923339843,0.19284336090087892
718,0.19090952555338542,0.4060970306396484,0.21360514322916666,0.18178426106770834,0.19599512736002603
719,0.2150732676188151,0.4080819956461589,0.24730115254720053,0.16942357381184897,0.20183793385823567
720,0.21557111104329427,0.4046580251057943,0.1894611358642578,0.1840087890625,0.19601871490478515
721,0.19720118204752604,0.40189379374186196,0.21944544474283853,0.19864400227864584,0.19743965148925782
722,0.19257059733072918,0.4065288543701172,0.24721705118815104,0.1686532465616862,0.186304931640625
723,0.2018055852254232,0.39527826944986977,0.18577597300211587,0.17299545288085938,0.2078015645345052
724,0.20753055572509765,0.3941134134928385,0.20734373728434244,0.19084847768147786,0.18307345072428385
725,0.21779362996419271,0.4083734130859375,0.19488179524739582,0.16894755045572918,0.20117713928222655
726,0.20131149291992187,0.40724756876627605,0.18355316162109375,0.2026335906982422,0.2140355936686198
727,0.2542884572347005,0.3910290018717448,0.1856657409667969,0.1638724136352539,0.21594863891601562
728,0.19198860168457033,0.3978904978434245,0.21621729532877604,0.165835329691569,0.1904733149210612
729,0.1876975123087565,0.3935929107666016,0.1730408732096354,0.20298651377360025,0.20625216166178387
730,0.1968777592976888,0.4003761291503906,0.19160729726155598,0.1935015106201172,0.20020081837972006
731,0.21675135294596354,0.4139210510253906,0.20843491872151693,0.16043519337972006,0.21032015482584634
732,0.1935105514526367,0.3951890563964844,0.20274147033691406,0.1772809092203776,0.2131798807779948
733,0.2118123245239258,0.3981329600016276,0.20234402974446614,0.19319783528645834,0.19300479888916017
734,0.18204461415608725,0.39462615966796877,0.21862815856933593,0.17131261189778646,0.19827359517415363
735,0.19806872049967447,0.3992872365315755,0.19571689605712891,0.17062344868977863,0.20516759236653645
736,0.18453901926676433,0.3995295206705729,0.18466729482014974,0.1764743169148763,0.21528060913085936
737,0.18697372436523438,0.3936396026611328,0.1827310053507487,0.17900816599527994,0.21412427266438802
738,0.1915044657389323,0.4073249053955078,0.18946139017740884,0.17376182556152345,0.1866646448771159
739,0.20221673329671225,0.3946523793538411,0.1906128184000651,0.1790751647949219,0.2069876480102539
740,0.1828439712524414,0.4009616088867187,0.1717175547281901,0.169014155069987,0.21464747111002605
741,0.20378660837809245,0.3931346384684245,0.2094407272338867,0.171687863667806,0.18559107462565105
742,0.1849305852254232,0.4001014709472656,0.17514268239339192,0.20287445068359375,0.19595197041829426
743,0.19292373657226564,0.42701416015625,0.19595832824707032,0.18715447743733724,0.20435292561848958
744,0.19252614339192708,0.43027949015299477,0.20218201955159507,0.1821719741821289,0.18200725555419922
745,0.23786702473958332,0.396032231648763,0.18758290608723957,0.162008056640625,0.20210188547770183
746,0.20635030110677083,0.3937299346923828,0.17500245412190754,0.16532798767089843,0.19620554606119792
747,0.1944430669148763,0.41373995463053387,0.1835120900472005,0.18831317901611327,0.19651285807291666
748,0.2032924524943034,0.4101189676920573,0.19821802775065103,0.1884490966796875,0.2186193339029948
749,0.17833059946695964,0.39723065694173176,0.1909390385945638,0.163485959370931,0.202570432027181
750,0.20692572275797527,0.4003312683105469,0.18652843475341796,0.18302299499511718,0.19628734588623048
751,0.18642525990804037,0.4047902425130208,0.19373613993326824,0.17593372344970704,0.18476314544677735
752,0.19243183135986328,0.40483123779296876,0.24016685485839845,0.17065830230712892,0.19798601786295572
753,0.19676766713460286,0.3911303965250651,0.19849974314371746,0.18271233876546225,0.1865178934733073
754,0.18886704762776693,0.4030160776774089,0.18801926930745444,0.16355023701985677,0.19300902048746746
755,0.19744736989339193,0.3940738423665365,0.18530970255533855,0.1874457550048828,0.20056601206461588
756,0.1870025634765625,0.39868619283040363,0.19706994374593098,0.18418999989827475,0.18990160624186198
757,0.1979989751180013,0.3958591715494792,0.1863785680135091,0.17963855743408202,0.18896728515625
758,0.20670206705729166,0.41297375996907554,0.17581617991129558,0.17728575388590495,0.20129416147867837
759,0.20007450103759766,0.3970103200276693,0.19213829040527344,0.1796230443318685,0.19491798400878907
760,0.20619969685872397,0.4110560099283854,0.18116142272949218,0.1718927256266276,0.19225921630859374
761,0.2033296839396159,0.4012341054280599,0.20984494527180989,0.17574386596679686,0.19866230010986327
762,0.18012662251790365,0.3990040079752604,0.17810647328694662,0.16591753641764323,0.1962978490193685
763,0.21317386627197266,0.39293668111165364,0.19448280334472656,0.16878496805826823,0.20750647226969401
764,0.19604695638020833,0.40331586201985675,0.19453460693359376,0.17820362091064454,0.197021484375
765,0.20038501739501954,0.41370900472005206,0.19061538696289063,0.20542657216389973,0.20849775950113933
766,0.19837411244710287,0.3939725240071615,0.18833553314208984,0.17514973958333332,0.19362478892008464
767,0.19098358154296874,0.40032569885253905,0.21517740885416667,0.192176144917806,0.20630134582519533
768,0.2127989959716797,0.40694577534993487,0.21123956044514974,0.1613233439127604,0.2008685302734375
769,0.2037005615234375,0.394726079305013,0.1966200383504232,0.17303621927897136,0.19461007436116537
770,0.21886741638183593,0.40067329406738283,0.18375550587972006,0.16728432973225912,0.21264283498128256
771,0.1966824722290039,0.4020142618815104,0.18238079071044921,0.17222427368164062,0.18933277130126952
772,0.18795814514160156,0.40773282368977865,0.2069494374593099,0.1805150604248047,0.2011252466837565
773,0.18311503092447917,0.3954642740885417,0.18802085876464844,0.20268269856770835,0.18488694508870443
774,0.21453842163085937,0.39491279602050783,0.17762530008951824,0.17031185150146486,0.2040453592936198
775,0.20806484222412108,0.39827901204427085,0.21170365651448567,0.18083268483479817,0.2177081298828125
776,0.194492670694987,0.40389063517252605,0.20552024841308594,0.1667011260986328,0.18860385894775392
777,0.23181114196777344,0.40934651692708335,0.19667704264322916,0.19706040700276692,0.18822620391845704
778,0.21160199483235678,0.3983781433105469,0.18596412658691405,0.17484461466471354,0.1901089350382487
779,0.1860097885131836,0.39794456481933593,0.19214185078938803,0.1691479746500651,0.2020670445760091
780,0.19165964762369792,0.4011510467529297,0.2149011484781901,0.1890456771850586,0.18130919138590496
781,0.17484869639078776,0.4055413564046224,0.1943740717569987,0.16737759908040364,0.1987195078531901
782,0.21868522644042968,0.40285662333170574,0.19011446634928386,0.17532232920328775,0.19049093882242837
783,0.20821637471516927,0.39424219767252605,0.19091814676920574,0.16893365224202475,0.18551305135091145
784,0.22222501118977864,0.4032236989339193,0.22706631978352865,0.16406787872314454,0.2024863815307617
785,0.18704484303792318,0.40395055135091146,0.1903148905436198,0.1689404296875,0.19440410614013673
786,0.213199946085612,0.38888295491536456,0.20080904642740885,0.16978064219156902,0.19028111775716147
787,0.2156134541829427,0.40500816345214846,0.19680651346842448,0.17013455708821615,0.18705949147542317
788,0.19051205952962239,0.409685541788737,0.19008389790852864,0.19337271372477213,0.18836207071940103
789,0.1879303487141927,0.3937943013509115,0.21999247233072916,0.1787957000732422,0.19346543629964194
790,0.19000147501627604,0.40195345560709633,0.1852428181966146,0.1896975326538086,0.19068408966064454
791,0.18242120107014975,0.39861447652180987,0.18712572733561197,0.17175367991129556,0.20029885609944661
792,0.19306259155273436,0.39134452819824217,0.19605454762776692,0.19340262095133465,0.18899031321207682
793,0.19918590545654297,0.40099484761555987,0.2085535430908203,0.1754956563313802,0.17791932423909504
794,0.17895147959391275,0.39162938435872396,0.194021364847819,0.17754933675130208,0.19437613169352214
795,0.19568824768066406,0.4043968963623047,0.19038434346516928,0.17151575724283855,0.21581499735514323
796,0.200037473042806,0.3963994852701823,0.19738135019938152,0.17281147003173827,0.2010828653971354
797,0.19278851826985677,0.3936279296875,0.17896832784016928,0.1830585479736328,0.19039187113444012
798,0.19608492533365884,0.3953503672281901,0.1936976114908854,0.17065714518229166,0.18387720743815103
799,0.18604994455973306,0.3998615010579427,0.19753344217936197,0.17669668833414715,0.1811160151163737
800,0.21582069396972656,0.4043553924560547,0.20123401641845703,0.2085061009724935,0.186353759765625
801,0.20909893035888671,0.3873004659016927,0.20049434661865234,0.16423831939697264,0.19223495483398437
802,0.1957104746500651,0.40110565185546876,0.1909786605834961,0.16641747792561848,0.20354024251302083
803,0.19274168650309245,0.4015856424967448,0.20217287699381511,0.173579953511556,0.17982349395751954
804,0.19496180216471354,0.39762374877929685,0.18585152943929037,0.17261670430501302,0.25891382853190104
805,0.19065194447835287,0.40108014424641925,0.20705146789550782,0.17533972422281902,0.19397722880045573
806,0.1891721471150716,0.399982426961263,0.17704279581705729,0.16708178202311197,0.17826981862386068
807,0.2165894063313802,0.3926044464111328,0.19629371643066407,0.17318612416585286,0.19018624623616537
808,0.17507610321044922,0.401351572672526,0.19095980326334636,0.20031981150309244,0.18604857126871746
809,0.21165055592854817,0.39409375508626304,0.20293731689453126,0.16358997344970702,0.18547458648681642
810,0.20207541147867839,0.4035802459716797,0.1968633524576823,0.1672878392537435,0.1964577611287435
811,0.17642747243245444,0.39858563741048175,0.18007208506266276,0.1713395309448242,0.17538018544514974
812,0.19013797760009765,0.40818944295247395,0.1964185078938802,0.16740947723388672,0.18908768971761067
813,0.19818936665852865,0.4033543650309245,0.19798306783040365,0.17661123911539714,0.1717874272664388
814,0.20781316121419272,0.40273722330729167,0.20803389231363933,0.17550713857014974,0.1855777104695638
815,0.19590821584065754,0.40237380981445314,0.18659929911295572,0.17017457326253255,0.20167526245117187
816,0.19171494801839192,0.4005174001057943,0.1845605214436849,0.1779146448771159,0.18061676025390624
817,0.19628430684407552,0.39948743184407554,0.20372886657714845,0.16159019470214844,0.1926731236775716
818,0.2068823496500651,0.399560063680013,0.20395650227864584,0.16750885009765626,0.18677921295166017
819,0.20110221862792968,0.394814453125,0.19180098215738933,0.17162100474039713,0.17714014689127605
820,0.21922075907389324,0.42655634562174477,0.22076014200846353,0.1650766118367513,0.1972542190551758
821,0.19711228688557944,0.39939567565917966,0.21769910176595053,0.1957285181681315,0.18881209055582682
822,0.2151025136311849,0.4012607574462891,0.19447727203369142,0.18513233184814454,0.1812922159830729
823,0.205965207417806,0.40463826497395833,0.18257408142089843,0.1703259531656901,0.17739729563395182
824,0.19391031901041667,0.3975867462158203,0.18886404673258464,0.20209114074707032,0.1962247085571289
825,0.1879843521118164,0.40769381205240884,0.1817144775390625,0.18211292266845702,0.18265724182128906
826,0.1920799763997396,0.39594833374023436,0.17295711517333984,0.21198060353597006,0.19410729726155598
827,0.20551156361897788,0.40307268778483074,0.17717291514078776,0.17943336486816405,0.17611001332600912
828,0.20358142852783204,0.4060827128092448,0.2141429646809896,0.17001822153727214,0.18315935770670572
829,0.1888580576578776,0.4011317443847656,0.1835571797688802,0.17045440673828124,0.17419774373372396
830,0.21857994079589843,0.3993280029296875,0.18376578013102213,0.213896484375,0.1845858383178711
831,0.21491999308268228,0.4012763468424479,0.18710000356038411,0.22655370076497397,0.18443819681803386
832,0.18989429473876954,0.39360577901204424,0.18341187795003255,0.17124871571858724,0.1971596908569336
833,0.20078250885009766,0.39470713297526044,0.18763495127360025,0.17808167775472006,0.18452372233072917
834,0.18920706431070963,0.420826416015625,0.198114013671875,0.18081101735432942,0.19004684448242187
835,0.21403620402018228,0.3942206064860026,0.18280740102132162,0.1600586700439453,0.18910650889078776
836,0.21017987569173177,0.3956532541910807,0.21289226531982422,0.17120145161946615,0.18031982421875
837,0.21496253967285156,0.42271883646647135,0.17318995157877604,0.16720269521077474,0.18161168416341145
838,0.17467966715494793,0.40309974670410154,0.20766209920247397,0.17195032755533854,0.17930965423583983
839,0.22536115010579427,0.3986394755045573,0.20523679097493489,0.16398709615071613,0.19993727366129557
840,0.19086875915527343,0.3917778523763021,0.2040020243326823,0.18049920399983724,0.17831425984700522
841,0.18600607554117837,0.4129694620768229,0.19852836608886718,0.17330706278483074,0.18164068857828777
842,0.18625264485677084,0.3988093821207682,0.21382039388020832,0.21153554280598957,0.17267064412434896
843,0.18531686147054036,0.3959295908610026,0.1897573979695638,0.18422540028889975,0.20197303771972655
844,0.22223978678385417,0.39259910583496094,0.22095738728841147,0.16495155334472655,0.1946829350789388
845,0.20595591227213542,0.4059545389811198,0.19454037984212239,0.16895459493001302,0.19645828247070313
846,0.20352497100830078,0.39991539001464843,0.1940303675333659,0.19273208618164062,0.1756807581583659
847,0.19174785614013673,0.40334564208984375,0.22811538696289063,0.18603691101074218,0.16497962951660156
848,0.1937111536661784,0.3934171549479167,0.17472081502278647,0.17619583129882813,0.18742891947428386
849,0.18973634084065755,0.39818875630696615,0.18662559509277343,0.16945898691813152,0.18267449696858723
850,0.2034975306193034,0.39308514912923176,0.20561158498128254,0.20208978017171225,0.17601875305175782
851,0.18306814829508464,0.3977056376139323,0.19665353139241537,0.17036085764567058,0.181635373433431
852,0.1793398412068685,0.39734102884928385,0.19107462565104166,0.16400838216145833,0.18054100036621093
853,0.20267447153727214,0.397733891805013,0.1943947219848633,0.173562863667806,0.1819071833292643
854,0.18074478149414064,0.395806147257487,0.18006725311279298,0.17826302846272787,0.16319295247395835
855,0.20952439626057942,0.39828099568684894,0.18768877665201822,0.1712619145711263,0.1884960428873698
856,0.19789109547932943,0.391707763671875,0.20885386149088542,0.18630104064941405,0.2535654703776042
857,0.18492048899332683,0.39820528666178384,0.21568689982096353,0.1733197275797526,0.18589892069498698
858,0.1783908208211263,0.4053844706217448,0.18979859670003255,0.16858707427978514,0.18331212361653645
859,0.1986346944173177,0.40491658528645835,0.21743820190429688,0.17033309936523439,0.2017441685994466
860,0.19634031931559245,0.4157799275716146,0.19384422302246093,0.1756994883219401,0.18842820485432943
861,0.19696519215901692,0.4021490478515625,0.17840254465738933,0.18753562927246092,0.18033945719401043
862,0.21385520935058594,0.39242863972981773,0.20675238291422526,0.20228420257568358,0.1737371826171875
863,0.19295373280843098,0.40648821512858074,0.20098241170247397,0.19343997955322265,0.1757550048828125
864,0.1947837193806966,0.39420509338378906,0.19465457916259765,0.17057727813720702,0.17832000732421874
865,0.1812848409016927,0.39926060994466145,0.17994576772054036,0.16717881520589192,0.17336405436197916
866,0.2114426549275716,0.40569872538248697,0.17817620595296224,0.18457870483398436,0.18137123107910155
867,0.1978611119588216,0.4084472401936849,0.2082895278930664,0.1876165008544922,0.17972647349039714
868,0.20880338033040366,0.39433242797851564,0.2220312245686849,0.17481370290120443,0.17885583241780598
869,0.19355514526367187,0.4028642781575521,0.21232725779215494,0.1636529286702474,0.21869186401367188
870,0.19455851236979166,0.39558817545572916,0.20437586466471355,0.1788003921508789,0.19539930979410808
871,0.20554232279459636,0.3990706380208333,0.2002457046508789,0.18930502573649088,0.1758257293701172
872,0.2006746292114258,0.39708648681640624,0.180751101175944,0.17092381795247397,0.1698923110961914
873,0.20779037475585938,0.3930928039550781,0.21940088907877603,0.16017439524332683,0.1785705820719401
874,0.18688252766927083,0.4016211446126302,0.2034930674235026,0.1828083038330078,0.1860261027018229
875,0.1980285390218099,0.3995610555013021,0.18542755126953125,0.17134033203125,0.19602160135904947
876,0.18438653310139974,0.39435508728027346,0.21334859212239585,0.1717152531941732,0.2009203084309896
877,0.18490052541097005,0.4018157958984375,0.23906071980794272,0.18247484842936199,0.17713701883951824
878,0.26725125630696617,0.3998955790201823,0.19022977193196614,0.16509268442789712,0.1955453618367513
879,0.2098576863606771,0.3931256357828776,0.20330785115559896,0.18165995279947916,0.17041089375813803
880,0.1941889190673828,0.4096721649169922,0.2077936045328776,0.19321945190429687,0.1751999028523763
881,0.20131720225016275,0.3951750946044922,0.1847684097290039,0.17515005747477214,0.1747509765625
882,0.19896024068196613,0.40605506896972654,0.1970218022664388,0.2078436279296875,0.1813891092936198
883,0.17808990478515624,0.3991673278808594,0.23187095642089844,0.16642855326334635,0.20346054077148437
884,0.21089725494384765,0.40176292419433596,0.1772484588623047,0.18339309692382813,0.17370421091715496
885,0.20883502960205078,0.4241753641764323,0.18058696746826172,0.1815719477335612,0.17317699432373046
886,0.21239280700683594,0.3946378580729167,0.18534187316894532,0.16716100056966146,0.20355191548665363
887,0.18795255025227864,0.4041820780436198,0.18998846689860027,0.17348044077555339,0.18186187744140625
888,0.18355787913004556,0.39173110961914065,0.20729713439941405,0.16696014404296874,0.18647743225097657
889,0.1869894536336263,0.3974839019775391,0.1879714075724284,0.16721964518229165,0.17114674886067707
890,0.20100008646647136,0.3987274424235026,0.1861093775431315,0.18023920694986978,0.19618241628011068
891,0.19137588500976563,0.3938470458984375,0.18161004384358723,0.160284423828125,0.16943941752115885
892,0.19232242584228515,0.4005183664957682,0.20871588389078777,0.1753981653849284,0.17056236267089844
893,0.23026102701822918,0.4038308461507161,0.20291253407796225,0.16883410135904947,0.1815308888753255
894,0.19223172505696615,0.396899897257487,0.19822311401367188,0.16092571258544922,0.17177680969238282
895,0.1876483662923177,0.4045969390869141,0.19491050720214845,0.16628089904785157,0.1710641098022461
896,0.18387134552001952,0.39890856424967447,0.1809033966064453,0.16351470947265626,0.17058708190917968
897,0.18756234486897785,0.39419451395670574,0.18322257995605468,0.17759966532389324,0.17523076375325522
898,0.19001572926839191,0.3973207855224609,0.17655745188395183,0.17542920430501302,0.16857919057210285
899,0.19616752624511719,0.4024057261149089,0.19879722595214844,0.1698963419596354,0.17786479949951173
900,0.20157835642496744,0.3895802815755208,0.18926715850830078,0.1842541249593099,0.20648789723714192
901,0.18756295522054037,0.4028646341959635,0.20637781778971354,0.1949294916788737,0.18063705444335937
902,0.20160797119140625,0.4209300994873047,0.1805532201131185,0.17056622823079426,0.18433570861816406
903,0.19564008076985678,0.38922279357910156,0.1801980209350586,0.18062484741210938,0.20646376291910806
904,0.22247660319010418,0.401033935546875,0.18076519012451173,0.18954952239990233,0.1838335927327474
905,0.20541161855061849,0.39192794799804687,0.19958677927652996,0.17121421813964843,0.17996925354003906
906,0.22459737141927083,0.3987989552815755,0.24061691284179687,0.2061991755167643,0.1721688461303711
907,0.18772216796875,0.40386324564615883,0.1894582748413086,0.16778221130371093,0.17615575154622395
908,0.21421310424804688,0.392197011311849,0.19930244445800782,0.19182249704996746,0.2010631561279297
909,0.19547564188639324,0.39850049336751303,0.2008913548787435,0.16123761494954428,0.18047494252522786
910,0.20568230946858723,0.4024267069498698,0.2101731491088867,0.171925048828125,0.17407391866048177
911,0.21011372884114585,0.3950659434000651,0.1836065928141276,0.18270496368408204,0.17964598337809246
912,0.19611951192220053,0.39347450256347655,0.18883160909016927,0.18078940073649089,0.18033824920654296
913,0.23666473388671874,0.4014477030436198,0.2061564254760742,0.1705071767171224,0.17700689951578777
914,0.21438069661458334,0.4008917744954427,0.18402595520019532,0.183331298828125,0.19130494435628256
915,0.21054889678955077,0.38934842427571614,0.20273782094319662,0.17922510782877604,0.17393760681152343
916,0.19105824788411457,0.3964107004801432,0.1811972935994466,0.1643392817179362,0.17117969512939454
917,0.2004602559407552,0.40258285522460935,0.2215258534749349,0.20858365376790364,0.17121869405110676
918,0.21404975891113281,0.3935593668619792,0.17950060526529948,0.1717894744873047,0.17583145141601564
919,0.19008960723876953,0.40158358256022136,0.23948076883951822,0.1722840627034505,0.19122386932373048
920,0.2218816884358724,0.41151395161946613,0.17975346883138021,0.16925788879394532,0.17837566375732422
921,0.18180529276529947,0.4117018890380859,0.20701399485270183,0.17170324961344402,0.19200326283772787
922,0.21045335133870444,0.4121641540527344,0.19490123748779298,0.21326581319173177,0.1903424326578776
923,0.18680450439453125,0.41095901489257813,0.1951864751180013,0.16589001973470052,0.17980440775553386
924,0.1884240976969401,0.40217582702636717,0.18653316497802735,0.18792166392008464,0.19282095591227214
925,0.19520703633626302,0.40175455729166665,0.20101751963297526,0.16818430582682292,0.17565486907958985
926,0.18416915893554686,0.3893538411458333,0.18615055084228516,0.17397642771402994,0.1745996348063151
927,0.19148361206054687,0.39586619059244793,0.18857322692871092,0.17260815938313803,0.20753805796305339
928,0.1933770751953125,0.3932005564371745,0.20736216227213541,0.17731480916341147,0.18218678792317708
929,0.1882376225789388,0.4065220387776693,0.1871101506551107,0.16247178395589193,0.1760143534342448
930,0.21352851867675782,0.39396484375,0.21471343994140624,0.16869265238444012,0.1747125244140625
931,0.21034886678059897,0.40527865091959636,0.20831390380859374,0.1718121337890625,0.18428911844889323
932,0.19344935099283855,0.401350580851237,0.24013565063476563,0.1665705108642578,0.18814229329427085
933,0.2550299835205078,0.3868118031819661,0.19715391794840495,0.17217992146809896,0.17979437510172527
934,0.21620582580566405,0.4004626210530599,0.20580557505289712,0.17089103698730468,0.17825572967529296
935,0.19239794413248698,0.3929324595133464,0.20655939737955728,0.1723621368408203,0.19642906188964843
936,0.19166796366373698,0.40173487345377606,0.19555980682373048,0.1773302205403646,0.20698804219563802
937,0.19544877370198568,0.39467130025227865,0.20630420684814454,0.18686787923177084,0.19877794901529947
938,0.20311773935953775,0.4027050526936849,0.2128895950317383,0.1718421173095703,0.17255289713541666
939,0.1870617421468099,0.40583361307779947,0.2225975545247396,0.16804360707600913,0.19026168823242187
940,0.2058013153076172,0.4024077351888021,0.1809107462565104,0.1781833521525065,0.168553949991862
941,0.1801950963338216,0.4016223398844401,0.19527737935384115,0.16757307688395182,0.1828924051920573
942,0.21358164469401042,0.3987010447184245,0.20074647267659504,0.16860196431477864,0.1749075444539388
943,0.18948741912841796,0.3980823262532552,0.17771405537923177,0.16064712524414063,0.176914545694987
944,0.20507640838623048,0.39700818379720054,0.21504783630371094,0.16499409993489583,0.17842908223470053
945,0.20865047454833985,0.39715845743815104,0.18478070576985678,0.19733814239501954,0.18801712036132812
946,0.19174573262532552,0.39760340372721353,0.21663586934407553,0.1729068120320638,0.16936971028645834
947,0.21796229044596355,0.4005511220296224,0.18944572448730468,0.1695883305867513,0.17906981150309245
948,0.2164647420247396,0.4216620890299479,0.1889738082885742,0.16975850423177083,0.17906078338623047
949,0.2180046590169271,0.39691490173339844,0.2250287119547526,0.17126917521158855,0.17360766092936197
950,0.20836106618245442,0.40099632263183593,0.18601426442464192,0.17358749389648437,0.1813055674235026
951,0.25581799825032553,0.4002454121907552,0.181055908203125,0.17588343302408854,0.17963475545247395
952,0.18927675882975262,0.3946139526367187,0.1876894251505534,0.16701465606689453,0.19327032725016277
953,0.18781497955322266,0.39747764587402346,0.18441527048746745,0.1791135279337565,0.17733108520507812
954,0.1951097869873047,0.40569178263346356,0.19889292399088543,0.16939465840657553,0.1863608678181966
955,0.20275349934895834,0.402415288289388,0.17003856658935546,0.17196575164794922,0.18775343577067058
956,0.18926395416259767,0.393362299601237,0.1772892379760742,0.16300755818684895,0.1791696548461914
957,0.19633506774902343,0.4224225870768229,0.19207963307698567,0.16889691670735676,0.18363277435302736
958,0.20316640218098958,0.3914747873942057,0.19242989857991535,0.1604153569539388,0.19775997161865233
959,0.21878863016764322,0.4002069854736328,0.24675811767578126,0.1990756607055664,0.17610504150390624
960,0.1907383600870768,0.39647298177083334,0.17984498341878255,0.18137893676757813,0.21366282145182292
961,0.19559867858886718,0.39641215006510416,0.2103836441040039,0.17647064208984375,0.18482168833414714
962,0.21064483642578125,0.3947550455729167,0.22290016174316407,0.17350260416666666,0.18766412099202473
963,0.20617403666178385,0.40105117797851564,0.18557084401448568,0.17619173685709635,0.17356947580973306
964,0.22274419148763022,0.4038837178548177,0.19967534383138022,0.18020974477132162,0.18202847798665364
965,0.2010281753540039,0.39855860392252607,0.19284344991048177,0.1622253163655599,0.1733293914794922
966,0.1969916534423828,0.40108614603678383,0.19299512227376303,0.1816961161295573,0.17525115966796875
967,0.17559555053710937,0.4073583475748698,0.1912427266438802,0.15999448140462239,0.18624464670817056
968,0.18477647145589193,0.39790122985839843,0.19227020263671876,0.17229647318522134,0.17116631825764975
969,0.19805484771728515,0.3983504486083984,0.23551701863606772,0.1674537150065104,0.17382781982421874
970,0.18269418080647787,0.39716603597005207,0.1844240442911784,0.17615804036458332,0.18840469360351564
971,0.18223448435465495,0.3934473419189453,0.18791449228922527,0.18873917897542317,0.2116136932373047
972,0.188813107808431,0.393487803141276,0.196475092569987,0.16554943084716797,0.18023358662923178
973,0.1864643096923828,0.41517606099446613,0.1777307891845703,0.17532822926839192,0.18043163299560547
974,0.18558096567789714,0.39491419474283856,0.1777723439534505,0.1719339116414388,0.1813469441731771
975,0.1857958221435547,0.3995165506998698,0.18035247802734375,0.17714583079020182,0.18210357666015625
976,0.1874687957763672,0.3992565409342448,0.18959962209065756,0.17827601114908853,0.19480814615885417
977,0.19072039286295572,0.42853617350260415,0.18466023763020833,0.1690200932820638,0.2055490748087565
978,0.18267873128255208,0.41849779764811196,0.19236207326253255,0.1614930852254232,0.18193522135416668
979,0.18712093353271483,0.39747141520182294,0.1794760004679362,0.17123586018880207,0.1653231938680013
980,0.21848803202311198,0.39554354349772136,0.18049185434977214,0.16979174296061197,0.19422393798828125
981,0.20452149709065756,0.39688875834147136,0.1809231694539388,0.16537370045979818,0.17564884185791016
982,0.1997900899251302,0.4087257130940755,0.2097452672322591,0.166373659769694,0.17530432383219402
983,0.18506439208984374,0.40449427286783857,0.21779800415039063,0.17325929005940754,0.17773070017496745
984,0.19258686065673827,0.3921883646647135,0.19932591756184895,0.16662404378255208,0.18537700653076172
985,0.20282400767008463,0.4013090006510417,0.1812262217203776,0.16943228403727215,0.18606964111328125
986,0.20783891042073568,0.3985627746582031,0.21536404927571615,0.17149772644042968,0.19576859792073567
987,0.19396713256835937,0.3988146464029948,0.2323626454671224,0.15945191701253256,0.18102320353190104
988,0.19590471903483073,0.40052001953125,0.20444193522135418,0.16660118103027344,0.18881776173909506
989,0.20001204172770182,0.40787267049153647,0.20157766977945962,0.17796699523925782,0.18474583943684897
990,0.21228866577148436,0.4033972422281901,0.2148102315266927,0.1724734624226888,0.17563172658284507
991,0.20262460072835287,0.4090084584554036,0.2115925089518229,0.17235638936360678,0.17872060139973958
992,0.23213961283365886,0.407894287109375,0.1728952407836914,0.17720666249593098,0.18004542032877605
993,0.1933407974243164,0.40296435038248696,0.19968466440836588,0.17893630981445313,0.17606941223144532
994,0.1895258331298828,0.3943617248535156,0.18656597137451172,0.17291346232096355,0.1888288116455078
995,0.18949073791503906,0.4044961802164714,0.17500513712565105,0.16271180470784505,0.19540107727050782
996,0.1982937749226888,0.38745051066080727,0.179605712890625,0.16528476715087892,0.17938939412434896
997,0.17668219248453776,0.4149029286702474,0.1956271489461263,0.1721117655436198,0.17358280181884767
998,0.2066696548461914,0.40436726888020835,0.20102583567301432,0.17363059997558594,0.17571423848470052
999,0.17208170572916667,0.40916603088378906,0.2067678197224935,0.17083642323811848,0.17543807983398438
